event,date,fighter1,fighter2,f1_open,f2_open,f1_close,f2_close,f1_odds,f2_odds,f1_open_ts,f2_open_ts,f1_close_ts,f2_close_ts,f1_history_points,f2_history_points,f1_books,f2_books,matchup_id,source_url
UFC 327,,Azamat Murzakanov,Paulo Costa,-230,190,-161,188,-161,188,2026-03-29T21:50:25+00:00,2026-03-29T21:50:25+00:00,2026-04-12T03:22:32+00:00,2026-04-12T03:22:32+00:00,257,257,6,6,42659,https://www.bestfightodds.com/events/ufc-327-4074
UFC 327,,Carlos Ulberg,Jiri Prochazka,-170,145,-128,362,-128,362,2026-02-28T14:40:06+00:00,2026-02-28T14:40:06+00:00,2026-04-12T03:52:31+00:00,2026-04-12T03:52:31+00:00,303,303,6,6,41921,https://www.bestfightodds.com/events/ufc-327-4074
UFC 327,,Curtis Blaydes,Josh Hokit,-160,140,189,-127,189,-127,2026-03-27T19:06:07+00:00,2026-03-27T19:06:07+00:00,2026-04-12T02:50:31+00:00,2026-04-12T02:50:31+00:00,286,286,7,7,42657,https://www.bestfightodds.com/events/ufc-327-4074
UFC 327,,Dominick Reyes,Johnny Walker,-150,130,-164,142,-164,142,2026-03-27T19:06:07+00:00,2026-03-27T19:06:07+00:00,2026-04-12T02:12:32+00:00,2026-04-12T02:12:32+00:00,249,249,7,7,42656,https://www.bestfightodds.com/events/ufc-327-4074
UFC 327,,Cub Swanson,Nate Landwehr,135,-155,-141,142,-141,142,2026-03-27T19:08:06+00:00,2026-03-27T19:08:06+00:00,2026-04-12T01:28:31+00:00,2026-04-12T01:28:31+00:00,410,410,7,7,42661,https://www.bestfightodds.com/events/ufc-327-4074
UFC 327,,Aaron Pico,Patricio Freire,-210,180,-309,831,-309,831,2026-03-27T19:06:07+00:00,2026-03-27T19:06:07+00:00,2026-04-12T00:58:32+00:00,2026-04-12T00:58:32+00:00,197,197,5,5,42660,https://www.bestfightodds.com/events/ufc-327-4074
UFC 327,,Kevin Holland,Randy Brown,109,-129,-141,468,-141,468,2026-03-27T19:08:06+00:00,2026-03-27T19:08:06+00:00,2026-04-12T00:30:32+00:00,2026-04-12T00:30:32+00:00,309,309,6,6,42663,https://www.bestfightodds.com/events/ufc-327-4074
UFC 327,,Esteban Ribovics,Mateusz Gamrot,165,-190,337,-264,337,-264,2026-03-27T19:08:06+00:00,2026-03-27T19:08:06+00:00,2026-04-11T23:46:32+00:00,2026-04-11T23:46:32+00:00,195,195,6,6,42662,https://www.bestfightodds.com/events/ufc-327-4074
UFC 327,,Lupita Godinez,Tatiana Suarez,190,-225,192,-182,192,-182,2026-03-27T19:06:07+00:00,2026-03-27T19:06:07+00:00,2026-04-11T23:18:32+00:00,2026-04-11T23:18:32+00:00,243,243,7,7,42658,https://www.bestfightodds.com/events/ufc-327-4074
UFC 327,,Chris Padilla,Marquel Mederos,-150,130,-186,690,-186,690,2026-04-02T20:54:06+00:00,2026-04-02T20:54:06+00:00,2026-04-11T22:58:32+00:00,2026-04-11T22:58:32+00:00,390,390,6,6,42726,https://www.bestfightodds.com/events/ufc-327-4074
UFC 327,,Kelvin Gastelum,Vicente Luque,-200,170,-233,201,-233,201,2026-03-27T19:08:06+00:00,2026-03-27T19:08:06+00:00,2026-04-11T22:20:31+00:00,2026-04-11T22:20:31+00:00,174,174,6,6,42664,https://www.bestfightodds.com/events/ufc-327-4074
UFC 327,,Charles Radtke,Francisco Prado,-250,210,-185,341,-185,341,2026-04-02T20:54:06+00:00,2026-04-02T20:54:06+00:00,2026-04-11T22:02:32+00:00,2026-04-11T22:02:32+00:00,265,265,6,7,42727,https://www.bestfightodds.com/events/ufc-327-4074
UFC 326,2026-03-07,Jesus Aguilar,Sumudaerji Sumudaerji,185,-215,147,-177,147,-177,2026-02-12T17:24:03+00:00,2026-02-12T17:24:03+00:00,2026-03-07T23:38:24+00:00,2026-03-07T23:38:24+00:00,80,80,5,5,41741,https://www.bestfightodds.com/events/ufc-326-4065
UFC 326,2026-03-07,Diyar Nurgozhay,Rafael Tobias,250,-300,146,-179,146,-179,2026-02-12T17:22:03+00:00,2026-02-12T17:22:03+00:00,2026-03-07T23:10:24+00:00,2026-03-07T23:10:24+00:00,69,69,5,5,41739,https://www.bestfightodds.com/events/ufc-326-4065
UFC 326,2026-03-07,Luke Fernandez,Rodolfo Bellato,-125,105,-231,187,-231,187,2026-02-12T17:24:03+00:00,2026-02-12T17:24:03+00:00,2026-03-07T22:42:05+00:00,2026-03-07T22:42:05+00:00,43,43,5,5,41744,https://www.bestfightodds.com/events/ufc-326-4065
UFC Fight Night: UFC Fight Night 206,2022-04-16,Belal Muhammad,Vicente Luque,180,-210,153,-182,153,-182,2022-03-24T03:30:11+00:00,2022-03-24T03:30:11+00:00,2022-04-17T03:28:28+00:00,2022-04-17T03:28:28+00:00,160,160,7,7,25893,https://www.bestfightodds.com/events/ufc-fight-night-ufc-fight-night-206-2412
UFC Fight Night: UFC Fight Night 206,2022-04-16,Caio Borralho,Gadzhi Omargadzhiev,130,-150,103,-125,103,-125,2022-03-24T03:32:10+00:00,2022-03-24T03:32:10+00:00,2022-04-17T02:46:28+00:00,2022-04-17T02:46:28+00:00,137,137,7,7,25856,https://www.bestfightodds.com/events/ufc-fight-night-ufc-fight-night-206-2412
UFC Fight Night: UFC Fight Night 206,2022-04-16,Andre Fialho,Miguel Baeza,120,-140,145,-175,145,-175,2022-03-24T03:32:10+00:00,2022-03-24T03:32:10+00:00,2022-04-17T02:24:28+00:00,2022-04-17T02:24:28+00:00,114,114,7,7,26599,https://www.bestfightodds.com/events/ufc-fight-night-ufc-fight-night-206-2412
UFC Fight Night: UFC Fight Night 206,2022-04-16,Mayra Bueno Silva,Yanan Wu,-110,-110,-523,382,-523,382,2022-03-24T03:30:11+00:00,2022-03-24T03:30:11+00:00,2022-04-17T01:52:28+00:00,2022-04-17T01:52:28+00:00,146,146,7,7,26122,https://www.bestfightodds.com/events/ufc-fight-night-ufc-fight-night-206-2412
UFC Fight Night: UFC Fight Night 206,2022-04-16,Pat Sabatini,T.J. Laramie,-240,205,-560,403,-560,403,2022-03-24T03:30:11+00:00,2022-03-24T03:30:11+00:00,2022-04-17T01:22:30+00:00,2022-04-17T01:22:30+00:00,151,151,7,7,26510,https://www.bestfightodds.com/events/ufc-fight-night-ufc-fight-night-206-2412
UFC Fight Night: UFC Fight Night 206,2022-04-16,Chris Barnett,Martin Buday,120,-140,228,-283,228,-283,2022-03-24T03:30:11+00:00,2022-03-24T03:30:11+00:00,2022-04-16T22:46:29+00:00,2022-04-16T22:46:29+00:00,192,192,7,7,25847,https://www.bestfightodds.com/events/ufc-fight-night-ufc-fight-night-206-2412
UFC Fight Night: UFC Fight Night 206,2022-04-16,Ange Loosa,Mounir Lazzez,210,-250,236,-225,236,-225,2022-04-12T18:36:12+00:00,2022-04-12T18:36:12+00:00,2022-04-17T01:04:33+00:00,2022-04-17T01:04:33+00:00,113,113,7,6,26824,https://www.bestfightodds.com/events/ufc-fight-night-ufc-fight-night-206-2412
UFC Fight Night: UFC Fight Night 206,2022-04-16,Devin Clark,William Knight,-150,130,-176,146,-176,146,2022-04-01T23:56:09+00:00,2022-04-01T23:56:09+00:00,2022-04-17T00:15:30+00:00,2022-04-17T00:15:30+00:00,76,76,7,7,26748,https://www.bestfightodds.com/events/ufc-fight-night-ufc-fight-night-206-2412
UFC Fight Night: UFC Fight Night 206,2022-04-16,Lina Akhtar Lansberg,Pannie Kianzad,250,-300,359,-480,359,-480,2022-03-24T03:32:10+00:00,2022-03-24T03:32:10+00:00,2022-04-16T23:48:29+00:00,2022-04-16T23:48:29+00:00,117,117,7,7,25905,https://www.bestfightodds.com/events/ufc-fight-night-ufc-fight-night-206-2412
UFC Fight Night: UFC Fight Night 206,2022-04-16,Brandon Jenkins,Drakkar Klose,220,-260,443,-631,443,-631,2022-03-24T03:32:10+00:00,2022-03-24T03:32:10+00:00,2022-04-16T23:32:29+00:00,2022-04-16T23:32:29+00:00,150,150,7,7,25803,https://www.bestfightodds.com/events/ufc-fight-night-ufc-fight-night-206-2412
UFC Fight Night: UFC Fight Night 206,2022-04-16,Jesse Ronson,Rafa Garcia,140,-160,-138,116,-138,116,2022-03-24T03:30:11+00:00,2022-03-24T03:30:11+00:00,2022-04-17T00:00:24+00:00,2022-04-17T00:00:24+00:00,156,156,7,7,25814,https://www.bestfightodds.com/events/ufc-fight-night-ufc-fight-night-206-2412
UFC Fight Night: UFC Fight Night 206,2022-04-16,Jordan Leavitt,Trey Ogden.,-155,135,117,-142,117,-142,2022-03-29T00:18:07+00:00,2022-03-29T00:18:07+00:00,2022-04-17T00:00:24+00:00,2022-04-17T00:00:24+00:00,120,120,7,7,26635,https://www.bestfightodds.com/events/ufc-fight-night-ufc-fight-night-206-2412
UFC Fight Night: UFC Fight Night 206,2022-04-16,Elizeu Zaleski Dos Santos,Mounir Lazzez,-225,190,-190,155,-190,155,2022-03-27T17:12:22+00:00,2022-03-27T17:12:22+00:00,2022-04-10T23:22:25+00:00,2022-04-10T23:22:25+00:00,3,3,1,1,26080,https://www.bestfightodds.com/events/ufc-fight-night-ufc-fight-night-206-2412
UFC Fight Night: UFC Fight Night 206,2022-04-16,Jordan Leavitt,Victor Martinez,-145,120,-145,120,-145,120,2022-03-27T17:14:23+00:00,2022-03-27T17:14:23+00:00,2022-03-27T17:14:23+00:00,2022-03-27T17:14:23+00:00,1,1,1,1,26142,https://www.bestfightodds.com/events/ufc-fight-night-ufc-fight-night-206-2412
UFC Fight Night: UFC Fight Night 206,2022-04-16,Istela Nunes,Sam Hughes,-210,180,-241,196,-241,196,2022-03-24T03:30:11+00:00,2022-03-24T03:30:11+00:00,2022-04-16T21:47:29+00:00,2022-04-16T21:47:29+00:00,91,91,7,7,26598,https://www.bestfightodds.com/events/ufc-fight-night-ufc-fight-night-206-2412
UFC Fight Night: UFC Fight Night 206,2022-04-16,Heili Alateng,Kevin Croom,-140,120,-178,149,-178,149,2022-03-24T03:32:10+00:00,2022-03-24T03:32:10+00:00,2022-04-16T21:33:29+00:00,2022-04-16T21:33:29+00:00,81,81,7,7,26461,https://www.bestfightodds.com/events/ufc-fight-night-ufc-fight-night-206-2412
UFC 324,2026-01-24,Denzel Freeman,Josh Hokit,180,-210,209,-260,209,-260,2025-12-22T12:00:02+00:00,2025-12-22T12:00:02+00:00,2026-01-24T23:36:06+00:00,2026-01-24T23:36:06+00:00,68,68,6,6,41210,https://www.bestfightodds.com/events/ufc-324-3973
UFC 324,2026-01-24,Alexander Hernandez,Michael Johnson,-215,164,-114,-106,-114,-106,2025-12-23T21:06:31+00:00,2025-12-23T21:06:31+00:00,2026-01-24T19:52:22+00:00,2026-01-24T19:52:22+00:00,63,63,5,5,41200,https://www.bestfightodds.com/events/ufc-324-3973
UFC 324,2026-01-24,Adam Fugitt,Ty Miller,250,-300,368,-487,368,-487,2025-12-28T03:30:02+00:00,2025-12-28T03:30:02+00:00,2026-01-24T23:01:30+00:00,2026-01-24T23:01:30+00:00,77,77,6,6,41238,https://www.bestfightodds.com/events/ufc-324-3973
UFC 323,2025-12-06,Antonio Trocoli,Mansur Abdul-Malik,550,-800,819,-1464,819,-1464,2025-11-24T03:10:02+00:00,2025-11-24T03:10:02+00:00,2025-12-06T23:28:23+00:00,2025-12-06T23:28:23+00:00,31,31,6,6,40844,https://www.bestfightodds.com/events/ufc-323-3951
UFC 323,2025-12-06,Mairon Santos,Muhammad Naimov,-150,130,-241,198,-241,198,2025-11-18T22:58:07+00:00,2025-11-18T22:58:07+00:00,2025-12-06T22:56:35+00:00,2025-12-06T22:56:35+00:00,53,53,6,6,40729,https://www.bestfightodds.com/events/ufc-323-3951
UFC on ESPN: Tsarukyan vs. Gamrot,2022-06-25,Arman Tsarukyan,Mateusz Gamrot,-140,120,-256,208,-256,208,2022-06-08T00:42:14+00:00,2022-06-08T00:42:14+00:00,2022-06-26T04:42:28+00:00,2022-06-26T04:42:28+00:00,152,152,7,7,27176,https://www.bestfightodds.com/events/ufc-on-espn-tsarukyan-vs-gamrot-2574
UFC on ESPN: Tsarukyan vs. Gamrot,2022-06-25,Neil Magny,Shavkat Rakhmonov,235,-275,372,-503,372,-503,2022-06-08T00:42:14+00:00,2022-06-08T00:42:14+00:00,2022-06-26T04:10:28+00:00,2022-06-26T04:10:28+00:00,139,139,7,7,26835,https://www.bestfightodds.com/events/ufc-on-espn-tsarukyan-vs-gamrot-2574
UFC on ESPN: Tsarukyan vs. Gamrot,2022-06-25,Alan Baudot,Josh Parisian,-115,-105,105,-126,105,-126,2022-06-08T00:42:14+00:00,2022-06-08T00:42:14+00:00,2022-06-26T03:41:28+00:00,2022-06-26T03:41:28+00:00,108,108,7,7,27175,https://www.bestfightodds.com/events/ufc-on-espn-tsarukyan-vs-gamrot-2574
UFC on ESPN: Tsarukyan vs. Gamrot,2022-06-25,Christos Giagos,Thiago Moises,250,-300,200,-248,200,-248,2022-06-08T00:42:14+00:00,2022-06-08T00:42:14+00:00,2022-06-26T03:21:29+00:00,2022-06-26T03:21:29+00:00,102,102,7,7,27431,https://www.bestfightodds.com/events/ufc-on-espn-tsarukyan-vs-gamrot-2574
UFC on ESPN: Tsarukyan vs. Gamrot,2022-06-25,Nate Maness,Umar Nurmagomedov,375,-500,652,-1066,652,-1066,2022-06-08T00:44:11+00:00,2022-06-08T00:44:11+00:00,2022-06-26T02:50:27+00:00,2022-06-26T02:50:27+00:00,76,76,7,7,27177,https://www.bestfightodds.com/events/ufc-on-espn-tsarukyan-vs-gamrot-2574
UFC on ESPN: Tsarukyan vs. Gamrot,2022-06-25,Chris Curtis,Rodolfo Vieira,-180,155,-120,-101,-120,-101,2022-06-08T00:42:14+00:00,2022-06-08T00:42:14+00:00,2022-06-26T02:16:29+00:00,2022-06-26T02:16:29+00:00,166,166,7,7,26833,https://www.bestfightodds.com/events/ufc-on-espn-tsarukyan-vs-gamrot-2574
UFC on ESPN: Tsarukyan vs. Gamrot,2022-06-25,Carlos Ulberg,Tafon Nchuwki,-140,120,121,-144,121,-144,2022-06-08T00:44:11+00:00,2022-06-08T00:44:11+00:00,2022-06-26T01:38:29+00:00,2022-06-26T01:38:29+00:00,144,144,7,7,27249,https://www.bestfightodds.com/events/ufc-on-espn-tsarukyan-vs-gamrot-2574
UFC on ESPN: Tsarukyan vs. Gamrot,2022-06-25,Shayilan Nuerdanbieke,T.J. Brown,210,-250,177,-217,177,-217,2022-06-08T00:42:14+00:00,2022-06-08T00:42:14+00:00,2022-06-26T01:08:28+00:00,2022-06-26T01:08:28+00:00,103,103,7,7,27378,https://www.bestfightodds.com/events/ufc-on-espn-tsarukyan-vs-gamrot-2574
UFC on ESPN: Tsarukyan vs. Gamrot,2022-06-25,Raulian Paiva,Sergey Morozov,-110,-110,134,-160,134,-160,2022-06-08T00:42:14+00:00,2022-06-08T00:42:14+00:00,2022-06-26T00:36:29+00:00,2022-06-26T00:36:29+00:00,158,158,7,7,26845,https://www.bestfightodds.com/events/ufc-on-espn-tsarukyan-vs-gamrot-2574
UFC on ESPN: Tsarukyan vs. Gamrot,2022-06-25,Cody Durden,J.P. Buys,-145,125,-104,-116,-104,-116,2022-06-08T00:42:14+00:00,2022-06-08T00:42:14+00:00,2022-06-26T00:10:29+00:00,2022-06-26T00:10:29+00:00,110,110,7,7,27042,https://www.bestfightodds.com/events/ufc-on-espn-tsarukyan-vs-gamrot-2574
UFC on ESPN: Tsarukyan vs. Gamrot,2022-06-25,Brian Kelleher,Mario Bautista,120,-140,157,-189,157,-189,2022-06-08T00:44:11+00:00,2022-06-08T00:44:11+00:00,2022-06-25T23:48:29+00:00,2022-06-25T23:48:29+00:00,86,86,7,7,27430,https://www.bestfightodds.com/events/ufc-on-espn-tsarukyan-vs-gamrot-2574
UFC on ESPN: Tsarukyan vs. Gamrot,2022-06-25,Jinh Yu Frey,Vanessa Demopoulos,-300,250,-232,189,-232,189,2022-06-08T00:42:14+00:00,2022-06-08T00:42:14+00:00,2022-06-25T23:18:29+00:00,2022-06-25T23:18:29+00:00,118,118,7,7,27444,https://www.bestfightodds.com/events/ufc-on-espn-tsarukyan-vs-gamrot-2574
UFC 322,2025-11-16,Islam Makhachev,Jack Della Maddalena,-385,275,-311,246,-311,246,2025-07-25T15:04:30+00:00,2025-07-25T15:04:30+00:00,2025-11-16T05:22:21+00:00,2025-11-16T05:22:21+00:00,128,128,6,6,39263,https://www.bestfightodds.com/events/ufc-322-3830
UFC 322,2025-11-16,Valentina Shevchenko,Zhang Weili,148,-195,-145,120,-145,120,2025-07-25T15:04:30+00:00,2025-07-25T15:04:30+00:00,2025-11-16T04:26:03+00:00,2025-11-16T04:26:03+00:00,1574,1574,6,6,39248,https://www.bestfightodds.com/events/ufc-322-3830
UFC 322,2025-11-16,Michael Morales,Sean Brady,-105,-115,120,-145,120,-145,2025-10-29T21:26:06+00:00,2025-10-29T21:26:06+00:00,2025-11-16T04:00:04+00:00,2025-11-16T04:00:04+00:00,88,88,6,6,40455,https://www.bestfightodds.com/events/ufc-322-3830
UFC 322,2025-11-16,Carlos Prates,Leon Edwards,-188,150,-165,136,-165,136,2025-09-02T13:22:33+00:00,2025-09-02T13:22:33+00:00,2025-11-16T03:36:22+00:00,2025-11-16T03:36:22+00:00,95,95,6,6,39634,https://www.bestfightodds.com/events/ufc-322-3830
UFC 322,2025-11-16,Beneil Dariush,Benoit Saint-Denis,215,-255,168,-206,168,-206,2025-10-29T21:26:06+00:00,2025-10-29T21:26:06+00:00,2025-11-16T03:16:03+00:00,2025-11-16T03:16:03+00:00,42,42,6,6,40457,https://www.bestfightodds.com/events/ufc-322-3830
UFC 322,2025-11-16,Bo Nickal,Rodolfo Vieira,-160,140,-250,201,-250,201,2025-10-29T21:26:06+00:00,2025-10-29T21:26:06+00:00,2025-11-16T01:38:36+00:00,2025-11-16T01:38:36+00:00,48,48,6,6,40456,https://www.bestfightodds.com/events/ufc-322-3830
UFC 322,2025-11-16,Gregory Rodrigues,Roman Kopylov,-129,109,-194,160,-194,160,2025-10-29T21:26:06+00:00,2025-10-29T21:26:06+00:00,2025-11-16T02:10:23+00:00,2025-11-16T02:10:23+00:00,71,71,6,6,40458,https://www.bestfightodds.com/events/ufc-322-3830
UFC 322,2025-11-16,Erin Blanchfield,Tracy Cortez,-225,190,-341,269,-341,269,2025-10-29T21:22:06+00:00,2025-10-29T21:22:06+00:00,2025-11-16T01:44:26+00:00,2025-11-16T01:44:26+00:00,109,109,6,6,40453,https://www.bestfightodds.com/events/ufc-322-3830
UFC 322,2025-11-16,Ethyn Ewing,Malcolm Wellmaker,575,-800,330,-443,330,-443,2025-11-14T00:00:09+00:00,2025-11-14T00:00:09+00:00,2025-11-16T01:12:23+00:00,2025-11-16T01:12:23+00:00,72,72,6,6,40691,https://www.bestfightodds.com/events/ufc-322-3830
UFC 322,2025-11-16,Gerald Meerschaert,Kyle Daukaus,220,-260,374,-501,374,-501,2025-10-29T21:34:06+00:00,2025-10-29T21:34:06+00:00,2025-11-16T00:50:05+00:00,2025-11-16T00:50:05+00:00,72,72,6,6,40459,https://www.bestfightodds.com/events/ufc-322-3830
UFC 322,2025-11-16,Chepe Mariscal,Pat Sabbatini,-200,170,100,-121,100,-121,2025-10-29T21:34:06+00:00,2025-10-29T21:34:06+00:00,2025-11-16T00:24:05+00:00,2025-11-16T00:24:05+00:00,77,77,6,6,40460,https://www.bestfightodds.com/events/ufc-322-3830
UFC 322,2025-11-16,Angela Hill,Fatima Kline,500,-700,394,-539,394,-539,2025-10-29T21:22:06+00:00,2025-10-29T21:22:06+00:00,2025-11-15T23:48:26+00:00,2025-11-15T23:48:26+00:00,46,46,6,6,40454,https://www.bestfightodds.com/events/ufc-322-3830
UFC 321 Odds,2025-10-25,Ciryl Gane,Tom Aspinall,295,-420,289,-353,289,-353,2025-07-25T15:04:13+00:00,2025-07-25T15:04:13+00:00,2025-10-26T03:26:03+00:00,2025-10-26T03:26:03+00:00,150,150,6,6,39233,https://www.bestfightodds.com/events/ufc-321-odds-3780
UFC 321 Odds,2025-10-25,Mackenzie Dern,Virna Jandiroba,164,-215,-144,118,-144,118,2025-10-09T14:54:26+00:00,2025-10-09T14:54:26+00:00,2025-10-25T19:48:03+00:00,2025-10-25T19:48:03+00:00,212,212,6,6,40185,https://www.bestfightodds.com/events/ufc-321-odds-3780
UFC 321 Odds,2025-10-25,Mario Bautista,Umar Nurmagomedov,300,-430,457,-629,457,-629,2025-10-09T14:54:26+00:00,2025-10-09T14:54:26+00:00,2025-10-25T17:04:04+00:00,2025-10-25T17:04:04+00:00,95,95,6,6,40184,https://www.bestfightodds.com/events/ufc-321-odds-3780
UFC 321 Odds,2025-10-25,Alexander Volkov,Jailton Almeida,210,-250,156,-190,156,-190,2025-10-10T20:48:08+00:00,2025-10-10T20:48:08+00:00,2025-10-25T18:36:16+00:00,2025-10-25T18:36:16+00:00,119,119,6,6,40195,https://www.bestfightodds.com/events/ufc-321-odds-3780
UFC 321 Odds,2025-10-25,Aleksandar Rakic,Azamat Murzakanov,115,-135,-120,100,-120,100,2025-10-12T01:22:02+00:00,2025-10-12T01:22:02+00:00,2025-10-25T18:06:12+00:00,2025-10-25T18:06:12+00:00,89,89,6,6,40196,https://www.bestfightodds.com/events/ufc-321-odds-3780
UFC 321 Odds,2025-10-25,Nasrat Haqparast,Quillan Salkilld,130,-150,103,-124,103,-124,2025-10-16T22:20:07+00:00,2025-10-16T22:20:07+00:00,2025-10-25T17:36:24+00:00,2025-10-25T17:36:24+00:00,88,88,6,6,40290,https://www.bestfightodds.com/events/ufc-321-odds-3780
UFC 321 Odds,2025-10-25,Ikram Aliskerov,Junyong Park,-350,285,-217,173,-217,173,2025-10-12T12:24:02+00:00,2025-10-12T12:24:02+00:00,2025-10-25T17:10:23+00:00,2025-10-25T17:10:23+00:00,55,55,6,6,40199,https://www.bestfightodds.com/events/ufc-321-odds-3780
UFC 321 Odds,2025-10-25,Ludovit Klein,Mateusz Rebecki,130,-150,-146,122,-146,122,2025-10-12T12:22:03+00:00,2025-10-12T12:22:03+00:00,2025-10-25T16:30:22+00:00,2025-10-25T16:30:22+00:00,100,100,6,6,40197,https://www.bestfightodds.com/events/ufc-321-odds-3780
UFC 321 Odds,2025-10-25,Louie Sutherland,Valter Walker,275,-350,304,-392,304,-392,2025-10-15T19:32:06+00:00,2025-10-15T19:32:06+00:00,2025-10-25T16:08:05+00:00,2025-10-25T16:08:05+00:00,39,39,6,6,40255,https://www.bestfightodds.com/events/ufc-321-odds-3780
UFC 321 Odds,2025-10-25,Jose Delgado,Nathaniel Wood,-105,-115,-156,128,-156,128,2025-10-12T13:52:02+00:00,2025-10-12T13:52:02+00:00,2025-10-25T15:44:24+00:00,2025-10-25T15:44:24+00:00,74,74,6,6,40209,https://www.bestfightodds.com/events/ufc-321-odds-3780
UFC 321 Odds,2025-10-25,Chris Barnett,Hamdy Abdelwahab,195,-230,348,-459,348,-459,2025-10-12T13:50:02+00:00,2025-10-12T13:50:02+00:00,2025-10-25T15:14:06+00:00,2025-10-25T15:14:06+00:00,70,70,6,6,40206,https://www.bestfightodds.com/events/ufc-321-odds-3780
UFC 321 Odds,2025-10-25,Azat Maksum,Mitch Raposo,-250,210,-510,372,-510,372,2025-10-12T13:50:02+00:00,2025-10-12T13:50:02+00:00,2025-10-25T14:44:38+00:00,2025-10-25T14:44:38+00:00,79,79,6,6,40207,https://www.bestfightodds.com/events/ufc-321-odds-3780
UFC 321 Odds,2025-10-25,Jaqueline Amorim,Mizuki Inoue,-400,330,-458,341,-458,341,2025-10-12T12:22:03+00:00,2025-10-12T12:22:03+00:00,2025-10-25T14:12:08+00:00,2025-10-25T14:12:08+00:00,37,37,6,6,40198,https://www.bestfightodds.com/events/ufc-321-odds-3780
UFC 320 Odds,2025-10-05,Alex Pereira,Magomed Ankalaev,150,-180,198,-242,198,-242,2025-04-17T00:01:10+00:00,2025-04-17T00:01:10+00:00,2025-10-05T04:38:10+00:00,2025-10-05T04:38:10+00:00,122,122,7,7,38470,https://www.bestfightodds.com/events/ufc-320-odds-3779
UFC 320 Odds,2025-10-05,Cory Sandhagen,Merab Dvalishvili,285,-385,319,-420,319,-420,2025-07-25T15:04:13+00:00,2025-07-25T15:04:13+00:00,2025-10-05T03:42:02+00:00,2025-10-05T03:42:02+00:00,117,117,6,6,39232,https://www.bestfightodds.com/events/ufc-320-odds-3779
UFC 320 Odds,2025-10-05,Jiri Prochazka,Khalil Rountree Jr.,-215,165,-194,159,-194,159,2025-07-25T15:04:13+00:00,2025-07-25T15:04:13+00:00,2025-10-05T03:04:25+00:00,2025-10-05T03:04:25+00:00,80,80,6,6,39231,https://www.bestfightodds.com/events/ufc-320-odds-3779
UFC 320 Odds,2025-10-05,Josh Emmett,Youssef Zalal,240,-350,347,-461,347,-461,2025-09-18T11:04:32+00:00,2025-09-18T11:04:32+00:00,2025-10-05T02:44:24+00:00,2025-10-05T02:44:24+00:00,58,58,6,6,39827,https://www.bestfightodds.com/events/ufc-320-odds-3779
UFC 320 Odds,2025-10-05,Abus Magomedov,Joe Pfyer,163,-225,183,-223,183,-223,2025-09-18T11:04:32+00:00,2025-09-18T11:04:32+00:00,2025-10-05T02:08:24+00:00,2025-10-05T02:08:24+00:00,61,61,6,6,39831,https://www.bestfightodds.com/events/ufc-320-odds-3779
UFC 320 Odds,2025-10-05,Ateba Gautier,Ozzy Diaz,-1000,650,-1000,650,-1000,650,2025-09-24T12:28:23+00:00,2025-09-24T12:28:23+00:00,2025-09-24T12:28:23+00:00,2025-09-24T12:28:23+00:00,1,1,1,1,39834,https://www.bestfightodds.com/events/ufc-320-odds-3779
UFC 320 Odds,2025-10-05,Ateba Gautier,Treston Vines,-1100,600,-1708,919,-1708,919,2025-10-02T18:42:19+00:00,2025-10-02T18:42:19+00:00,2025-10-05T01:34:04+00:00,2025-10-05T01:34:04+00:00,29,29,6,6,40106,https://www.bestfightodds.com/events/ufc-320-odds-3779
UFC 320 Odds,2025-10-05,Daniel Santos,Joosang Yoo,102,-130,-139,115,-139,115,2025-09-19T12:24:28+00:00,2025-09-19T12:24:28+00:00,2025-10-05T01:10:27+00:00,2025-10-05T01:10:27+00:00,109,109,6,6,39852,https://www.bestfightodds.com/events/ufc-320-odds-3779
UFC 320 Odds,2025-10-05,Jakub Wiklacz,Patchy Mix,163,-225,266,-339,266,-339,2025-09-18T11:04:32+00:00,2025-09-18T11:04:32+00:00,2025-10-05T00:36:22+00:00,2025-10-05T00:36:22+00:00,64,64,6,6,39830,https://www.bestfightodds.com/events/ufc-320-odds-3779
UFC 320 Odds,2025-10-05,Andre Muniz,Edmen Shahbazyan,175,-250,249,-315,249,-315,2025-09-18T11:04:32+00:00,2025-09-18T11:04:32+00:00,2025-10-05T00:16:25+00:00,2025-10-05T00:16:25+00:00,46,46,6,6,39832,https://www.bestfightodds.com/events/ufc-320-odds-3779
Road to UFC 4,2022-06-10,Shohei Nose,Wulijiburen,240,-300,122,-153,122,-153,2022-06-07T14:00:15+00:00,2022-06-07T14:00:15+00:00,2022-06-10T10:12:18+00:00,2022-06-10T10:12:18+00:00,20,20,1,1,27429,https://www.bestfightodds.com/events/road-to-ufc-4-2558
Road to UFC 4,2022-06-10,Asikerbai Jinensibieke,Kyung Pyo Kim,-115,-115,164,-211,164,-211,2022-06-07T14:00:15+00:00,2022-06-07T14:00:15+00:00,2022-06-10T10:00:17+00:00,2022-06-10T10:00:17+00:00,40,40,1,1,27428,https://www.bestfightodds.com/events/road-to-ufc-4-2558
Road to UFC 4,2022-06-10,Hyun Sung Park,Jeremia Siregar,-350,275,-438,323,-438,323,2022-06-07T14:00:14+00:00,2022-06-07T14:00:14+00:00,2022-06-10T09:20:20+00:00,2022-06-10T09:20:20+00:00,26,26,1,1,27426,https://www.bestfightodds.com/events/road-to-ufc-4-2558
Road to UFC 4,2022-06-10,Angga Hans,Kai Lu,-300,240,-183,152,-183,152,2022-06-07T14:00:15+00:00,2022-06-07T14:00:15+00:00,2022-06-10T09:34:17+00:00,2022-06-10T09:34:17+00:00,36,36,1,1,27427,https://www.bestfightodds.com/events/road-to-ufc-4-2558
Road to UFC 4,2022-06-10,Han Seul Kim,John Adajar,-110,-120,-452,340,-452,340,2022-06-07T14:00:14+00:00,2022-06-07T14:00:14+00:00,2022-06-10T07:04:19+00:00,2022-06-10T07:04:19+00:00,39,39,1,1,27425,https://www.bestfightodds.com/events/road-to-ufc-4-2558
Road to UFC 4,2022-06-10,Bin Xie,Jung Young Lee,-185,155,168,-218,168,-218,2022-06-07T13:38:12+00:00,2022-06-07T13:38:12+00:00,2022-06-10T06:32:20+00:00,2022-06-10T06:32:20+00:00,42,42,1,1,27424,https://www.bestfightodds.com/events/road-to-ufc-4-2558
Road to UFC 4,2022-06-10,Topnoi Kiwram,Yuma Horiuchi,220,-280,142,-176,142,-176,2022-06-07T13:38:12+00:00,2022-06-07T13:38:12+00:00,2022-06-10T04:32:36+00:00,2022-06-10T04:32:36+00:00,35,35,1,1,27423,https://www.bestfightodds.com/events/road-to-ufc-4-2558
Road to UFC 4,2022-06-10,Gugun Gusman,Rinya Nakamura,300,-400,667,-1296,667,-1296,2022-06-07T13:38:12+00:00,2022-06-07T13:38:12+00:00,2022-06-09T21:22:35+00:00,2022-06-09T21:22:35+00:00,21,21,1,1,27421,https://www.bestfightodds.com/events/road-to-ufc-4-2558
Road to UFC 4,2022-06-10,Josefine Knutsson,Ye Dam Seo,-245,195,-1631,850,-1631,850,2022-06-07T13:38:12+00:00,2022-06-07T13:38:12+00:00,2022-06-10T01:34:17+00:00,2022-06-10T01:34:17+00:00,21,21,1,1,27420,https://www.bestfightodds.com/events/road-to-ufc-4-2558
UFC 319 Odds,2025-08-16,Drakkar Klose,Edson Barboza,110,-150,-105,-116,-105,-116,2025-06-20T08:01:53+00:00,2025-06-20T08:01:53+00:00,2025-08-16T23:44:14+00:00,2025-08-16T23:44:14+00:00,60,60,6,6,39130,https://www.bestfightodds.com/events/ufc-319-odds-3767
UFC 319 Odds,2025-08-16,Dione Barbosa,Karine Silva,120,-163,172,-213,172,-213,2025-08-04T07:16:32+00:00,2025-08-04T07:16:32+00:00,2025-08-16T23:06:15+00:00,2025-08-16T23:06:15+00:00,35,35,6,6,39408,https://www.bestfightodds.com/events/ufc-319-odds-3767
UFC 319 Odds,2025-08-16,Alibi Idiris,Joseph Morales,-340,250,-500,368,-500,368,2025-08-14T19:22:31+00:00,2025-08-14T19:22:31+00:00,2025-08-16T11:32:22+00:00,2025-08-16T11:32:22+00:00,16,16,6,6,39508,https://www.bestfightodds.com/events/ufc-319-odds-3767
UFC Fight Night: Dolidze vs. Hernandez Odds,2025-08-09,Anthony Hernandez,Roman Dolideze,-350,275,-351,270,-351,270,2025-07-25T21:52:25+00:00,2025-07-25T21:52:25+00:00,2025-08-10T01:48:20+00:00,2025-08-10T01:48:20+00:00,43,43,6,6,39318,https://www.bestfightodds.com/events/ufc-fight-night-dolidze-vs-hernandez-odds-3789
UFC Fight Night: Dolidze vs. Hernandez Odds,2025-08-09,Ode Osbourne,Steve Erceg,295,-385,411,-567,411,-567,2025-08-03T04:10:24+00:00,2025-08-03T04:10:24+00:00,2025-08-10T01:06:26+00:00,2025-08-10T01:06:26+00:00,27,27,6,6,39405,https://www.bestfightodds.com/events/ufc-fight-night-dolidze-vs-hernandez-odds-3789
UFC Fight Night: Dolidze vs. Hernandez Odds,2025-08-09,Angela Hill,Iasmin Lucindo,130,-175,151,-184,151,-184,2025-07-29T09:08:32+00:00,2025-07-29T09:08:32+00:00,2025-08-10T00:44:22+00:00,2025-08-10T00:44:22+00:00,47,47,6,6,39342,https://www.bestfightodds.com/events/ufc-fight-night-dolidze-vs-hernandez-odds-3789
UFC Fight Night: Dolidze vs. Hernandez Odds,2025-08-09,Andre Fili,Christian Rodriguez,163,-200,201,-254,201,-254,2025-07-29T09:08:32+00:00,2025-07-29T09:08:32+00:00,2025-08-10T00:12:12+00:00,2025-08-10T00:12:12+00:00,42,42,6,6,39346,https://www.bestfightodds.com/events/ufc-fight-night-dolidze-vs-hernandez-odds-3789
UFC Fight Night: Dolidze vs. Hernandez Odds,2025-08-09,Jean Matsumoto,Miles Johns,-305,240,-252,203,-252,203,2025-08-03T04:10:24+00:00,2025-08-03T04:10:24+00:00,2025-08-09T23:34:13+00:00,2025-08-09T23:34:13+00:00,39,39,6,6,39406,https://www.bestfightodds.com/events/ufc-fight-night-dolidze-vs-hernandez-odds-3789
UFC Fight Night: Dolidze vs. Hernandez Odds,2025-08-09,Christian Leroy Duncan,Eryk Anders,-500,350,-516,384,-516,384,2025-07-29T09:08:32+00:00,2025-07-29T09:08:32+00:00,2025-08-09T23:10:22+00:00,2025-08-09T23:10:22+00:00,26,26,6,6,39344,https://www.bestfightodds.com/events/ufc-fight-night-dolidze-vs-hernandez-odds-3789
UFC Fight Night: Dolidze vs. Hernandez Odds,2025-08-09,Julius Walker,Raffael Cerqueira,-649,400,-720,498,-720,498,2025-07-29T09:08:32+00:00,2025-07-29T09:08:32+00:00,2025-08-09T22:30:16+00:00,2025-08-09T22:30:16+00:00,29,29,6,6,39345,https://www.bestfightodds.com/events/ufc-fight-night-dolidze-vs-hernandez-odds-3789
UFC Fight Night: Dolidze vs. Hernandez Odds,2025-08-09,Elijah Smith,Toshiomi Kazama,-500,350,-791,543,-791,543,2025-08-03T04:16:12+00:00,2025-08-03T04:16:12+00:00,2025-08-09T21:58:29+00:00,2025-08-09T21:58:29+00:00,29,29,6,6,39407,https://www.bestfightodds.com/events/ufc-fight-night-dolidze-vs-hernandez-odds-3789
UFC Fight Night: Dolidze vs. Hernandez Odds,2025-08-09,Joselyne Edwards,Priscila Cachoeira,-230,180,-418,318,-418,318,2025-07-30T18:26:27+00:00,2025-07-30T18:26:27+00:00,2025-08-09T21:40:27+00:00,2025-08-09T21:40:27+00:00,55,55,6,6,39354,https://www.bestfightodds.com/events/ufc-fight-night-dolidze-vs-hernandez-odds-3789
UFC Fight Night: Dolidze vs. Hernandez Odds,2025-08-09,Gilbert Urbina,Uros Medic,240,-300,258,-336,258,-336,2025-08-01T17:42:22+00:00,2025-08-01T17:42:22+00:00,2025-08-09T18:20:22+00:00,2025-08-09T18:20:22+00:00,49,49,6,6,39400,https://www.bestfightodds.com/events/ufc-fight-night-dolidze-vs-hernandez-odds-3789
UFC Fight Night: Dolidze vs. Hernandez Odds,2025-08-09,Gabriella Fernandes,Julija Stoliarenko,-400,275,-452,340,-452,340,2025-07-29T09:08:32+00:00,2025-07-29T09:08:32+00:00,2025-08-09T20:42:22+00:00,2025-08-09T20:42:22+00:00,27,27,6,6,39343,https://www.bestfightodds.com/events/ufc-fight-night-dolidze-vs-hernandez-odds-3789
UFC Fight Night: Dolidze vs. Hernandez Odds,2025-08-09,Cody Brundage,Eric McConico,-150,120,-223,179,-223,179,2025-08-06T00:36:32+00:00,2025-08-06T00:36:32+00:00,2025-08-09T20:12:30+00:00,2025-08-09T20:12:30+00:00,65,65,6,6,39421,https://www.bestfightodds.com/events/ufc-fight-night-dolidze-vs-hernandez-odds-3789
UFC Fight Night: Albazi vs Taira Odds,2025-08-02,Hyun Sung Park,Tatsuro Taira,265,-375,263,-342,263,-342,2025-07-29T23:36:12+00:00,2025-07-29T23:36:12+00:00,2025-08-03T02:26:32+00:00,2025-08-03T02:26:32+00:00,27,27,6,6,39353,https://www.bestfightodds.com/events/ufc-fight-night-albazi-vs-taira-odds-3777
UFC Fight Night: Albazi vs Taira Odds,2025-08-02,Chris Duncan,Mateusz Rebecki,180,-240,197,-248,197,-248,2025-07-29T23:36:12+00:00,2025-07-29T23:36:12+00:00,2025-08-03T03:12:32+00:00,2025-08-03T03:12:32+00:00,30,30,6,6,39351,https://www.bestfightodds.com/events/ufc-fight-night-albazi-vs-taira-odds-3777
UFC Fight Night: Albazi vs Taira Odds,2025-08-02,Elves Brener,Esteban Ribovics,215,-295,205,-256,205,-256,2025-07-29T23:36:12+00:00,2025-07-29T23:36:12+00:00,2025-08-03T02:38:22+00:00,2025-08-03T02:38:22+00:00,19,19,6,6,39349,https://www.bestfightodds.com/events/ufc-fight-night-albazi-vs-taira-odds-3777
UFC Fight Night: Albazi vs Taira Odds,2025-08-02,Karol Rosa,Nora Cornolle,-205,160,-155,127,-155,127,2025-07-29T23:36:12+00:00,2025-07-29T23:36:12+00:00,2025-08-03T01:08:07+00:00,2025-08-03T01:08:07+00:00,40,40,6,6,39348,https://www.bestfightodds.com/events/ufc-fight-night-albazi-vs-taira-odds-3777
UFC Fight Night: Albazi vs Taira Odds,2025-08-02,Elizeu Zaleski,Neil Magny,-220,165,-152,126,-152,126,2025-07-29T23:36:12+00:00,2025-07-29T23:36:12+00:00,2025-08-03T01:42:23+00:00,2025-08-03T01:42:23+00:00,35,35,6,6,39352,https://www.bestfightodds.com/events/ufc-fight-night-albazi-vs-taira-odds-3777
UFC Fight Night: Albazi vs Taira Odds,2025-08-02,Danny Silva,Kevin Vallejos,320,-435,316,-411,316,-411,2025-07-29T23:36:12+00:00,2025-07-29T23:36:12+00:00,2025-08-03T00:58:10+00:00,2025-08-03T00:58:10+00:00,25,25,6,6,39350,https://www.bestfightodds.com/events/ufc-fight-night-albazi-vs-taira-odds-3777
UFC Fight Night: Albazi vs Taira Odds,2025-08-02,Andrey Pulyaev,Nick Klein,-113,-113,-129,106,-129,106,2025-07-25T15:04:33+00:00,2025-07-25T15:04:33+00:00,2025-08-02T23:32:08+00:00,2025-08-02T23:32:08+00:00,51,51,6,6,39290,https://www.bestfightodds.com/events/ufc-fight-night-albazi-vs-taira-odds-3777
UFC Fight Night: Albazi vs Taira Odds,2025-08-02,Austin Bashi,John Yannis,-560,390,-964,626,-964,626,2025-07-29T21:50:12+00:00,2025-07-29T21:50:12+00:00,2025-08-02T23:16:17+00:00,2025-08-02T23:16:17+00:00,31,31,6,6,39347,https://www.bestfightodds.com/events/ufc-fight-night-albazi-vs-taira-odds-3777
UFC Fight Night: Albazi vs Taira Odds,2025-08-02,Felipe Bunes,Rafael Estevam,340,-500,497,-716,497,-716,2025-07-25T15:04:33+00:00,2025-07-25T15:04:33+00:00,2025-08-02T22:12:16+00:00,2025-08-02T22:12:16+00:00,30,30,6,6,39288,https://www.bestfightodds.com/events/ufc-fight-night-albazi-vs-taira-odds-3777
UFC Fight Night: Albazi vs Taira Odds,2025-08-02,Ketlen Souza,Piera Rodriguez,154,-200,203,-255,203,-255,2025-07-25T15:04:33+00:00,2025-07-25T15:04:33+00:00,2025-08-02T22:20:24+00:00,2025-08-02T22:20:24+00:00,47,47,6,6,39287,https://www.bestfightodds.com/events/ufc-fight-night-albazi-vs-taira-odds-3777
UFC Fight Night: Albazi vs Taira Odds,2025-08-02,Amir Albazi,Tatsuro Taira,220,-275,220,-275,220,-275,2025-08-01T17:42:22+00:00,2025-08-01T17:42:22+00:00,2025-08-01T17:42:22+00:00,2025-08-01T17:42:22+00:00,1,1,1,1,39399,https://www.bestfightodds.com/events/ufc-fight-night-albazi-vs-taira-odds-3777
UFC 316,2025-06-07,Ariane da Silva,Wang Cong,280,-360,412,-568,412,-568,2025-05-26T22:01:38+00:00,2025-05-26T22:01:38+00:00,2025-06-07T20:01:53+00:00,2025-06-07T20:01:53+00:00,25,25,3,3,38512,https://www.bestfightodds.com/events/ufc-316-3702
UFC 316,2025-06-07,Ariane Lipski,Cong Wang,250,-335,425,-607,425,-607,2025-05-02T22:01:25+00:00,2025-05-02T22:01:25+00:00,2025-06-07T20:02:03+00:00,2025-06-07T20:02:03+00:00,15,15,2,2,38627,https://www.bestfightodds.com/events/ufc-316-3702
UFC 316,2025-06-07,Jeka Saragih,Joo Sang Yoo,275,-345,412,-568,412,-568,2025-05-17T22:01:28+00:00,2025-05-17T22:01:28+00:00,2025-06-07T22:01:30+00:00,2025-06-07T22:01:30+00:00,56,56,5,5,38776,https://www.bestfightodds.com/events/ufc-316-3702
UFC 316,2025-06-07,Quillan Salkilld,Yanal Ashmouz,-305,230,-435,326,-435,326,2025-05-20T20:01:19+00:00,2025-05-20T20:01:19+00:00,2025-06-07T22:01:55+00:00,2025-06-07T22:01:55+00:00,80,80,5,5,38779,https://www.bestfightodds.com/events/ufc-316-3702
UFC 316,2025-06-07,Mark Choinski,Marquel Mederos,175,-250,131,-161,131,-161,2025-06-01T10:01:43+00:00,2025-06-01T10:01:43+00:00,2025-06-07T22:01:55+00:00,2025-06-07T22:01:55+00:00,46,46,5,5,38933,https://www.bestfightodds.com/events/ufc-316-3702
UFC 315,2025-05-10,Bruno Silva,Marc Andre Barriault,110,-150,137,-167,137,-167,2025-04-28T06:01:34+00:00,2025-04-28T06:01:34+00:00,2025-05-10T22:01:43+00:00,2025-05-10T22:01:43+00:00,53,53,5,5,38571,https://www.bestfightodds.com/events/ufc-315-3708
UFC 315,2025-05-10,Daniel Santos,Jeong Yeong Lee,-143,116,113,-136,113,-136,2025-05-04T18:01:16+00:00,2025-05-04T18:01:16+00:00,2025-05-10T22:01:44+00:00,2025-05-10T22:01:44+00:00,65,65,5,5,38641,https://www.bestfightodds.com/events/ufc-315-3708
UFC 315,2025-05-10,Bekzat Almakhan,Brad Katona,-188,140,-150,124,-150,124,2025-04-28T06:01:34+00:00,2025-04-28T06:01:34+00:00,2025-05-10T22:01:13+00:00,2025-05-10T22:01:13+00:00,61,61,5,5,38567,https://www.bestfightodds.com/events/ufc-315-3708
UFC on ABC 2: Vettori vs. Holland,2021-04-10,Kevin Holland,Marvin Vettori,188,-230,255,-320,255,-320,2021-03-31T07:31:17+00:00,2021-03-31T07:31:17+00:00,2021-04-10T21:22:28+00:00,2021-04-10T21:22:28+00:00,76,76,3,3,22432,https://www.bestfightodds.com/events/ufc-on-abc-2-vettori-vs-holland-2061
UFC on ABC 2: Vettori vs. Holland,2021-04-10,Jarjis Danho,Yorgan de Castro,205,-240,253,-321,253,-321,2021-02-18T13:28:21+00:00,2021-02-18T13:28:21+00:00,2021-04-10T17:36:28+00:00,2021-04-10T17:36:28+00:00,62,62,3,3,21745,https://www.bestfightodds.com/events/ufc-on-abc-2-vettori-vs-holland-2061
UFC on ABC 2: Vettori vs. Holland,2021-04-10,Arnold Allen,Sodiq Yusuff,100,-120,105,302,105,302,2021-02-18T13:28:21+00:00,2021-02-18T13:28:21+00:00,2021-04-10T21:07:27+00:00,2021-04-10T21:07:27+00:00,136,136,2,3,21858,https://www.bestfightodds.com/events/ufc-on-abc-2-vettori-vs-holland-2061
UFC on ABC 2: Vettori vs. Holland,2021-04-10,Mackenzie Dern,Nina Nunes,130,-150,106,-129,106,-129,2021-02-18T13:28:21+00:00,2021-02-18T13:28:21+00:00,2021-04-10T19:53:28+00:00,2021-04-10T19:53:28+00:00,149,149,3,3,21762,https://www.bestfightodds.com/events/ufc-on-abc-2-vettori-vs-holland-2061
UFC on ABC 2: Vettori vs. Holland,2021-04-10,Ignacio Bahamondes,John Makdessi,-120,100,-200,166,-200,166,2021-02-18T13:28:21+00:00,2021-02-18T13:28:21+00:00,2021-04-10T17:51:27+00:00,2021-04-10T17:51:27+00:00,71,71,3,3,21764,https://www.bestfightodds.com/events/ufc-on-abc-2-vettori-vs-holland-2061
UFC on ABC 2: Vettori vs. Holland,2021-04-10,Jordan Griffin,Luis Saldana,115,-135,113,-139,113,-139,2021-02-18T13:28:21+00:00,2021-02-18T13:28:21+00:00,2021-04-10T16:42:30+00:00,2021-04-10T16:42:30+00:00,60,60,3,3,21857,https://www.bestfightodds.com/events/ufc-on-abc-2-vettori-vs-holland-2061
UFC on ABC 2: Vettori vs. Holland,2021-04-10,Hunter Azure,Jack Shore,130,-150,153,-183,153,-183,2021-02-18T13:28:21+00:00,2021-02-18T13:28:21+00:00,2021-04-10T17:08:28+00:00,2021-04-10T17:08:28+00:00,78,78,3,3,21913,https://www.bestfightodds.com/events/ufc-on-abc-2-vettori-vs-holland-2061
UFC on ABC 2: Vettori vs. Holland,2021-04-10,Daniel Rodriguez,Mike Perry,-110,-110,-130,106,-130,106,2021-02-18T13:28:21+00:00,2021-02-18T13:28:21+00:00,2021-04-10T19:16:28+00:00,2021-04-10T19:16:28+00:00,84,84,3,3,21951,https://www.bestfightodds.com/events/ufc-on-abc-2-vettori-vs-holland-2061
UFC on ABC 2: Vettori vs. Holland,2021-04-10,Impa Kasanganay,Sasha Palatnikov,-240,205,-278,226,-278,226,2021-03-22T02:56:02+00:00,2021-03-22T02:56:02+00:00,2021-04-10T15:40:29+00:00,2021-04-10T15:40:29+00:00,50,50,3,3,22079,https://www.bestfightodds.com/events/ufc-on-abc-2-vettori-vs-holland-2061
UFC on ABC 2: Vettori vs. Holland,2021-04-10,Mateusz Gamrot,Scott Holtzman,-190,165,-241,196,-241,196,2021-03-22T02:58:02+00:00,2021-03-22T02:58:02+00:00,2021-04-10T18:17:27+00:00,2021-04-10T18:17:27+00:00,65,65,3,3,22090,https://www.bestfightodds.com/events/ufc-on-abc-2-vettori-vs-holland-2061
UFC on ABC 2: Vettori vs. Holland,2021-04-10,Jim Miller,Joe Solecki,115,-135,203,-254,203,-254,2021-03-22T02:58:02+00:00,2021-03-22T02:58:02+00:00,2021-04-10T18:40:28+00:00,2021-04-10T18:40:28+00:00,54,54,3,3,22143,https://www.bestfightodds.com/events/ufc-on-abc-2-vettori-vs-holland-2061
UFC on ABC 2: Vettori vs. Holland,2021-04-10,Julian Marquez,Sam Alvey,-125,105,-161,135,-161,135,2021-03-22T02:58:02+00:00,2021-03-22T02:58:02+00:00,2021-04-10T20:19:27+00:00,2021-04-10T20:19:27+00:00,72,72,3,3,22236,https://www.bestfightodds.com/events/ufc-on-abc-2-vettori-vs-holland-2061
UFC on ABC 2: Vettori vs. Holland,2021-04-10,Da Un Jung,William Knight,-130,-110,-141,117,-141,117,2021-03-29T00:19:27+00:00,2021-03-29T00:19:27+00:00,2021-04-10T16:10:27+00:00,2021-04-10T16:10:27+00:00,95,95,3,3,22391,https://www.bestfightodds.com/events/ufc-on-abc-2-vettori-vs-holland-2061
UFC 313,2025-03-08,Djorden Santos,Ozzy Diaz,-175,145,-194,161,-194,161,2025-02-24T23:19:26+00:00,2025-02-24T23:19:26+00:00,2025-03-09T00:01:41+00:00,2025-03-09T00:01:41+00:00,38,38,5,5,38048,https://www.bestfightodds.com/events/ufc-313-3650
UFC 313,2025-03-08,Daniel Hooker,Justin Gaethje,135,-165,135,-160,135,-160,2025-01-21T23:11:27+00:00,2025-01-21T23:11:27+00:00,2025-01-31T14:31:23+00:00,2025-01-31T14:31:23+00:00,5,5,1,1,37739,https://www.bestfightodds.com/events/ufc-313-3650
UFC 311,2025-01-18,Benardo Sopaj,Ricky Turcios,-298,240,-322,249,-322,249,2024-12-15T21:41:35+00:00,2024-12-15T21:41:35+00:00,2025-01-18T23:33:29+00:00,2025-01-18T23:33:29+00:00,169,169,6,6,37561,https://www.bestfightodds.com/events/ufc-311-3596
UFC 311,2025-01-18,Clayton Carpenter,Tagir Ulanbekov,190,-230,284,-364,284,-364,2024-12-15T21:41:35+00:00,2024-12-15T21:41:35+00:00,2025-01-18T22:59:15+00:00,2025-01-18T22:59:15+00:00,518,518,6,6,37563,https://www.bestfightodds.com/events/ufc-311-3596
UFC Fight Night: Dern vs. Rodriguez,2021-10-09,Mackenzie Dern,Marina Rodriguez,-185,160,-196,163,-196,163,2021-07-09T22:02:10+00:00,2021-07-09T22:02:10+00:00,2021-10-09T22:26:28+00:00,2021-10-09T22:26:28+00:00,208,208,7,7,23480,https://www.bestfightodds.com/events/ufc-fight-night-dern-vs-rodriguez-2173
UFC Fight Night: Dern vs. Rodriguez,2021-10-09,Chas Skelly,Mike Trizano,140,-165,140,-165,140,-165,2021-09-22T12:34:23+00:00,2021-09-22T12:34:23+00:00,2021-09-22T12:34:23+00:00,2021-09-22T12:34:23+00:00,1,1,1,1,24245,https://www.bestfightodds.com/events/ufc-fight-night-dern-vs-rodriguez-2173
UFC Fight Night: Dern vs. Rodriguez,2021-10-09,Lupita Godinez,Sam Hughes,-225,175,-225,175,-225,175,2021-10-06T18:46:23+00:00,2021-10-06T18:46:23+00:00,2021-10-06T18:46:23+00:00,2021-10-06T18:46:23+00:00,1,1,1,1,23364,https://www.bestfightodds.com/events/ufc-fight-night-dern-vs-rodriguez-2173
UFC Fight Night: Dern vs. Rodriguez,2021-10-09,Jared Gooden,Randy Brown,170,-200,222,-277,222,-277,2021-09-17T21:48:15+00:00,2021-09-17T21:48:15+00:00,2021-10-09T21:50:25+00:00,2021-10-09T21:50:25+00:00,132,132,7,7,24548,https://www.bestfightodds.com/events/ufc-fight-night-dern-vs-rodriguez-2173
UFC Fight Night: Dern vs. Rodriguez,2021-10-09,Matheus Nicolau,Tim Elliott,-155,135,-191,159,-191,159,2021-09-17T21:48:15+00:00,2021-09-17T21:48:15+00:00,2021-10-09T21:16:30+00:00,2021-10-09T21:16:30+00:00,150,150,7,7,23781,https://www.bestfightodds.com/events/ufc-fight-night-dern-vs-rodriguez-2173
UFC Fight Night: Dern vs. Rodriguez,2021-10-09,Mariya Agapova,Sabina Mazo,155,-180,157,-190,157,-190,2021-09-17T21:48:15+00:00,2021-09-17T21:48:15+00:00,2021-10-09T20:46:30+00:00,2021-10-09T20:46:30+00:00,168,168,7,7,23521,https://www.bestfightodds.com/events/ufc-fight-night-dern-vs-rodriguez-2173
UFC Fight Night: Dern vs. Rodriguez,2021-10-09,Chris Gutierrez,Felipe Colares,-250,210,-263,211,-263,211,2021-09-17T21:46:14+00:00,2021-09-17T21:46:14+00:00,2021-10-09T20:16:28+00:00,2021-10-09T20:16:28+00:00,141,141,7,7,23427,https://www.bestfightodds.com/events/ufc-fight-night-dern-vs-rodriguez-2173
UFC Fight Night: Dern vs. Rodriguez,2021-10-09,Deron Winn,Phillip Hawes,210,-275,260,-350,260,-350,2021-09-19T18:18:24+00:00,2021-09-19T18:18:24+00:00,2021-10-07T15:08:22+00:00,2021-10-07T15:08:22+00:00,3,3,1,1,23559,https://www.bestfightodds.com/events/ufc-fight-night-dern-vs-rodriguez-2173
UFC Fight Night: Dern vs. Rodriguez,2021-10-09,Chris Curtis,Phil Hawes,310,-400,310,-400,310,-400,2021-10-08T17:18:23+00:00,2021-10-08T17:18:23+00:00,2021-10-08T17:18:23+00:00,2021-10-08T17:18:23+00:00,1,1,1,1,24819,https://www.bestfightodds.com/events/ufc-fight-night-dern-vs-rodriguez-2173
UFC Fight Night: Dern vs. Rodriguez,2021-10-09,Alexander Romanov,Jared Vanderaa,-400,330,-558,402,-558,402,2021-09-17T21:46:14+00:00,2021-09-17T21:46:14+00:00,2021-10-09T19:40:28+00:00,2021-10-09T19:40:28+00:00,183,183,7,7,24547,https://www.bestfightodds.com/events/ufc-fight-night-dern-vs-rodriguez-2173
UFC Fight Night: Dern vs. Rodriguez,2021-10-09,Charles Rosa,Damon Jackson,-180,155,168,-203,168,-203,2021-09-17T21:48:15+00:00,2021-09-17T21:48:15+00:00,2021-10-09T19:05:28+00:00,2021-10-09T19:05:28+00:00,175,175,7,7,24238,https://www.bestfightodds.com/events/ufc-fight-night-dern-vs-rodriguez-2173
UFC Fight Night: Dern vs. Rodriguez,2021-10-09,Lupita Godinez,Silvana Gomez Juarez.,-190,160,-335,267,-335,267,2021-10-06T21:22:06+00:00,2021-10-06T21:22:06+00:00,2021-10-09T18:36:39+00:00,2021-10-09T18:36:39+00:00,99,99,7,7,24794,https://www.bestfightodds.com/events/ufc-fight-night-dern-vs-rodriguez-2173
UFC Fight Night: Dern vs. Rodriguez,2021-10-09,Charlie Ontiveros,Steve Garcia,250,-300,262,-338,262,-338,2021-09-17T21:48:15+00:00,2021-09-17T21:48:15+00:00,2021-10-09T18:12:53+00:00,2021-10-09T18:12:53+00:00,57,57,7,7,23997,https://www.bestfightodds.com/events/ufc-fight-night-dern-vs-rodriguez-2173
UFC 307,2024-10-05,Ovince St. Preux,Ryan Spann,260,-330,179,-220,179,-220,2024-09-20T18:49:08+00:00,2024-09-20T18:49:08+00:00,2024-10-05T23:39:52+00:00,2024-10-05T23:39:52+00:00,232,232,6,6,36519,https://www.bestfightodds.com/events/ufc-307-3449
UFC 307,2024-10-05,Carla Esparza,Tecia Pennington,-150,110,149,-181,149,-181,2024-09-20T11:34:24+00:00,2024-09-20T11:34:24+00:00,2024-10-05T23:06:33+00:00,2024-10-05T23:06:33+00:00,259,259,6,6,36518,https://www.bestfightodds.com/events/ufc-307-3449
UFC 307,2024-10-05,Court McGee,Tim Means,190,-230,168,-204,168,-204,2024-09-20T18:51:06+00:00,2024-09-20T18:51:06+00:00,2024-10-05T22:34:19+00:00,2024-10-05T22:34:19+00:00,67,67,6,6,36520,https://www.bestfightodds.com/events/ufc-307-3449
UFC 306,2024-09-14,Qileng Aori,Raul Rosas Jr.,480,-670,900,-1667,900,-1667,2024-08-27T13:44:14+00:00,2024-08-27T13:44:14+00:00,2024-09-14T19:34:14+00:00,2024-09-14T19:34:14+00:00,6,6,1,1,36166,https://www.bestfightodds.com/events/ufc-306-3399
UFC 306,2024-09-14,Aoriqileng,Raul Rosas Jr.,350,-455,640,-1000,640,-1000,2024-08-02T21:28:08+00:00,2024-08-02T21:28:08+00:00,2024-09-14T23:11:58+00:00,2024-09-14T23:11:58+00:00,294,294,4,4,35944,https://www.bestfightodds.com/events/ufc-306-3399
UFC Fight Night: Sandhagen vs. Nurmagomedov,2023-08-05,Billy Quarantillo,Damon Jackson,-175,140,-165,137,-165,137,2023-07-21T05:49:02+00:00,2023-07-21T05:49:02+00:00,2023-08-05T23:45:30+00:00,2023-08-05T23:45:30+00:00,58,58,7,7,31628,https://www.bestfightodds.com/events/ufc-fight-night-sandhagen-vs-nurmagomedov-2936
UFC Fight Night: Sandhagen vs. Nurmagomedov,2023-08-05,Cody Durden,Jake Hadley,150,-175,172,-210,172,-210,2023-07-24T13:19:03+00:00,2023-07-24T13:19:03+00:00,2023-08-05T23:10:59+00:00,2023-08-05T23:10:59+00:00,68,68,7,7,32033,https://www.bestfightodds.com/events/ufc-fight-night-sandhagen-vs-nurmagomedov-2936
UFC Fight Night: Sandhagen vs. Nurmagomedov,2023-08-05,Dennis Buzukia,Sean Woodson,152,-196,150,-182,150,-182,2023-08-03T02:14:41+00:00,2023-08-03T02:14:41+00:00,2023-08-05T22:44:51+00:00,2023-08-05T22:44:51+00:00,91,91,7,7,32229,https://www.bestfightodds.com/events/ufc-fight-night-sandhagen-vs-nurmagomedov-2936
UFC Fight Night: Sandhagen vs. Nurmagomedov,2023-08-05,Asu Almabayev,Ode' Osbourne,-150,125,-201,166,-201,166,2023-07-24T13:19:03+00:00,2023-07-24T13:19:03+00:00,2023-08-05T22:08:34+00:00,2023-08-05T22:08:34+00:00,79,79,7,7,32063,https://www.bestfightodds.com/events/ufc-fight-night-sandhagen-vs-nurmagomedov-2936
UFC Fight Night: Sandhagen vs. Nurmagomedov,2023-08-05,Jesse Butler,Sean Woodson,360,-500,360,-500,360,-500,2023-07-31T02:32:42+00:00,2023-07-31T02:32:42+00:00,2023-07-31T02:32:42+00:00,2023-07-31T02:32:42+00:00,1,1,1,1,32166,https://www.bestfightodds.com/events/ufc-fight-night-sandhagen-vs-nurmagomedov-2936
UFC Fight Night: Lemos vs. Andrade,2022-04-23,Alexandr Romanov,Chase Sherman,-1430,700,-1687,900,-1687,900,2022-04-20T21:40:27+00:00,2022-04-20T21:40:27+00:00,2022-04-24T03:10:07+00:00,2022-04-24T03:10:07+00:00,28,28,6,7,26925,https://www.bestfightodds.com/events/ufc-fight-night-lemos-vs-andrade-2435
UFC Fight Night: Lemos vs. Andrade,2022-04-23,Amanda Lemos,Jessica Andrade,170,-200,198,-241,198,-241,2022-03-29T12:32:06+00:00,2022-03-29T12:32:06+00:00,2022-04-24T02:46:28+00:00,2022-04-24T02:46:28+00:00,188,188,7,7,26624,https://www.bestfightodds.com/events/ufc-fight-night-lemos-vs-andrade-2435
UFC Fight Night: Lemos vs. Andrade,2022-04-23,Claudio Puelles,Clay Guida,-175,150,-113,-108,-113,-108,2022-03-29T12:32:06+00:00,2022-03-29T12:32:06+00:00,2022-04-24T02:24:29+00:00,2022-04-24T02:24:29+00:00,218,218,7,7,26629,https://www.bestfightodds.com/events/ufc-fight-night-lemos-vs-andrade-2435
UFC Fight Night: Lemos vs. Andrade,2022-04-23,Maycee Barber,Montana de La Rosa,-155,135,-188,156,-188,156,2022-03-29T13:04:06+00:00,2022-03-29T13:04:06+00:00,2022-04-24T01:51:28+00:00,2022-04-24T01:51:28+00:00,105,105,7,7,26631,https://www.bestfightodds.com/events/ufc-fight-night-lemos-vs-andrade-2435
UFC Fight Night: Lemos vs. Andrade,2022-04-23,Charles Jourdain,Lando Vannata,-120,100,-119,-102,-119,-102,2022-03-29T13:02:06+00:00,2022-03-29T13:02:06+00:00,2022-04-24T01:32:29+00:00,2022-04-24T01:32:29+00:00,136,136,7,7,26279,https://www.bestfightodds.com/events/ufc-fight-night-lemos-vs-andrade-2435
UFC Fight Night: Lemos vs. Andrade,2022-04-23,Jordan Wright,Marc-Andre Barriault,-140,110,166,-200,166,-200,2022-04-17T19:06:29+00:00,2022-04-17T19:06:29+00:00,2022-04-24T01:14:29+00:00,2022-04-24T01:14:29+00:00,134,134,7,7,26839,https://www.bestfightodds.com/events/ufc-fight-night-lemos-vs-andrade-2435
UFC Fight Night: Lemos vs. Andrade,2022-04-23,Dwight Grant,Sergey Khandozhko,165,-190,103,-124,103,-124,2022-03-29T13:10:07+00:00,2022-03-29T13:10:07+00:00,2022-04-24T00:38:28+00:00,2022-04-24T00:38:28+00:00,377,377,7,7,26632,https://www.bestfightodds.com/events/ufc-fight-night-lemos-vs-andrade-2435
UFC Fight Night: Lemos vs. Andrade,2022-04-23,Isaac Villanueva,Tyson Pedro,350,-450,457,-645,457,-645,2022-03-29T12:56:06+00:00,2022-03-29T12:56:06+00:00,2022-04-24T00:09:31+00:00,2022-04-24T00:09:31+00:00,118,118,7,7,26626,https://www.bestfightodds.com/events/ufc-fight-night-lemos-vs-andrade-2435
UFC Fight Night: Lemos vs. Andrade,2022-04-23,Cameron Else,Qileng Aori,190,-225,188,-236,188,-236,2022-03-31T18:16:25+00:00,2022-03-31T18:16:25+00:00,2022-04-23T23:28:15+00:00,2022-04-23T23:28:15+00:00,22,22,4,4,26694,https://www.bestfightodds.com/events/ufc-fight-night-lemos-vs-andrade-2435
UFC Fight Night: Lemos vs. Andrade,2022-04-23,Aori Qileng,Cameron Else,-160,140,-231,186,-231,186,2022-03-29T13:12:06+00:00,2022-03-29T13:12:06+00:00,2022-04-23T23:32:30+00:00,2022-04-23T23:32:30+00:00,81,81,3,3,26643,https://www.bestfightodds.com/events/ufc-fight-night-lemos-vs-andrade-2435
UFC Fight Night: Lemos vs. Andrade,2022-04-23,Evan Elder,Preston Parsons,-110,-110,129,-155,129,-155,2022-04-21T07:04:11+00:00,2022-04-21T07:04:11+00:00,2022-04-23T22:56:30+00:00,2022-04-23T22:56:30+00:00,104,104,7,7,26926,https://www.bestfightodds.com/events/ufc-fight-night-lemos-vs-andrade-2435
UFC Fight Night: Lemos vs. Andrade,2022-04-23,Marcin Prachnio,Philipe Lins,-150,130,-128,104,-128,104,2022-04-09T21:22:16+00:00,2022-04-09T21:22:16+00:00,2022-04-24T00:00:26+00:00,2022-04-24T00:00:26+00:00,117,117,7,7,26784,https://www.bestfightodds.com/events/ufc-fight-night-lemos-vs-andrade-2435
UFC Fight Night: Lemos vs. Andrade,2022-04-23,Dean Barry,Mike Jackson,-700,525,-1010,638,-1010,638,2022-03-29T13:08:07+00:00,2022-03-29T13:08:07+00:00,2022-04-23T22:09:29+00:00,2022-04-23T22:09:29+00:00,111,111,7,7,26630,https://www.bestfightodds.com/events/ufc-fight-night-lemos-vs-andrade-2435
UFC Fight Night: Lemos vs. Andrade,2022-04-23,Manel Kape,Su Mudaerji,-150,125,-200,165,-200,165,2022-03-31T18:10:24+00:00,2022-03-31T18:10:24+00:00,2022-04-19T23:56:23+00:00,2022-04-19T23:56:23+00:00,5,5,1,1,26625,https://www.bestfightodds.com/events/ufc-fight-night-lemos-vs-andrade-2435
UFC Fight Night: Lemos vs. Andrade,2022-04-23,Alexander Romanov,Tanner Boser,-500,360,-500,375,-500,375,2022-03-31T18:14:24+00:00,2022-03-31T18:14:24+00:00,2022-04-16T04:32:50+00:00,2022-04-16T04:32:50+00:00,3,3,1,1,26596,https://www.bestfightodds.com/events/ufc-fight-night-lemos-vs-andrade-2435
UFC Fight Night: Lemos vs. Andrade,2022-04-23,Louis Cosce,Preston Parsons,-175,145,-175,145,-175,145,2022-03-31T18:16:25+00:00,2022-03-31T18:16:25+00:00,2022-03-31T18:16:25+00:00,2022-03-31T18:16:25+00:00,1,1,1,1,26628,https://www.bestfightodds.com/events/ufc-fight-night-lemos-vs-andrade-2435
UFC 303,2024-06-30,Alex Pereira,Jiri Prochazka,-135,114,-149,122,-149,122,2024-06-14T02:59:42+00:00,2024-06-14T02:59:42+00:00,2024-06-30T04:45:40+00:00,2024-06-30T04:45:40+00:00,338,338,6,6,35390,https://www.bestfightodds.com/events/ufc-303-3283
UFC 303,2024-06-30,Dan Ige,Diego Lopes,175,-250,230,-291,230,-291,2024-06-30T00:46:11+00:00,2024-06-30T00:46:11+00:00,2024-06-30T04:01:47+00:00,2024-06-30T04:01:47+00:00,60,60,6,6,35532,https://www.bestfightodds.com/events/ufc-303-3283
UFC 303,2024-06-30,Brian Ortega,Diego Lopes,-125,105,139,-165,139,-165,2024-06-14T03:01:47+00:00,2024-06-14T03:01:47+00:00,2024-06-30T01:29:40+00:00,2024-06-30T01:29:40+00:00,407,407,6,6,35391,https://www.bestfightodds.com/events/ufc-303-3283
UFC 303,2024-06-30,Anthony Smith,Roman Dolidze,142,-170,119,-145,119,-145,2024-06-22T21:53:40+00:00,2024-06-22T21:53:40+00:00,2024-06-30T03:25:51+00:00,2024-06-30T03:25:51+00:00,65,65,6,6,35484,https://www.bestfightodds.com/events/ufc-303-3283
UFC 303,2024-06-30,Macy Chiasson,Mayra Bueno Silva,195,-238,-114,-107,-114,-107,2024-05-30T22:19:34+00:00,2024-05-30T22:19:34+00:00,2024-06-30T02:57:49+00:00,2024-06-30T02:57:49+00:00,326,326,6,6,35183,https://www.bestfightodds.com/events/ufc-303-3283
UFC 303,2024-06-30,Ian Machado Garry,Michael Page,-105,-115,-198,158,-198,158,2024-05-24T21:11:15+00:00,2024-05-24T21:11:15+00:00,2024-06-30T02:23:57+00:00,2024-06-30T02:23:57+00:00,549,549,6,6,35107,https://www.bestfightodds.com/events/ufc-303-3283
UFC 303,2024-06-30,Joe Pyfer,Marc-Andre Barriault,-162,136,-330,256,-330,256,2024-05-30T22:19:34+00:00,2024-05-30T22:19:34+00:00,2024-06-30T01:41:44+00:00,2024-06-30T01:41:44+00:00,2233,2233,6,6,35182,https://www.bestfightodds.com/events/ufc-303-3283
UFC 303,2024-06-30,Andre Fili,Cub Swanson,-155,130,-237,188,-237,188,2024-05-30T22:17:32+00:00,2024-05-30T22:17:32+00:00,2024-06-30T01:09:39+00:00,2024-06-30T01:09:39+00:00,87,87,6,6,35181,https://www.bestfightodds.com/events/ufc-303-3283
UFC 303,2024-06-30,Charles Jourdain,Jean Silva,-198,164,-135,113,-135,113,2024-05-30T22:23:33+00:00,2024-05-30T22:23:33+00:00,2024-06-30T00:30:18+00:00,2024-06-30T00:30:18+00:00,393,393,6,6,35188,https://www.bestfightodds.com/events/ufc-303-3283
UFC 303,2024-06-30,Payton Talbott,Yanis Ghemmouri,-298,240,-1611,880,-1611,880,2024-05-09T21:51:22+00:00,2024-05-09T21:51:22+00:00,2024-06-30T00:17:43+00:00,2024-06-30T00:17:43+00:00,320,320,6,6,34924,https://www.bestfightodds.com/events/ufc-303-3283
UFC 300,2024-04-14,Alex Pereira,Jamahal Hill,-163,130,-138,115,-138,115,2024-02-18T15:44:52+00:00,2024-02-18T15:44:52+00:00,2024-04-14T05:20:59+00:00,2024-04-14T05:20:59+00:00,541,541,7,7,34091,https://www.bestfightodds.com/events/ufc-300-3205
UFC 300,2024-04-14,Yan Xiaonan,Zhang Weili,260,-325,395,-532,395,-532,2024-01-11T21:51:16+00:00,2024-01-11T21:51:16+00:00,2024-04-14T04:22:55+00:00,2024-04-14T04:22:55+00:00,482,482,7,7,33803,https://www.bestfightodds.com/events/ufc-300-3205
UFC 300,2024-04-14,Justin Gaethje,Max Holloway,-278,225,-182,151,-182,151,2024-01-17T00:46:00+00:00,2024-01-17T00:46:00+00:00,2024-04-14T03:31:25+00:00,2024-04-14T03:31:25+00:00,960,960,7,7,33813,https://www.bestfightodds.com/events/ufc-300-3205
UFC 300,2024-04-14,Arman Tsarukyan,Charles Oliveira,100,-120,-205,170,-205,170,2024-01-08T05:38:28+00:00,2024-01-08T05:38:28+00:00,2024-04-14T02:48:53+00:00,2024-04-14T02:48:53+00:00,1020,1020,7,7,33753,https://www.bestfightodds.com/events/ufc-300-3205
UFC 300,2024-04-14,Bo Nickal,Cody Brundage,-1100,700,-1542,853,-1542,853,2023-12-22T04:08:50+00:00,2023-12-22T04:08:50+00:00,2024-04-14T01:23:08+00:00,2024-04-14T01:23:08+00:00,426,426,7,7,33708,https://www.bestfightodds.com/events/ufc-300-3205
UFC 300,2024-04-14,Aleksandar Rakic,Jiri Prochazka,-170,142,-117,-102,-117,-102,2023-12-22T04:11:53+00:00,2023-12-22T04:11:53+00:00,2024-04-14T01:37:13+00:00,2024-04-14T01:37:13+00:00,1164,1164,7,7,33709,https://www.bestfightodds.com/events/ufc-300-3205
UFC 300,2024-04-14,Aljamain Sterling,Calvin Kattar,-142,120,-188,155,-188,155,2023-12-22T04:15:53+00:00,2023-12-22T04:15:53+00:00,2024-04-14T01:07:14+00:00,2024-04-14T01:07:14+00:00,580,580,7,7,33710,https://www.bestfightodds.com/events/ufc-300-3205
UFC 300,2024-04-14,Holly Holm,Kayla Harrison,250,-310,347,-454,347,-454,2024-01-24T04:24:11+00:00,2024-01-24T04:24:11+00:00,2024-04-14T00:23:37+00:00,2024-04-14T00:23:37+00:00,404,404,7,7,33898,https://www.bestfightodds.com/events/ufc-300-3205
UFC 300,2024-04-14,Diego Lopes,Sodiq Yusuff,-180,140,-152,127,-152,127,2024-03-01T14:08:46+00:00,2024-03-01T14:08:46+00:00,2024-04-14T00:13:16+00:00,2024-04-14T00:13:16+00:00,298,298,7,7,34033,https://www.bestfightodds.com/events/ufc-300-3205
UFC 299,2024-03-10,Marlon Vera,Sean O'Malley,164,-198,216,-269,216,-269,2023-08-20T18:40:41+00:00,2023-08-20T18:40:41+00:00,2024-03-10T05:44:38+00:00,2024-03-10T05:44:38+00:00,815,815,7,7,32385,https://www.bestfightodds.com/events/ufc-299-3155
UFC 299,2024-03-10,Benoit Saint-Denis,Dustin Poirier,145,-175,-216,178,-216,178,2024-01-08T05:13:53+00:00,2024-01-08T05:13:53+00:00,2024-03-10T05:13:07+00:00,2024-03-10T05:13:07+00:00,1235,1235,7,7,33752,https://www.bestfightodds.com/events/ufc-299-3155
UFC 299,2024-03-10,Kevin Holland,Michael Page,-138,105,-136,113,-136,113,2023-12-19T12:01:13+00:00,2023-12-19T12:01:13+00:00,2024-03-10T04:35:02+00:00,2024-03-10T04:35:02+00:00,206,206,7,7,33670,https://www.bestfightodds.com/events/ufc-299-3155
UFC 299,2024-03-10,Gilbert Burns,Jack Della Maddalena,-138,105,132,-161,132,-161,2023-12-19T12:01:10+00:00,2023-12-19T12:01:10+00:00,2024-03-10T03:55:16+00:00,2024-03-10T03:55:16+00:00,789,789,7,7,33669,https://www.bestfightodds.com/events/ufc-299-3155
UFC 299,2024-03-10,Petr Yan,Song Yadong,-163,120,-167,136,-167,136,2023-12-19T12:01:11+00:00,2023-12-19T12:01:11+00:00,2024-03-10T03:13:04+00:00,2024-03-10T03:13:04+00:00,517,517,7,7,33667,https://www.bestfightodds.com/events/ufc-299-3155
UFC 299,2024-03-10,Curtis Blaydes,Jailton Almeida,-110,-120,115,-138,115,-138,2023-12-19T12:01:14+00:00,2023-12-19T12:01:14+00:00,2024-03-10T02:39:06+00:00,2024-03-10T02:39:06+00:00,888,888,7,7,33672,https://www.bestfightodds.com/events/ufc-299-3155
UFC 299,2024-03-10,Katlyn Cerminara,Maycee Barber,164,-198,151,-186,151,-186,2024-02-27T12:14:43+00:00,2024-02-27T12:14:43+00:00,2024-03-10T02:10:50+00:00,2024-03-10T02:10:50+00:00,102,102,3,3,34189,https://www.bestfightodds.com/events/ufc-299-3155
UFC 299,2024-03-10,Katlyn Chookagian,Maycee Barber,130,-175,165,-203,165,-203,2023-12-22T10:12:15+00:00,2023-12-22T10:12:15+00:00,2024-03-10T02:07:18+00:00,2024-03-10T02:07:18+00:00,29,29,5,5,33704,https://www.bestfightodds.com/events/ufc-299-3155
UFC 299,2024-03-10,Mateusz Gamrot,Rafael Dos Anjos,-192,160,-480,363,-480,363,2023-12-21T22:39:53+00:00,2023-12-21T22:39:53+00:00,2024-03-10T01:42:42+00:00,2024-03-10T01:42:42+00:00,647,647,7,7,33703,https://www.bestfightodds.com/events/ufc-299-3155
UFC 299,2024-03-10,Kyler Phillips,Pedro Munhoz,-162,136,-226,183,-226,183,2023-12-21T22:37:45+00:00,2023-12-21T22:37:45+00:00,2024-03-10T01:13:21+00:00,2024-03-10T01:13:21+00:00,296,296,7,7,33701,https://www.bestfightodds.com/events/ufc-299-3155
UFC 299,2024-03-10,Ion Cutelaba,Philipe Lins,-130,110,-141,117,-141,117,2024-03-04T22:42:33+00:00,2024-03-04T22:42:33+00:00,2024-03-10T00:37:21+00:00,2024-03-10T00:37:21+00:00,102,102,7,7,34212,https://www.bestfightodds.com/events/ufc-299-3155
UFC 299,2024-03-10,Michal Oleksiejczuk,Michel Pereira,136,-162,128,-155,128,-155,2024-01-27T01:48:09+00:00,2024-01-27T01:48:09+00:00,2024-03-10T00:11:20+00:00,2024-03-10T00:11:20+00:00,135,135,7,7,33922,https://www.bestfightodds.com/events/ufc-299-3155
UFC 299,2024-03-10,Josh Parisian,Robelis Despaigne,190,-230,299,-388,299,-388,2024-01-27T01:48:09+00:00,2024-01-27T01:48:09+00:00,2024-03-09T23:42:40+00:00,2024-03-09T23:42:40+00:00,216,216,7,7,33923,https://www.bestfightodds.com/events/ufc-299-3155
UFC 298,2024-02-18,Marcin Tybura,Tai Tuivasa,100,-128,102,-127,102,-127,2023-12-23T01:32:03+00:00,2023-12-23T01:32:03+00:00,2024-02-06T15:04:22+00:00,2024-02-06T15:04:22+00:00,12,12,5,5,33691,https://www.bestfightodds.com/events/ufc-298-3112
UFC 298,2024-02-18,Alex Volkanovski,Alexsandre Topuria,-175,130,-139,117,-139,117,2023-11-10T11:14:07+00:00,2023-11-10T11:14:07+00:00,2024-02-18T05:45:26+00:00,2024-02-18T05:45:26+00:00,1112,1112,7,7,33246,https://www.bestfightodds.com/events/ufc-298-3112
UFC 298,2024-02-18,Paulo Costa,Robert Whittaker,200,-245,176,-218,176,-218,2023-12-22T04:07:33+00:00,2023-12-22T04:07:33+00:00,2024-02-18T05:00:28+00:00,2024-02-18T05:00:28+00:00,458,458,7,7,33706,https://www.bestfightodds.com/events/ufc-298-3112
UFC 298,2024-02-18,Geoff Neal,Ian Machado Garry,163,-225,205,-258,205,-258,2023-12-19T12:01:11+00:00,2023-12-19T12:01:11+00:00,2024-02-18T04:26:31+00:00,2024-02-18T04:26:31+00:00,1146,1146,7,7,33668,https://www.bestfightodds.com/events/ufc-298-3112
UFC 298,2024-02-18,Henry Cejudo,Merab Dvalishvili,-135,114,236,-301,236,-301,2023-12-21T21:57:54+00:00,2023-12-21T21:57:54+00:00,2024-02-18T03:44:28+00:00,2024-02-18T03:44:28+00:00,863,863,7,7,33690,https://www.bestfightodds.com/events/ufc-298-3112
UFC 298,2024-02-18,Anthony Hernandez,Roman Kopylov,-180,150,-217,176,-217,176,2024-01-26T00:34:22+00:00,2024-01-26T00:34:22+00:00,2024-02-18T03:15:57+00:00,2024-02-18T03:15:57+00:00,653,653,7,7,33919,https://www.bestfightodds.com/events/ufc-298-3112
UFC 298,2024-02-18,Amanda Lemos,Mackenzie Dern,-215,164,-153,127,-153,127,2024-01-17T16:44:19+00:00,2024-01-17T16:44:19+00:00,2024-02-18T02:41:36+00:00,2024-02-18T02:41:36+00:00,360,360,7,7,33815,https://www.bestfightodds.com/events/ufc-298-3112
UFC 298,2024-02-18,Justin Tafa,Marcos Rogerio de Lima,142,-170,173,-210,173,-210,2023-12-21T22:03:53+00:00,2023-12-21T22:03:53+00:00,2024-02-18T02:08:41+00:00,2024-02-18T02:08:41+00:00,1444,1444,7,7,33695,https://www.bestfightodds.com/events/ufc-298-3112
UFC 298,2024-02-18,Carlos Vera,Rinya Nakamura,500,-700,787,-1364,787,-1364,2024-01-26T01:46:21+00:00,2024-01-26T01:46:21+00:00,2024-02-18T01:34:39+00:00,2024-02-18T01:34:39+00:00,312,312,7,7,33921,https://www.bestfightodds.com/events/ufc-298-3112
UFC 298,2024-02-18,Brendson Ribeiro,Zhang Mingyang,-115,-105,100,-121,100,-121,2023-12-21T22:01:52+00:00,2023-12-21T22:01:52+00:00,2024-02-18T01:12:36+00:00,2024-02-18T01:12:36+00:00,498,498,7,7,33694,https://www.bestfightodds.com/events/ufc-298-3112
UFC 298,2024-02-18,Danny Barlow,Josh Quinlan,-205,163,-200,163,-200,163,2024-01-18T15:54:39+00:00,2024-01-18T15:54:39+00:00,2024-02-18T00:43:39+00:00,2024-02-18T00:43:39+00:00,528,528,7,7,33854,https://www.bestfightodds.com/events/ufc-298-3112
UFC 298,2024-02-18,Oban Elliott,Val Woodburn,-175,145,-343,271,-343,271,2023-12-21T22:19:57+00:00,2023-12-21T22:19:57+00:00,2024-02-18T00:09:54+00:00,2024-02-18T00:09:54+00:00,354,354,7,7,33699,https://www.bestfightodds.com/events/ufc-298-3112
UFC 297,2024-01-21,Dricus Du Plessis,Sean Strickland,130,-163,-112,-107,-112,-107,2023-11-07T09:05:52+00:00,2023-11-07T09:05:52+00:00,2024-01-21T06:02:32+00:00,2024-01-21T06:02:32+00:00,398,398,7,7,33198,https://www.bestfightodds.com/events/ufc-297-3106
UFC 297,2024-01-21,Mayra Bueno Silva,Raquel Pennington,-125,105,-169,140,-169,140,2023-11-17T04:31:34+00:00,2023-11-17T04:31:34+00:00,2024-01-21T05:10:21+00:00,2024-01-21T05:10:21+00:00,809,809,7,7,33349,https://www.bestfightodds.com/events/ufc-297-3106
UFC 297,2024-01-21,Mike Malott,Neil Magny,-225,185,-377,297,-377,297,2023-11-17T04:35:46+00:00,2023-11-17T04:35:46+00:00,2024-01-21T04:28:24+00:00,2024-01-21T04:28:24+00:00,381,381,7,7,33354,https://www.bestfightodds.com/events/ufc-297-3106
UFC 297,2024-01-21,Chris Curtis,Marc-Andre Barriault,-120,100,-186,151,-186,151,2023-11-17T04:37:42+00:00,2023-11-17T04:37:42+00:00,2024-01-21T04:02:54+00:00,2024-01-21T04:02:54+00:00,1280,1280,7,7,33356,https://www.bestfightodds.com/events/ufc-297-3106
UFC 297,2024-01-21,Arnold Allen,Movsar Evloev,124,-148,164,-201,164,-201,2023-11-17T04:35:46+00:00,2023-11-17T04:35:46+00:00,2024-01-21T03:13:28+00:00,2024-01-21T03:13:28+00:00,566,566,7,7,33355,https://www.bestfightodds.com/events/ufc-297-3106
UFC 297,2024-01-21,Brad Katona,Garrett Armfield,-130,110,-216,178,-216,178,2023-11-17T04:37:42+00:00,2023-11-17T04:37:42+00:00,2024-01-21T02:15:30+00:00,2024-01-21T02:15:30+00:00,840,840,7,7,33357,https://www.bestfightodds.com/events/ufc-297-3106
UFC 297,2024-01-21,Charles Jourdain,Sean Woodson,105,-125,-208,170,-208,170,2023-11-17T04:35:45+00:00,2023-11-17T04:35:45+00:00,2024-01-21T02:09:34+00:00,2024-01-21T02:09:34+00:00,429,429,7,7,33351,https://www.bestfightodds.com/events/ufc-297-3106
UFC 297,2024-01-21,Ramon Taveras,Serhiy Sidey,160,-192,158,-195,158,-195,2023-11-17T04:35:46+00:00,2023-11-17T04:35:46+00:00,2024-01-21T01:40:18+00:00,2024-01-21T01:40:18+00:00,317,317,7,7,33353,https://www.bestfightodds.com/events/ufc-297-3106
UFC 297,2024-01-21,Gillian Robertson,Polyana Viana,-135,114,-307,239,-307,239,2023-11-17T04:37:42+00:00,2023-11-17T04:37:42+00:00,2024-01-21T01:10:38+00:00,2024-01-21T01:10:38+00:00,780,780,7,7,33359,https://www.bestfightodds.com/events/ufc-297-3106
UFC 297,2024-01-21,Sam Patterson,Yohan Lainesse,-120,100,120,-146,120,-146,2023-11-17T04:37:42+00:00,2023-11-17T04:37:42+00:00,2024-01-21T00:26:26+00:00,2024-01-21T00:26:26+00:00,231,231,7,7,33358,https://www.bestfightodds.com/events/ufc-297-3106
UFC 297,2024-01-21,Jasmine Jasudavicius,Priscila Cachoeira,-192,160,-413,314,-413,314,2023-12-17T21:13:59+00:00,2023-12-17T21:13:59+00:00,2024-01-20T23:54:15+00:00,2024-01-20T23:54:15+00:00,214,214,7,7,33653,https://www.bestfightodds.com/events/ufc-297-3106
UFC Fight Night: Santos vs. Walker,2021-10-02,Johnny Walker,Thiago Santos,132,-160,128,-153,128,-153,2021-05-21T14:25:39+00:00,2021-05-21T14:25:39+00:00,2021-10-03T01:02:29+00:00,2021-10-03T01:02:29+00:00,173,173,7,7,22931,https://www.bestfightodds.com/events/ufc-fight-night-santos-vs-walker-2167
UFC Fight Night: Santos vs. Walker,2021-10-02,Kevin Holland,Kyle Daukaus,-110,-110,-173,145,-173,145,2021-09-05T13:56:03+00:00,2021-09-05T13:56:03+00:00,2021-10-03T00:33:28+00:00,2021-10-03T00:33:28+00:00,160,160,7,7,24363,https://www.bestfightodds.com/events/ufc-fight-night-santos-vs-walker-2167
UFC Fight Night: Santos vs. Walker,2021-10-02,Alex Oliveira,Niko Price,-110,-110,169,-205,169,-205,2021-09-05T13:58:04+00:00,2021-09-05T13:58:04+00:00,2021-10-03T00:04:29+00:00,2021-10-03T00:04:29+00:00,171,171,7,7,24239,https://www.bestfightodds.com/events/ufc-fight-night-santos-vs-walker-2167
UFC Fight Night: Santos vs. Walker,2021-10-02,Krzysztof Jotko,Misha Cirkunov,-160,140,-132,109,-132,109,2021-09-05T13:56:03+00:00,2021-09-05T13:56:03+00:00,2021-10-02T23:34:28+00:00,2021-10-02T23:34:28+00:00,213,213,7,7,24141,https://www.bestfightodds.com/events/ufc-fight-night-santos-vs-walker-2167
UFC Fight Night: Santos vs. Walker,2021-10-02,Alex Hernandez,Mike Breeden,-300,250,-674,469,-674,469,2021-09-26T13:34:04+00:00,2021-09-26T13:34:04+00:00,2021-10-02T23:15:28+00:00,2021-10-02T23:15:28+00:00,93,93,7,7,24641,https://www.bestfightodds.com/events/ufc-fight-night-santos-vs-walker-2167
UFC Fight Night: Santos vs. Walker,2021-10-02,Jared Gordon,Joe Solecki,-105,-115,110,-133,110,-133,2021-09-05T13:56:03+00:00,2021-09-05T13:56:03+00:00,2021-10-02T22:38:28+00:00,2021-10-02T22:38:28+00:00,309,309,7,7,23257,https://www.bestfightodds.com/events/ufc-fight-night-santos-vs-walker-2167
UFC Fight Night: Santos vs. Walker,2021-10-02,Antonina Shevchenko,Casey O'Neill,250,-300,200,-244,200,-244,2021-09-05T13:58:04+00:00,2021-09-05T13:58:04+00:00,2021-10-02T22:14:28+00:00,2021-10-02T22:14:28+00:00,186,186,7,7,24274,https://www.bestfightodds.com/events/ufc-fight-night-santos-vs-walker-2167
UFC Fight Night: Santos vs. Walker,2021-10-02,Bethe Correia,Karol Rosa,235,-275,473,-681,473,-681,2021-09-05T13:56:03+00:00,2021-09-05T13:56:03+00:00,2021-10-02T21:44:30+00:00,2021-10-02T21:44:30+00:00,254,254,7,7,23331,https://www.bestfightodds.com/events/ufc-fight-night-santos-vs-walker-2167
UFC Fight Night: Santos vs. Walker,2021-10-02,Devonte Smith,Jamie Mullarkey,-110,-110,-158,132,-158,132,2021-09-05T13:58:03+00:00,2021-09-05T13:58:03+00:00,2021-10-02T21:20:29+00:00,2021-10-02T21:20:29+00:00,142,142,7,7,23643,https://www.bestfightodds.com/events/ufc-fight-night-santos-vs-walker-2167
UFC Fight Night: Santos vs. Walker,2021-10-02,Douglas Silva de Andrade,Gaetano Pirrello,-200,170,-271,218,-271,218,2021-09-05T14:02:04+00:00,2021-09-05T14:02:04+00:00,2021-10-02T20:56:28+00:00,2021-10-02T20:56:28+00:00,165,165,7,7,23461,https://www.bestfightodds.com/events/ufc-fight-night-santos-vs-walker-2167
UFC Fight Night: Santos vs. Walker,2021-10-02,Shanna Young,Stephanie Egger,-150,130,127,-153,127,-153,2021-09-26T13:34:04+00:00,2021-09-26T13:34:04+00:00,2021-10-02T20:34:28+00:00,2021-10-02T20:34:28+00:00,167,167,7,7,24554,https://www.bestfightodds.com/events/ufc-fight-night-santos-vs-walker-2167
UFC Fight Night: Santos vs. Walker,2021-10-02,Alejandro Perez,Johnny Eduardo,-200,170,-267,216,-267,216,2021-09-05T14:08:04+00:00,2021-09-05T14:08:04+00:00,2021-10-02T20:12:29+00:00,2021-10-02T20:12:29+00:00,92,92,7,7,23909,https://www.bestfightodds.com/events/ufc-fight-night-santos-vs-walker-2167
Bellator 296,2023-05-12,Fabian Edwards,Gegard Mousasi,400,-550,215,-272,215,-272,2023-05-04T11:50:43+00:00,2023-05-04T11:50:43+00:00,2023-05-12T22:00:29+00:00,2023-05-12T22:00:29+00:00,30,30,5,5,31249,https://www.bestfightodds.com/events/bellator-296-2885
Bellator 296,2023-05-12,Brent Primus,Mansour Barnaoui,160,-200,304,-401,304,-401,2023-05-05T19:31:31+00:00,2023-05-05T19:31:31+00:00,2023-05-12T21:06:48+00:00,2023-05-12T21:06:48+00:00,40,40,5,5,31265,https://www.bestfightodds.com/events/bellator-296-2885
Bellator 296,2023-05-12,Costello van Steenis,Douglas Lima,140,-170,-167,136,-167,136,2023-05-04T11:50:44+00:00,2023-05-04T11:50:44+00:00,2023-05-12T20:09:23+00:00,2023-05-12T20:09:23+00:00,34,34,5,5,31250,https://www.bestfightodds.com/events/bellator-296-2885
Bellator 296,2023-05-12,Kane Mousah,Thibault Gouti,240,-300,-105,-117,-105,-117,2023-05-05T19:31:35+00:00,2023-05-05T19:31:35+00:00,2023-05-12T20:11:12+00:00,2023-05-12T20:11:12+00:00,55,55,5,5,31266,https://www.bestfightodds.com/events/bellator-296-2885
Bellator 296,2023-05-12,Denise Kielholtz,Paula Cristina,-300,240,-225,178,-225,178,2023-05-05T19:33:51+00:00,2023-05-05T19:33:51+00:00,2023-05-12T16:54:33+00:00,2023-05-12T16:54:33+00:00,30,30,5,5,31273,https://www.bestfightodds.com/events/bellator-296-2885
Bellator 296,2023-05-12,Luca Poclit,Oliver Enkamp,160,-200,128,-158,128,-158,2023-05-05T19:33:49+00:00,2023-05-05T19:33:49+00:00,2023-05-12T19:00:42+00:00,2023-05-12T19:00:42+00:00,34,34,5,5,31272,https://www.bestfightodds.com/events/bellator-296-2885
Bellator 296,2023-05-12,Davy Gallon,Saul Rogers,120,-150,129,-159,129,-159,2023-05-05T19:31:38+00:00,2023-05-05T19:31:38+00:00,2023-05-12T18:49:27+00:00,2023-05-12T18:49:27+00:00,32,32,5,5,31268,https://www.bestfightodds.com/events/bellator-296-2885
Bellator 296,2023-05-12,Piotr Niedzielski,Yves Landu,130,-150,-105,-118,-105,-118,2023-05-07T23:56:06+00:00,2023-05-07T23:56:06+00:00,2023-05-12T18:16:13+00:00,2023-05-12T18:16:13+00:00,35,35,5,5,31305,https://www.bestfightodds.com/events/bellator-296-2885
Bellator 296,2023-05-12,Kevin Petshi,Sarvarjon Kahmidov,500,-700,391,-569,391,-569,2023-05-04T11:50:47+00:00,2023-05-04T11:50:47+00:00,2023-05-12T18:02:25+00:00,2023-05-12T18:02:25+00:00,16,16,5,5,31254,https://www.bestfightodds.com/events/bellator-296-2885
Bellator 296,2023-05-12,Chris Gonzalez,Tim Wilde,-200,160,-280,218,-280,218,2023-05-05T19:31:40+00:00,2023-05-05T19:31:40+00:00,2023-05-12T17:37:46+00:00,2023-05-12T17:37:46+00:00,21,21,5,5,31270,https://www.bestfightodds.com/events/bellator-296-2885
Bellator 296,2023-05-12,Fabacary Diatta,Keir Harvie,-800,550,-566,393,-566,393,2023-05-11T22:00:22+00:00,2023-05-11T22:00:22+00:00,2023-05-12T17:08:18+00:00,2023-05-12T17:08:18+00:00,8,8,2,2,31365,https://www.bestfightodds.com/events/bellator-296-2885
Bellator 296,2023-05-12,Asael Adjoudj,Georges Sasu,-400,300,-422,313,-422,313,2023-05-04T11:50:46+00:00,2023-05-04T11:50:46+00:00,2023-05-12T16:46:04+00:00,2023-05-12T16:46:04+00:00,13,13,5,5,31252,https://www.bestfightodds.com/events/bellator-296-2885
Bellator 296,2023-05-12,Bourama Camara,Romain Debienne,-260,200,-193,156,-193,156,2023-05-05T19:33:48+00:00,2023-05-05T19:33:48+00:00,2023-05-12T16:31:18+00:00,2023-05-12T16:31:18+00:00,30,30,5,5,31271,https://www.bestfightodds.com/events/bellator-296-2885
Bellator 296,2023-05-12,Jose Augusto,Simon Biyong,-115,-115,-114,-108,-114,-108,2023-05-05T19:31:38+00:00,2023-05-05T19:31:38+00:00,2023-05-12T16:00:46+00:00,2023-05-12T16:00:46+00:00,51,51,5,5,31269,https://www.bestfightodds.com/events/bellator-296-2885
Bellator 296,2023-05-12,Aridane Romero Rodriguez,Fabacary Diatta,320,-500,320,-500,320,-500,2023-05-08T22:06:15+00:00,2023-05-08T22:06:15+00:00,2023-05-08T22:06:15+00:00,2023-05-08T22:06:15+00:00,1,1,1,1,31251,https://www.bestfightodds.com/events/bellator-296-2885
Bellator 296,2023-05-12,Gregory Babene,Kyle Stewart,-165,140,-165,140,-165,140,2023-05-09T13:32:23+00:00,2023-05-09T13:32:23+00:00,2023-05-09T13:32:23+00:00,2023-05-09T13:32:23+00:00,1,1,1,1,31267,https://www.bestfightodds.com/events/bellator-296-2885
Bellator 296,2023-05-12,Brett Johns,Marcirley Alves,-500,360,-500,360,-500,360,2023-05-10T13:40:25+00:00,2023-05-10T13:40:25+00:00,2023-05-10T13:40:25+00:00,2023-05-10T13:40:25+00:00,1,1,1,1,31253,https://www.bestfightodds.com/events/bellator-296-2885
Bellator 296,2023-05-12,Nicolo Solli,Steven Hill,-122,-113,176,-233,176,-233,2023-05-08T22:06:15+00:00,2023-05-08T22:06:15+00:00,2023-05-11T13:37:29+00:00,2023-05-11T13:37:29+00:00,12,12,3,3,31274,https://www.bestfightodds.com/events/bellator-296-2885
UFC 295: Jones vs. Miocic,2023-11-11,Joshua van,Kevin Borjas,-250,175,-242,194,-242,194,2023-10-06T11:17:39+00:00,2023-10-06T11:17:39+00:00,2023-11-11T23:29:43+00:00,2023-11-11T23:29:43+00:00,229,229,7,7,32913,https://www.bestfightodds.com/events/ufc-295-jones-vs-miocic-2957
UFC 295: Jones vs. Miocic,2023-11-11,Dennis Buzukja,Jamall Emmers,240,-350,200,-252,200,-252,2023-10-06T11:17:39+00:00,2023-10-06T11:17:39+00:00,2023-11-11T23:19:33+00:00,2023-11-11T23:19:33+00:00,207,207,7,7,32912,https://www.bestfightodds.com/events/ufc-295-jones-vs-miocic-2957
UFC 295: Jones vs. Miocic,2023-11-11,Mateusz Rebecki,Nurullo Aliev,-185,150,-185,150,-185,150,2023-10-30T18:07:37+00:00,2023-10-30T18:07:37+00:00,2023-10-30T18:07:37+00:00,2023-10-30T18:07:37+00:00,1,1,1,1,32909,https://www.bestfightodds.com/events/ufc-295-jones-vs-miocic-2957
UFC 294,2023-10-21,Kamaru Usman,Khamzat Chimaev,-200,170,268,-320,268,-320,2021-10-30T19:38:07+00:00,2021-10-30T19:38:07+00:00,2023-10-21T19:17:32+00:00,2023-10-21T19:17:32+00:00,342,342,7,7,25083,https://www.bestfightodds.com/events/ufc-294-2908
UFC 294,2023-10-21,Charles Oliveira,Islam Makhachev,225,-275,268,-351,268,-351,2023-07-20T08:39:06+00:00,2023-07-20T08:39:06+00:00,2023-08-13T19:23:15+00:00,2023-08-13T19:23:15+00:00,6,6,1,1,32117,https://www.bestfightodds.com/events/ufc-294-2908
UFC 294,2023-10-21,Alexander Volkanovski,Islam Makhachev,215,-290,209,-257,209,-257,2023-10-11T03:25:08+00:00,2023-10-11T03:25:08+00:00,2023-10-21T19:59:52+00:00,2023-10-21T19:59:52+00:00,350,350,7,7,32952,https://www.bestfightodds.com/events/ufc-294-2908
UFC 294,2023-10-21,Johnny Walker,Magomed Ankalaev,300,-450,288,-378,288,-378,2023-09-30T07:59:32+00:00,2023-09-30T07:59:32+00:00,2023-10-21T18:57:17+00:00,2023-10-21T18:57:17+00:00,159,159,7,7,32856,https://www.bestfightodds.com/events/ufc-294-2908
UFC 294,2023-10-21,Ikram Aliskerov,Warlley Alves,-400,325,-652,463,-652,463,2023-10-11T22:57:26+00:00,2023-10-11T22:57:26+00:00,2023-10-21T18:35:44+00:00,2023-10-21T18:35:44+00:00,155,155,7,7,32960,https://www.bestfightodds.com/events/ufc-294-2908
UFC 294,2023-10-21,Muin Gafurov,Said Nurmagomedov,164,-198,254,-334,254,-334,2023-09-29T20:43:12+00:00,2023-09-29T20:43:12+00:00,2023-10-21T18:19:55+00:00,2023-10-21T18:19:55+00:00,607,607,7,7,32857,https://www.bestfightodds.com/events/ufc-294-2908
UFC 294,2023-10-21,Muhammad Mokaev,Tim Elliott,-649,400,-461,334,-461,334,2023-09-30T07:59:32+00:00,2023-09-30T07:59:32+00:00,2023-10-21T17:39:32+00:00,2023-10-21T17:39:32+00:00,266,266,7,7,32050,https://www.bestfightodds.com/events/ufc-294-2908
UFC 294,2023-10-21,Mohammad Yahya,Trevor Peek,-163,120,158,-194,158,-194,2023-09-30T07:59:31+00:00,2023-09-30T07:59:31+00:00,2023-10-21T17:11:57+00:00,2023-10-21T17:11:57+00:00,235,235,7,7,32873,https://www.bestfightodds.com/events/ufc-294-2908
UFC 294,2023-10-21,Javid Basharat,Victor Henry,-480,360,-583,415,-583,415,2023-10-04T20:12:31+00:00,2023-10-04T20:12:31+00:00,2023-10-21T16:49:24+00:00,2023-10-21T16:49:24+00:00,104,104,7,7,32879,https://www.bestfightodds.com/events/ufc-294-2908
UFC 294,2023-10-21,Abu Azaitar,Sedriques Dumas,130,-175,198,-246,198,-246,2023-09-30T07:59:32+00:00,2023-09-30T07:59:32+00:00,2023-10-21T15:57:26+00:00,2023-10-21T15:57:26+00:00,274,274,7,7,32878,https://www.bestfightodds.com/events/ufc-294-2908
UFC 294,2023-10-21,Anshul Jubli,Mike Breeden,-400,275,-274,218,-274,218,2023-09-30T07:59:32+00:00,2023-09-30T07:59:32+00:00,2023-10-21T15:48:05+00:00,2023-10-21T15:48:05+00:00,225,225,7,7,32877,https://www.bestfightodds.com/events/ufc-294-2908
UFC 294,2023-10-21,Jinh Yu Frey,Viktoriia Dudakova,200,-275,398,-543,398,-543,2023-09-30T07:59:32+00:00,2023-09-30T07:59:32+00:00,2023-10-21T22:09:31+00:00,2023-10-21T22:09:31+00:00,158,158,7,7,32876,https://www.bestfightodds.com/events/ufc-294-2908
UFC 294,2023-10-21,Muhammad Naimov,Nathaniel Wood,200,-275,262,-346,262,-346,2023-09-30T07:59:32+00:00,2023-09-30T07:59:32+00:00,2023-10-21T15:19:15+00:00,2023-10-21T15:19:15+00:00,328,328,7,7,32875,https://www.bestfightodds.com/events/ufc-294-2908
UFC 294,2023-10-21,Bruno Silva,Sharapudin Magomedov,150,-200,283,-369,283,-369,2023-09-30T07:59:31+00:00,2023-09-30T07:59:31+00:00,2023-10-21T14:13:34+00:00,2023-10-21T14:13:34+00:00,267,267,7,7,32874,https://www.bestfightodds.com/events/ufc-294-2908
UFC on ESPN: dos Anjos vs. Fiziev,2022-07-09,Rafael Dos Anjos,Rafael Fiziev,170,-200,174,-212,174,-212,2022-06-21T00:50:23+00:00,2022-06-21T00:50:23+00:00,2022-07-10T03:51:27+00:00,2022-07-10T03:51:27+00:00,119,119,7,7,27093,https://www.bestfightodds.com/events/ufc-on-espn-dos-anjos-vs-fiziev-2501
UFC on ESPN: dos Anjos vs. Fiziev,2022-07-09,Armen Petrosyan,Caio Borralho,250,-300,200,-241,200,-241,2022-06-21T00:50:23+00:00,2022-06-21T00:50:23+00:00,2022-07-10T03:17:28+00:00,2022-07-10T03:17:28+00:00,158,158,7,7,26986,https://www.bestfightodds.com/events/ufc-on-espn-dos-anjos-vs-fiziev-2501
UFC on ESPN: dos Anjos vs. Fiziev,2022-07-09,Douglas Silva de Andrade,Said Nurmagomedov,190,-225,338,-422,338,-422,2022-06-21T00:50:23+00:00,2022-06-21T00:50:23+00:00,2022-07-10T02:45:28+00:00,2022-07-10T02:45:28+00:00,148,148,7,7,27258,https://www.bestfightodds.com/events/ufc-on-espn-dos-anjos-vs-fiziev-2501
UFC on ESPN: dos Anjos vs. Fiziev,2022-07-09,Chase Sherman,Jared Vanderaa,170,-200,179,-216,179,-216,2022-06-29T19:22:13+00:00,2022-06-29T19:22:13+00:00,2022-07-10T02:14:29+00:00,2022-07-10T02:14:29+00:00,87,87,7,7,27632,https://www.bestfightodds.com/events/ufc-on-espn-dos-anjos-vs-fiziev-2501
UFC on ESPN: dos Anjos vs. Fiziev,2022-07-09,Aiemann Zahabi,Ricky Turcios,160,-185,183,-221,183,-221,2022-06-21T00:50:24+00:00,2022-06-21T00:50:24+00:00,2022-07-10T01:45:29+00:00,2022-07-10T01:45:29+00:00,97,97,7,7,27267,https://www.bestfightodds.com/events/ufc-on-espn-dos-anjos-vs-fiziev-2501
UFC on ESPN: dos Anjos vs. Fiziev,2022-07-09,Jamie Mullarkey,Michael Johnson,130,-150,-231,186,-231,186,2022-06-29T19:22:13+00:00,2022-06-29T19:22:13+00:00,2022-07-10T01:14:29+00:00,2022-07-10T01:14:29+00:00,109,109,7,7,27674,https://www.bestfightodds.com/events/ufc-on-espn-dos-anjos-vs-fiziev-2501
UFC on ESPN: dos Anjos vs. Fiziev,2022-07-09,Cody Brundage.,Tresean Gore,-115,-105,128,-151,128,-151,2022-06-21T00:50:24+00:00,2022-06-21T00:50:24+00:00,2022-07-10T00:37:28+00:00,2022-07-10T00:37:28+00:00,132,132,7,7,27255,https://www.bestfightodds.com/events/ufc-on-espn-dos-anjos-vs-fiziev-2501
UFC on ESPN: dos Anjos vs. Fiziev,2022-07-09,Cynthia Calvillo,Nina Nunes,-175,145,-154,127,-154,127,2022-06-23T19:35:29+00:00,2022-06-23T19:35:29+00:00,2022-07-09T18:11:28+00:00,2022-07-09T18:11:28+00:00,50,50,6,6,27254,https://www.bestfightodds.com/events/ufc-on-espn-dos-anjos-vs-fiziev-2501
UFC on ESPN: dos Anjos vs. Fiziev,2022-07-09,Antonina Shevchenko,Cortney Casey,-160,140,-181,152,-181,152,2022-06-21T00:50:23+00:00,2022-06-21T00:50:23+00:00,2022-07-10T00:08:29+00:00,2022-07-10T00:08:29+00:00,79,79,7,7,27256,https://www.bestfightodds.com/events/ufc-on-espn-dos-anjos-vs-fiziev-2501
UFC on ESPN: dos Anjos vs. Fiziev,2022-07-09,David Onama,Garrett Armfield,-500,385,-825,557,-825,557,2022-07-06T18:58:13+00:00,2022-07-06T18:58:13+00:00,2022-07-09T23:39:27+00:00,2022-07-09T23:39:27+00:00,52,52,7,7,27726,https://www.bestfightodds.com/events/ufc-on-espn-dos-anjos-vs-fiziev-2501
UFC on ESPN: dos Anjos vs. Fiziev,2022-07-09,Austin Lingo,David Onama,225,-278,225,-276,225,-276,2022-06-26T13:16:47+00:00,2022-06-26T13:16:47+00:00,2022-07-03T05:52:23+00:00,2022-07-03T05:52:23+00:00,4,4,1,1,27262,https://www.bestfightodds.com/events/ufc-on-espn-dos-anjos-vs-fiziev-2501
UFC on ESPN: dos Anjos vs. Fiziev,2022-07-09,Karl Roberson,Kennedy Nzechukwu,105,-125,130,-153,130,-153,2022-06-21T00:50:24+00:00,2022-06-21T00:50:24+00:00,2022-07-09T23:10:29+00:00,2022-07-09T23:10:29+00:00,174,174,7,7,27379,https://www.bestfightodds.com/events/ufc-on-espn-dos-anjos-vs-fiziev-2501
UFC on ESPN: dos Anjos vs. Fiziev,2022-07-09,Ronnie Lawrence,Saidyokub Kakhramonov,-160,140,-124,102,-124,102,2022-06-21T00:50:23+00:00,2022-06-21T00:50:23+00:00,2022-07-09T22:42:31+00:00,2022-07-09T22:42:31+00:00,170,170,7,7,27253,https://www.bestfightodds.com/events/ufc-on-espn-dos-anjos-vs-fiziev-2501
UFC Fight Night: Grasso vs. Shevchenko 2,2023-09-16,Alex Reyes,Charlie Campbell,240,-350,386,-517,386,-517,2023-09-10T13:15:19+00:00,2023-09-10T13:15:19+00:00,2023-09-16T23:11:01+00:00,2023-09-16T23:11:01+00:00,86,86,7,7,32638,https://www.bestfightodds.com/events/ufc-fight-night-grasso-vs-shevchenko-2-2951
UFC Fight Night: Grasso vs. Shevchenko 2,2023-09-16,Josefine Knutsson,Marnic Mann,-425,330,-742,515,-742,515,2023-09-09T20:26:54+00:00,2023-09-09T20:26:54+00:00,2023-09-16T23:05:41+00:00,2023-09-16T23:05:41+00:00,196,196,7,7,32621,https://www.bestfightodds.com/events/ufc-fight-night-grasso-vs-shevchenko-2-2951
UFC Fight Night: Grasso vs. Shevchenko 2,2023-09-16,Alex Reyes,Natan Levy,280,-375,280,-375,280,-375,2023-09-06T19:53:06+00:00,2023-09-06T19:53:06+00:00,2023-09-06T19:53:06+00:00,2023-09-06T19:53:06+00:00,1,1,1,1,32518,https://www.bestfightodds.com/events/ufc-fight-night-grasso-vs-shevchenko-2-2951
UFC Fight Night: Grasso vs. Shevchenko 2,2023-09-16,Iasmin Lucindo,Josefine Knutsson,-210,175,-210,175,-210,175,2023-09-06T19:55:07+00:00,2023-09-06T19:55:07+00:00,2023-09-06T19:55:07+00:00,2023-09-06T19:55:07+00:00,1,1,1,1,32527,https://www.bestfightodds.com/events/ufc-fight-night-grasso-vs-shevchenko-2-2951
UFC 293,2023-09-10,Israel Adesanya,Sean Strickland,-430,300,-630,459,-630,459,2023-08-08T23:58:46+00:00,2023-08-08T23:58:46+00:00,2023-09-10T03:56:54+00:00,2023-09-10T03:56:54+00:00,239,239,7,7,32299,https://www.bestfightodds.com/events/ufc-293-2925
UFC 293,2023-09-10,Alexander Volkov,Tai Tuivasa,-188,140,-231,184,-231,184,2023-08-24T07:29:12+00:00,2023-08-24T07:29:12+00:00,2023-09-10T03:29:24+00:00,2023-09-10T03:29:24+00:00,291,291,7,7,31985,https://www.bestfightodds.com/events/ufc-293-2925
UFC 293,2023-09-10,Felipe Dos Santos,Manel Kape,290,-375,323,-430,323,-430,2023-08-29T02:26:52+00:00,2023-08-29T02:26:52+00:00,2023-09-10T02:42:59+00:00,2023-09-10T02:42:59+00:00,203,203,7,7,32479,https://www.bestfightodds.com/events/ufc-293-2925
UFC 293,2023-09-10,Austen Lane,Justin Tafa,163,-225,165,-203,165,-203,2023-08-24T07:29:12+00:00,2023-08-24T07:29:12+00:00,2023-09-10T02:37:26+00:00,2023-09-10T02:37:26+00:00,258,258,7,7,32420,https://www.bestfightodds.com/events/ufc-293-2925
UFC 293,2023-09-10,Anton Turkalj,Tyson Pedro,-105,-125,-122,102,-122,102,2023-08-24T07:29:12+00:00,2023-08-24T07:29:12+00:00,2023-09-10T02:21:01+00:00,2023-09-10T02:21:01+00:00,197,197,7,7,32421,https://www.bestfightodds.com/events/ufc-293-2925
UFC 293,2023-09-10,Carlos Ulberg,Da Woon Jung,-275,200,-312,246,-312,246,2023-08-24T07:29:11+00:00,2023-08-24T07:29:11+00:00,2023-09-10T01:37:04+00:00,2023-09-10T01:37:04+00:00,311,311,5,5,32419,https://www.bestfightodds.com/events/ufc-293-2925
UFC 293,2023-09-10,Carlos Ulberg,Da Un Jung,-295,225,-314,243,-314,243,2023-08-27T15:50:48+00:00,2023-08-27T15:50:48+00:00,2023-09-08T21:18:57+00:00,2023-09-08T21:18:57+00:00,17,17,2,2,31773,https://www.bestfightodds.com/events/ufc-293-2925
UFC 293,2023-09-10,Jack Jenkins,Jose Mariscal,-205,170,-209,169,-209,169,2023-08-24T20:56:56+00:00,2023-08-24T20:56:56+00:00,2023-09-10T01:00:52+00:00,2023-09-10T01:00:52+00:00,150,150,4,4,32423,https://www.bestfightodds.com/events/ufc-293-2925
UFC 293,2023-09-10,Chepe Mariscal,Jack Jenkins,163,-225,179,-216,179,-216,2023-08-24T07:29:12+00:00,2023-08-24T07:29:12+00:00,2023-09-10T01:09:28+00:00,2023-09-10T01:09:28+00:00,21,21,3,3,32032,https://www.bestfightodds.com/events/ufc-293-2925
UFC 293,2023-09-10,Jamie Mullarkey,John Makdessi,-188,140,-290,231,-290,231,2023-08-24T07:29:11+00:00,2023-08-24T07:29:11+00:00,2023-09-10T00:43:19+00:00,2023-09-10T00:43:19+00:00,275,275,7,7,32418,https://www.bestfightodds.com/events/ufc-293-2925
UFC 293,2023-09-10,Landon Quinones,Nasrat Haqparast,240,-350,368,-499,368,-499,2023-08-27T13:51:09+00:00,2023-08-27T13:51:09+00:00,2023-09-10T00:11:04+00:00,2023-09-10T00:11:04+00:00,190,190,7,7,32478,https://www.bestfightodds.com/events/ufc-293-2925
UFC Fight Night 186: Rozenstruik vs. Gane,2021-02-27,Ciryl Gane,Jairzinho Rozenstruik,-300,250,-237,196,-237,196,2021-01-15T01:42:16+00:00,2021-01-15T01:42:16+00:00,2021-02-28T03:36:06+00:00,2021-02-28T03:36:06+00:00,66,66,3,3,21735,https://www.bestfightodds.com/events/ufc-fight-night-186-rozenstruik-vs-gane-2039
UFC Fight Night 186: Rozenstruik vs. Gane,2021-02-27,Magomed Ankalaev,Nikita Krylov,-240,205,-317,254,-317,254,2021-01-27T02:42:12+00:00,2021-01-27T02:42:12+00:00,2021-02-28T03:02:07+00:00,2021-02-28T03:02:07+00:00,73,73,3,3,21759,https://www.bestfightodds.com/events/ufc-fight-night-186-rozenstruik-vs-gane-2039
UFC Fight Night 186: Rozenstruik vs. Gane,2021-02-27,Mayra Bueno Silva,Montana de La Rosa,-145,125,-104,-119,-104,-119,2021-01-27T02:42:12+00:00,2021-01-27T02:42:12+00:00,2021-02-28T02:26:06+00:00,2021-02-28T02:26:06+00:00,102,102,3,3,21758,https://www.bestfightodds.com/events/ufc-fight-night-186-rozenstruik-vs-gane-2039
UFC Fight Night 186: Rozenstruik vs. Gane,2021-02-27,Jimmie Rivera,Pedro Munhoz,-150,130,-140,116,-140,116,2021-02-17T10:22:17+00:00,2021-02-17T10:22:17+00:00,2021-02-28T01:54:04+00:00,2021-02-28T01:54:04+00:00,48,48,3,3,21950,https://www.bestfightodds.com/events/ufc-fight-night-186-rozenstruik-vs-gane-2039
UFC Fight Night 186: Rozenstruik vs. Gane,2021-02-27,Alex Caceres,Kevin Croom,-300,250,-166,140,-166,140,2021-01-27T02:42:12+00:00,2021-01-27T02:42:12+00:00,2021-02-28T01:14:06+00:00,2021-02-28T01:14:06+00:00,76,76,3,3,21670,https://www.bestfightodds.com/events/ufc-fight-night-186-rozenstruik-vs-gane-2039
UFC Fight Night 186: Rozenstruik vs. Gane,2021-02-27,Alexander Hernandez,Thiago Moises,-140,120,-222,181,-222,181,2021-01-27T02:42:12+00:00,2021-01-27T02:42:12+00:00,2021-02-28T00:42:07+00:00,2021-02-28T00:42:07+00:00,68,68,3,3,21760,https://www.bestfightodds.com/events/ufc-fight-night-186-rozenstruik-vs-gane-2039
UFC Fight Night 186: Rozenstruik vs. Gane,2021-02-27,Alexis Davis,Sabina Mazo,205,-240,179,-219,179,-219,2021-01-27T02:42:12+00:00,2021-01-27T02:42:12+00:00,2021-02-28T00:10:07+00:00,2021-02-28T00:10:07+00:00,74,74,3,3,21524,https://www.bestfightodds.com/events/ufc-fight-night-186-rozenstruik-vs-gane-2039
UFC Fight Night 186: Rozenstruik vs. Gane,2021-02-27,Ronnie Lawrence,Vince Cachero,-140,120,-176,148,-176,148,2021-01-27T02:42:12+00:00,2021-01-27T02:42:12+00:00,2021-02-27T23:46:07+00:00,2021-02-27T23:46:07+00:00,64,64,3,3,21761,https://www.bestfightodds.com/events/ufc-fight-night-186-rozenstruik-vs-gane-2039
UFC Fight Night 186: Rozenstruik vs. Gane,2021-02-27,Dustin Jacoby,Maxim Grishin,-210,180,-167,141,-167,141,2021-01-27T07:04:33+00:00,2021-01-27T07:04:33+00:00,2021-02-27T23:14:03+00:00,2021-02-27T23:14:03+00:00,77,77,3,3,21804,https://www.bestfightodds.com/events/ufc-fight-night-186-rozenstruik-vs-gane-2039
UFC on ESPN: Holloway vs. The Korean Zombie,2023-08-26,Chan Sung Jung,Max Holloway,500,-704,519,-749,519,-749,2023-06-30T16:59:04+00:00,2023-06-30T16:59:04+00:00,2023-08-26T13:47:16+00:00,2023-08-26T13:47:16+00:00,79,79,7,7,31954,https://www.bestfightodds.com/events/ufc-on-espn-holloway-vs-the-korean-zombie-2935
UFC on ESPN: Holloway vs. The Korean Zombie,2023-08-26,Anthony Smith,Ryan Spann,110,-138,108,-131,108,-131,2023-08-10T10:17:15+00:00,2023-08-10T10:17:15+00:00,2023-08-26T14:18:43+00:00,2023-08-26T14:18:43+00:00,206,206,7,7,32302,https://www.bestfightodds.com/events/ufc-on-espn-holloway-vs-the-korean-zombie-2935
UFC on ESPN: Holloway vs. The Korean Zombie,2023-08-26,Alex Caceres,Giga Chikadze,150,-180,202,-249,202,-249,2023-08-08T12:06:37+00:00,2023-08-08T12:06:37+00:00,2023-08-26T13:42:49+00:00,2023-08-26T13:42:49+00:00,146,146,7,7,32298,https://www.bestfightodds.com/events/ufc-on-espn-holloway-vs-the-korean-zombie-2935
UFC on ESPN: Holloway vs. The Korean Zombie,2023-08-26,Fernie Garcia,Rinya Nakamura,450,-602,617,-954,617,-954,2023-08-10T10:19:16+00:00,2023-08-10T10:19:16+00:00,2023-08-26T13:07:03+00:00,2023-08-26T13:07:03+00:00,37,37,7,7,31783,https://www.bestfightodds.com/events/ufc-on-espn-holloway-vs-the-korean-zombie-2935
UFC on ESPN: Holloway vs. The Korean Zombie,2023-08-26,Erin Blanchfield,Taila Santos,-142,120,-160,132,-160,132,2023-08-08T12:24:43+00:00,2023-08-08T12:24:43+00:00,2023-08-26T12:34:49+00:00,2023-08-26T12:34:49+00:00,147,147,7,7,31886,https://www.bestfightodds.com/events/ufc-on-espn-holloway-vs-the-korean-zombie-2935
UFC on ESPN: Holloway vs. The Korean Zombie,2023-08-26,Justin Tafa,Parker Porter,-125,100,-156,128,-156,128,2023-08-10T10:21:17+00:00,2023-08-10T10:21:17+00:00,2023-08-26T12:15:16+00:00,2023-08-26T12:15:16+00:00,129,129,7,7,32055,https://www.bestfightodds.com/events/ufc-on-espn-holloway-vs-the-korean-zombie-2935
UFC on ESPN: Holloway vs. The Korean Zombie,2023-08-26,Rukasz Brzeski,Waldo Cortes-Acosta,250,-333,180,-222,180,-222,2023-08-12T09:13:20+00:00,2023-08-12T09:13:20+00:00,2023-08-26T11:37:21+00:00,2023-08-26T11:37:21+00:00,124,124,7,7,31784,https://www.bestfightodds.com/events/ufc-on-espn-holloway-vs-the-korean-zombie-2935
UFC on ESPN: Holloway vs. The Korean Zombie,2023-08-26,Garrett Armfield,Toshiomi Kazama,-175,150,-165,136,-165,136,2023-08-12T09:11:21+00:00,2023-08-12T09:11:21+00:00,2023-08-26T11:12:54+00:00,2023-08-26T11:12:54+00:00,86,86,7,7,32316,https://www.bestfightodds.com/events/ufc-on-espn-holloway-vs-the-korean-zombie-2935
UFC on ESPN: Holloway vs. The Korean Zombie,2023-08-26,Chidi Njokuani,Michar Oleksiejczuk,100,-125,104,-127,104,-127,2023-08-12T09:09:21+00:00,2023-08-12T09:09:21+00:00,2023-08-26T10:55:23+00:00,2023-08-26T10:55:23+00:00,115,115,7,7,31917,https://www.bestfightodds.com/events/ufc-on-espn-holloway-vs-the-korean-zombie-2935
UFC on ESPN: Holloway vs. The Korean Zombie,2023-08-26,Rolando Bedoya,Song Kenan,-225,188,-342,269,-342,269,2023-08-12T09:09:21+00:00,2023-08-12T09:09:21+00:00,2023-08-26T10:25:07+00:00,2023-08-26T10:25:07+00:00,137,137,7,7,32058,https://www.bestfightodds.com/events/ufc-on-espn-holloway-vs-the-korean-zombie-2935
UFC on ESPN: Holloway vs. The Korean Zombie,2023-08-26,Billy Goff,Yusaku Kinoshita,125,-150,120,-145,120,-145,2023-08-12T09:09:21+00:00,2023-08-12T09:09:21+00:00,2023-08-26T10:02:58+00:00,2023-08-26T10:02:58+00:00,124,124,7,7,31963,https://www.bestfightodds.com/events/ufc-on-espn-holloway-vs-the-korean-zombie-2935
UFC on ESPN: Holloway vs. The Korean Zombie,2023-08-26,Jj Aldrich,Liang Na,-1000,600,-562,413,-562,413,2023-08-12T09:07:21+00:00,2023-08-12T09:07:21+00:00,2023-08-26T09:38:49+00:00,2023-08-26T09:38:49+00:00,47,47,7,7,31918,https://www.bestfightodds.com/events/ufc-on-espn-holloway-vs-the-korean-zombie-2935
UFC on ESPN: Holloway vs. The Korean Zombie,2023-08-26,Jarno Errens,Seungwoo Choi,200,-250,131,-158,131,-158,2023-08-12T09:07:21+00:00,2023-08-12T09:07:21+00:00,2023-08-26T08:55:29+00:00,2023-08-26T08:55:29+00:00,116,116,7,7,32315,https://www.bestfightodds.com/events/ufc-on-espn-holloway-vs-the-korean-zombie-2935
UFC 292,2023-07-22,Marcin Tybura,Tom Aspinall,250,-333,386,-518,386,-518,2023-06-30T15:27:03+00:00,2023-06-30T15:27:03+00:00,2023-07-22T21:54:28+00:00,2023-07-22T21:54:28+00:00,74,74,7,7,31328,https://www.bestfightodds.com/events/ufc-292-2886
UFC 292,2023-07-22,Julija Stoliarenko,Molly McCann,300,-400,176,-214,176,-214,2023-07-07T15:35:06+00:00,2023-07-07T15:35:06+00:00,2023-07-22T21:36:28+00:00,2023-07-22T21:36:28+00:00,95,95,7,7,31508,https://www.bestfightodds.com/events/ufc-292-2886
UFC 292,2023-07-22,Andre Fili,Nathaniel Wood,150,-200,178,-218,178,-218,2023-07-05T12:12:46+00:00,2023-07-05T12:12:46+00:00,2023-07-22T21:00:30+00:00,2023-07-22T21:00:30+00:00,47,47,7,7,31973,https://www.bestfightodds.com/events/ufc-292-2886
UFC 292,2023-07-22,Andre Muniz,Paul Craig,-188,140,-229,185,-229,185,2023-07-05T12:12:45+00:00,2023-07-05T12:12:45+00:00,2023-07-22T20:40:40+00:00,2023-07-22T20:40:40+00:00,57,57,7,7,31426,https://www.bestfightodds.com/events/ufc-292-2886
UFC 292,2023-07-22,Fares Ziam,Jai Herbert,-105,-125,-173,144,-173,144,2023-07-05T12:12:46+00:00,2023-07-05T12:12:46+00:00,2023-07-22T20:12:32+00:00,2023-07-22T20:12:32+00:00,74,74,7,7,31787,https://www.bestfightodds.com/events/ufc-292-2886
UFC 292,2023-07-22,Josh Culibao,Lerone Murphy,125,-163,126,-151,126,-151,2023-07-05T12:12:45+00:00,2023-07-05T12:12:45+00:00,2023-07-22T19:45:06+00:00,2023-07-22T19:45:06+00:00,45,45,7,7,31352,https://www.bestfightodds.com/events/ufc-292-2886
UFC 292,2023-07-22,Daniel Marcos,Davey Grant,-133,100,-149,124,-149,124,2023-07-05T12:10:45+00:00,2023-07-05T12:10:45+00:00,2023-07-22T19:06:33+00:00,2023-07-22T19:06:33+00:00,64,64,7,7,31350,https://www.bestfightodds.com/events/ufc-292-2886
UFC 292,2023-07-22,Danny Roberts,Jonny Parsons,-105,-115,-145,120,-145,120,2023-07-17T12:28:37+00:00,2023-07-17T12:28:37+00:00,2023-07-22T18:30:57+00:00,2023-07-22T18:30:57+00:00,61,61,7,7,32064,https://www.bestfightodds.com/events/ufc-292-2886
UFC 292,2023-07-22,Joel Alvarez,Marc Diakiese,-150,115,-206,169,-206,169,2023-07-05T12:12:46+00:00,2023-07-05T12:12:46+00:00,2023-07-22T18:25:10+00:00,2023-07-22T18:25:10+00:00,73,73,7,7,31786,https://www.bestfightodds.com/events/ufc-292-2886
UFC 292,2023-07-22,Jamal Pogues,Mick Parkin,-250,188,-150,124,-150,124,2023-07-05T12:12:46+00:00,2023-07-05T12:12:46+00:00,2023-07-22T18:01:14+00:00,2023-07-22T18:01:14+00:00,76,76,7,7,31789,https://www.bestfightodds.com/events/ufc-292-2886
UFC 292,2023-07-22,Bryan Barberena,Makhmud Muradov,200,-275,280,-360,280,-360,2023-07-05T12:14:45+00:00,2023-07-05T12:14:45+00:00,2023-07-22T17:33:14+00:00,2023-07-22T17:33:14+00:00,65,65,7,7,31414,https://www.bestfightodds.com/events/ufc-292-2886
UFC 292,2023-07-22,Ketlen Vieira,Pannie Kianzad,-200,150,-157,130,-157,130,2023-07-05T12:10:46+00:00,2023-07-05T12:10:46+00:00,2023-07-22T17:09:13+00:00,2023-07-22T17:09:13+00:00,66,66,7,7,31329,https://www.bestfightodds.com/events/ufc-292-2886
UFC 292,2023-07-22,Chris Duncan,Yanal Ashmouz,100,-133,-146,121,-146,121,2023-07-05T12:14:45+00:00,2023-07-05T12:14:45+00:00,2023-07-22T16:45:17+00:00,2023-07-22T16:45:17+00:00,65,65,7,7,31788,https://www.bestfightodds.com/events/ufc-292-2886
UFC 292,2023-07-22,Bruna Brasil,Shauna Bannon,-125,-105,-146,121,-146,121,2023-07-05T12:10:46+00:00,2023-07-05T12:10:46+00:00,2023-07-22T16:16:54+00:00,2023-07-22T16:16:54+00:00,54,54,7,7,31677,https://www.bestfightodds.com/events/ufc-292-2886
UFC 292,2023-07-22,Daniel Barez,Jafel Filho,100,-128,-109,-111,-109,-111,2023-07-11T14:54:27+00:00,2023-07-11T14:54:27+00:00,2023-07-22T15:36:37+00:00,2023-07-22T15:36:37+00:00,59,59,7,7,31955,https://www.bestfightodds.com/events/ufc-292-2886
UFC 291,2023-07-29,Matthew Semelsberger,Uror Medir,-150,112,-213,175,-213,175,2023-07-13T17:32:47+00:00,2023-07-13T17:32:47+00:00,2023-07-29T23:38:32+00:00,2023-07-29T23:38:32+00:00,79,79,7,7,31997,https://www.bestfightodds.com/events/ufc-291-2900
UFC 291,2023-07-29,Miranda Maverick,Priscila Cachoeira,-375,260,-292,232,-292,232,2023-07-18T09:52:27+00:00,2023-07-18T09:52:27+00:00,2023-07-29T23:08:48+00:00,2023-07-29T23:08:48+00:00,53,53,7,7,32031,https://www.bestfightodds.com/events/ufc-291-2900
UFC 290,2023-07-08,Marcin Prachnio,Vitor Petrino,200,-275,211,-264,211,-264,2023-06-22T12:26:51+00:00,2023-06-22T12:26:51+00:00,2023-07-08T23:32:36+00:00,2023-07-08T23:32:36+00:00,50,50,6,6,31397,https://www.bestfightodds.com/events/ufc-290-2834
UFC 290,2023-07-08,Cameron Saaiman,Terrence Mitchell.,-450,350,-596,431,-596,431,2023-06-30T16:01:05+00:00,2023-06-30T16:01:05+00:00,2023-07-08T23:05:04+00:00,2023-07-08T23:05:04+00:00,32,32,6,6,31871,https://www.bestfightodds.com/events/ufc-290-2834
UFC 290,2023-07-08,Jesus Santos Aguilar,Shannon Ross,-275,200,-148,123,-148,123,2023-06-22T12:26:51+00:00,2023-06-22T12:26:51+00:00,2023-07-08T22:39:09+00:00,2023-07-08T22:39:09+00:00,62,62,6,6,31379,https://www.bestfightodds.com/events/ufc-290-2834
UFC 290,2023-07-08,Esteban Ribovics,Kamuela Kirk,-200,150,-169,137,-169,137,2023-06-22T12:26:51+00:00,2023-06-22T12:26:51+00:00,2023-07-08T22:13:06+00:00,2023-07-08T22:13:06+00:00,85,85,6,6,31451,https://www.bestfightodds.com/events/ufc-290-2834
UFC Fight Night: Strickland vs. Magomedov,2023-07-01,Benoit Saint-Denis,Ismael Bonfim,175,-250,225,-281,225,-281,2023-06-16T10:00:54+00:00,2023-06-16T10:00:54+00:00,2023-07-01T23:24:53+00:00,2023-07-01T23:24:53+00:00,53,53,6,6,31564,https://www.bestfightodds.com/events/ufc-fight-night-strickland-vs-magomedov-2871
UFC Fight Night: Strickland vs. Magomedov,2023-07-01,Brunno Ferreira,Nursulton Ruziboev,-138,110,-236,190,-236,190,2023-06-26T09:46:42+00:00,2023-06-26T09:46:42+00:00,2023-07-01T23:04:34+00:00,2023-07-01T23:04:34+00:00,39,39,6,6,31900,https://www.bestfightodds.com/events/ufc-fight-night-strickland-vs-magomedov-2871
UFC Fight Night: Strickland vs. Magomedov,2023-07-01,Abdul Razak Alhassan,Brunno Ferreira,140,-165,140,-165,140,-165,2023-06-20T15:02:32+00:00,2023-06-20T15:02:32+00:00,2023-06-20T15:02:32+00:00,2023-06-20T15:02:32+00:00,1,1,1,1,31514,https://www.bestfightodds.com/events/ufc-fight-night-strickland-vs-magomedov-2871
UFC Fight Night: Strickland vs. Magomedov,2023-07-01,Kevin Lee,Rinat Fakhretdinov,175,-250,174,-214,174,-214,2023-06-16T10:10:55+00:00,2023-06-16T10:10:55+00:00,2023-07-01T22:26:54+00:00,2023-07-01T22:26:54+00:00,62,62,6,6,31450,https://www.bestfightodds.com/events/ufc-fight-night-strickland-vs-magomedov-2871
UFC Fight Night: Strickland vs. Magomedov,2023-07-01,Joanderson Brito,Westin Wilson,-800,500,-1393,796,-1393,796,2023-06-26T09:46:42+00:00,2023-06-26T09:46:42+00:00,2023-07-01T22:09:01+00:00,2023-07-01T22:09:01+00:00,14,14,6,6,31887,https://www.bestfightodds.com/events/ufc-fight-night-strickland-vs-magomedov-2871
UFC Fight Night: Strickland vs. Magomedov,2023-07-01,Karol Rosa,Yana Santos,-210,170,-185,153,-185,153,2023-06-20T15:02:33+00:00,2023-06-20T15:02:33+00:00,2023-07-01T21:46:54+00:00,2023-07-01T21:46:54+00:00,52,52,6,6,31785,https://www.bestfightodds.com/events/ufc-fight-night-strickland-vs-magomedov-2871
UFC Fight Night: Strickland vs. Magomedov,2023-07-01,Elves Brenner,Guram Kutateladze,300,-400,491,-699,491,-699,2023-06-20T15:02:32+00:00,2023-06-20T15:02:32+00:00,2023-07-01T21:19:01+00:00,2023-07-01T21:19:01+00:00,44,44,6,6,31808,https://www.bestfightodds.com/events/ufc-fight-night-strickland-vs-magomedov-2871
UFC Fight Night: Strickland vs. Magomedov,2023-07-01,Ivana Petrovic,Luana Carolina,-225,163,-192,159,-192,159,2023-06-16T11:14:56+00:00,2023-06-16T11:14:56+00:00,2023-07-01T20:48:47+00:00,2023-07-01T20:48:47+00:00,34,34,6,6,31289,https://www.bestfightodds.com/events/ufc-fight-night-strickland-vs-magomedov-2871
UFC Fight Night: Strickland vs. Magomedov,2023-07-01,Alexandr Romanov,Blagoy Ivanov,-125,-105,-138,114,-138,114,2023-06-16T10:08:54+00:00,2023-06-16T10:08:54+00:00,2023-07-01T19:56:49+00:00,2023-07-01T19:56:49+00:00,41,41,6,6,31781,https://www.bestfightodds.com/events/ufc-fight-night-strickland-vs-magomedov-2871
UFC 289,2023-06-10,Michel Pereira,Stephen Thompson,186,-245,176,-230,176,-230,2023-04-05T06:25:15+00:00,2023-04-05T06:25:15+00:00,2023-05-23T06:48:13+00:00,2023-05-23T06:48:13+00:00,4,4,1,1,30808,https://www.bestfightodds.com/events/ufc-289-2830
UFC 289,2023-06-10,Dricus Du Plessis,Robert Whittaker,186,-245,277,-387,277,-387,2023-04-24T03:50:24+00:00,2023-04-24T03:50:24+00:00,2023-05-23T06:48:12+00:00,2023-05-23T06:48:12+00:00,11,11,3,3,31053,https://www.bestfightodds.com/events/ufc-289-2830
UFC 289,2023-06-10,Amanda Nunes,Irene Aldana,-650,475,-349,274,-349,274,2023-05-14T19:38:26+00:00,2023-05-14T19:38:26+00:00,2023-06-11T04:18:16+00:00,2023-06-11T04:18:16+00:00,68,68,6,6,31209,https://www.bestfightodds.com/events/ufc-289-2830
UFC 289,2023-06-10,Adam Fugitt,Mike Malott,277,-337,177,-218,177,-218,2023-05-14T19:38:27+00:00,2023-05-14T19:38:27+00:00,2023-06-11T03:24:40+00:00,2023-06-11T03:24:40+00:00,49,49,6,6,31039,https://www.bestfightodds.com/events/ufc-289-2830
UFC 289,2023-06-10,Dan Ige,Nate Landwehr,-255,215,-271,216,-271,216,2023-05-14T19:34:18+00:00,2023-05-14T19:34:18+00:00,2023-06-11T02:52:46+00:00,2023-06-11T02:52:46+00:00,39,39,6,6,30787,https://www.bestfightodds.com/events/ufc-289-2830
UFC 289,2023-06-10,Eryk Anders,Marc-Andre Barriault,128,-148,130,-156,130,-156,2023-05-14T19:34:20+00:00,2023-05-14T19:34:20+00:00,2023-06-11T02:18:32+00:00,2023-06-11T02:18:32+00:00,86,86,6,6,30571,https://www.bestfightodds.com/events/ufc-289-2830
UFC 289,2023-06-10,Chris Curtis,Nassourdine Imavov,-129,109,141,-170,141,-170,2023-05-14T19:34:22+00:00,2023-05-14T19:34:22+00:00,2023-06-11T01:38:22+00:00,2023-06-11T01:38:22+00:00,122,122,6,6,31052,https://www.bestfightodds.com/events/ufc-289-2830
UFC 289,2023-06-10,Jasmine Jasudavicius,Miranda Maverick,190,-225,204,-250,204,-250,2023-05-14T19:30:25+00:00,2023-05-14T19:30:25+00:00,2023-06-11T01:00:43+00:00,2023-06-11T01:00:43+00:00,69,69,6,6,30608,https://www.bestfightodds.com/events/ufc-289-2830
UFC 289,2023-06-10,Aiemann Zahabi,Aori Qileng,190,-225,103,-125,103,-125,2023-05-14T19:38:30+00:00,2023-05-14T19:38:30+00:00,2023-06-11T00:42:49+00:00,2023-06-11T00:42:49+00:00,64,64,6,6,30840,https://www.bestfightodds.com/events/ufc-289-2830
UFC 289,2023-06-10,Blake Bilder,Kyle Nelson,-210,180,-264,213,-264,213,2023-05-14T19:32:22+00:00,2023-05-14T19:32:22+00:00,2023-06-11T00:01:07+00:00,2023-06-11T00:01:07+00:00,55,55,6,6,31413,https://www.bestfightodds.com/events/ufc-289-2830
UFC 289,2023-06-10,David Dvorak,Stephen Erceg.,-390,280,-296,234,-296,234,2023-06-05T22:46:14+00:00,2023-06-05T22:46:14+00:00,2023-06-10T23:38:38+00:00,2023-06-10T23:38:38+00:00,29,29,6,6,31606,https://www.bestfightodds.com/events/ufc-289-2830
UFC 289,2023-06-10,Diana Belbirr,Maria Oliveira,-155,135,-136,111,-136,111,2023-05-14T19:38:31+00:00,2023-05-14T19:38:31+00:00,2023-06-10T23:04:19+00:00,2023-06-10T23:04:19+00:00,135,135,6,6,30775,https://www.bestfightodds.com/events/ufc-289-2830
Bellator 288,2022-11-18,Corey Anderson,Vadim Nemkov,-145,115,-233,186,-233,186,2022-11-06T18:56:08+00:00,2022-11-06T18:56:08+00:00,2022-11-19T04:35:32+00:00,2022-11-19T04:35:32+00:00,73,73,7,7,29194,https://www.bestfightodds.com/events/bellator-288-2705
Bellator 288,2022-11-18,Patricky Freire,Usman Nurmagomedov,160,-200,549,-844,549,-844,2022-11-06T18:56:08+00:00,2022-11-06T18:56:08+00:00,2022-11-19T03:47:55+00:00,2022-11-19T03:47:55+00:00,77,77,7,7,29195,https://www.bestfightodds.com/events/bellator-288-2705
Bellator 288,2022-11-18,Daniel Weichel,Timur Khizriev,150,-180,263,-346,263,-346,2022-11-06T18:56:08+00:00,2022-11-06T18:56:08+00:00,2022-11-19T03:10:40+00:00,2022-11-19T03:10:40+00:00,45,45,7,7,29196,https://www.bestfightodds.com/events/bellator-288-2705
Bellator 288,2022-11-18,Daniel James,Tyrell Fortune,250,-325,238,-304,238,-304,2022-11-06T18:56:08+00:00,2022-11-06T18:56:08+00:00,2022-11-19T01:47:02+00:00,2022-11-19T01:47:02+00:00,29,29,7,7,29197,https://www.bestfightodds.com/events/bellator-288-2705
Bellator 288,2022-11-18,Levan Chokheli,Roman Faraldo,220,-280,152,-188,152,-188,2022-11-06T18:56:08+00:00,2022-11-06T18:56:08+00:00,2022-11-19T01:45:20+00:00,2022-11-19T01:45:20+00:00,54,54,7,7,29198,https://www.bestfightodds.com/events/bellator-288-2705
Bellator 288,2022-11-18,Imamshafi Aliev,Sean Connor Fallon,-650,475,-1057,625,-1057,625,2022-11-06T18:58:11+00:00,2022-11-06T18:58:11+00:00,2022-11-19T01:20:18+00:00,2022-11-19T01:20:18+00:00,34,34,7,7,29200,https://www.bestfightodds.com/events/bellator-288-2705
Bellator 288,2022-11-18,Jairo Pacheco,Killys Mota,-150,120,171,-215,171,-215,2022-11-06T18:58:11+00:00,2022-11-06T18:58:11+00:00,2022-11-19T00:35:14+00:00,2022-11-19T00:35:14+00:00,59,59,7,7,29201,https://www.bestfightodds.com/events/bellator-288-2705
Bellator 288,2022-11-18,Khasan Askhabov,Otto Rodrigues,-182,148,-192,151,-192,151,2022-11-16T05:22:22+00:00,2022-11-16T05:22:22+00:00,2022-11-19T01:05:19+00:00,2022-11-19T01:05:19+00:00,9,9,5,5,29199,https://www.bestfightodds.com/events/bellator-288-2705
Bellator 288,2022-11-18,Archie Colgan,Jesse Hannam,-450,350,-950,603,-950,603,2022-11-06T18:58:13+00:00,2022-11-06T18:58:13+00:00,2022-11-19T00:30:28+00:00,2022-11-19T00:30:28+00:00,39,39,7,7,29203,https://www.bestfightodds.com/events/bellator-288-2705
Bellator 288,2022-11-18,Jay Radick,Sullivan Cauley,250,-325,437,-635,437,-635,2022-11-06T18:58:14+00:00,2022-11-06T18:58:14+00:00,2022-11-19T00:09:56+00:00,2022-11-19T00:09:56+00:00,25,25,7,7,29205,https://www.bestfightodds.com/events/bellator-288-2705
Bellator 288,2022-11-18,Jayden Taulker,Jordan Newman,500,-700,671,-1153,671,-1153,2022-11-06T18:58:14+00:00,2022-11-06T18:58:14+00:00,2022-11-18T23:50:20+00:00,2022-11-18T23:50:20+00:00,35,35,7,7,29206,https://www.bestfightodds.com/events/bellator-288-2705
Bellator 288,2022-11-18,Laird Anderson,Rob Fenicle,-500,375,-813,532,-813,532,2022-11-06T18:58:14+00:00,2022-11-06T18:58:14+00:00,2022-11-18T23:43:20+00:00,2022-11-18T23:43:20+00:00,34,34,7,7,29207,https://www.bestfightodds.com/events/bellator-288-2705
Bellator 288,2022-11-18,Isaiah Hokit,Matias Nader,120,-150,-221,176,-221,176,2022-11-06T18:58:15+00:00,2022-11-06T18:58:15+00:00,2022-11-18T23:26:02+00:00,2022-11-18T23:26:02+00:00,47,47,7,7,29208,https://www.bestfightodds.com/events/bellator-288-2705
Bellator 288,2022-11-18,Lucas Brennan,Nick Talavera,-500,360,-600,405,-600,405,2022-11-16T05:38:32+00:00,2022-11-16T05:38:32+00:00,2022-11-18T14:02:27+00:00,2022-11-18T14:02:27+00:00,13,13,4,4,29204,https://www.bestfightodds.com/events/bellator-288-2705
Bellator 288,2022-11-18,Kory Moegenburg,Wladmir Gouvea,275,-350,251,-331,251,-331,2022-11-06T18:58:15+00:00,2022-11-06T18:58:15+00:00,2022-11-18T23:11:24+00:00,2022-11-18T23:11:24+00:00,19,19,7,7,29209,https://www.bestfightodds.com/events/bellator-288-2705
Bellator 288,2022-11-18,Akhmed Magomedov,Daniel Weichel,-250,200,-250,200,-250,200,2022-11-16T01:32:24+00:00,2022-11-16T01:32:24+00:00,2022-11-16T01:32:24+00:00,2022-11-16T01:32:24+00:00,1,1,1,1,29283,https://www.bestfightodds.com/events/bellator-288-2705
UFC Fight Night: Holloway vs. Allen,2023-04-15,Arnold Allen,Max Holloway,125,-145,143,-172,143,-172,2023-03-26T06:00:10+00:00,2023-03-26T06:00:10+00:00,2023-04-16T03:08:08+00:00,2023-04-16T03:08:08+00:00,132,132,5,5,30711,https://www.bestfightodds.com/events/ufc-fight-night-holloway-vs-allen-2796
UFC Fight Night: Holloway vs. Allen,2023-04-15,Billy Quarantillo,Edson Barboza,-155,135,-172,142,-172,142,2023-03-26T06:00:11+00:00,2023-03-26T06:00:11+00:00,2023-04-16T02:48:12+00:00,2023-04-16T02:48:12+00:00,79,79,6,6,30712,https://www.bestfightodds.com/events/ufc-fight-night-holloway-vs-allen-2796
UFC Fight Night: Holloway vs. Allen,2023-04-15,Azamat Murzakanov,Dustin Jacoby,170,-200,133,-160,133,-160,2023-03-26T06:00:11+00:00,2023-03-26T06:00:11+00:00,2023-04-16T02:07:09+00:00,2023-04-16T02:07:09+00:00,83,83,6,6,30713,https://www.bestfightodds.com/events/ufc-fight-night-holloway-vs-allen-2796
UFC Fight Night: Holloway vs. Allen,2023-04-15,Ion Curelaba,Tanner Boser,140,-160,-131,107,-131,107,2023-03-22T12:36:52+00:00,2023-03-22T12:36:52+00:00,2023-04-16T01:48:15+00:00,2023-04-16T01:48:15+00:00,86,86,6,6,30285,https://www.bestfightodds.com/events/ufc-fight-night-holloway-vs-allen-2796
UFC Fight Night: Holloway vs. Allen,2023-04-15,Chris Gutierrez,Pedro Munhoz,-235,200,-214,176,-214,176,2023-03-26T06:00:11+00:00,2023-03-26T06:00:11+00:00,2023-04-16T01:20:17+00:00,2023-04-16T01:20:17+00:00,70,70,6,6,30714,https://www.bestfightodds.com/events/ufc-fight-night-holloway-vs-allen-2796
UFC Fight Night: Holloway vs. Allen,2023-04-15,Clay Guida,Rafa Garcia,140,-160,230,-288,230,-288,2023-03-28T03:08:32+00:00,2023-03-28T03:08:32+00:00,2023-04-16T00:48:29+00:00,2023-04-16T00:48:29+00:00,80,80,6,6,30732,https://www.bestfightodds.com/events/ufc-fight-night-holloway-vs-allen-2796
UFC Fight Night: Holloway vs. Allen,2023-04-15,Bill Algeo,Tj Brown,-139,119,-208,171,-208,171,2023-03-26T06:00:11+00:00,2023-03-26T06:00:11+00:00,2023-04-16T00:21:17+00:00,2023-04-16T00:21:17+00:00,91,91,6,6,30715,https://www.bestfightodds.com/events/ufc-fight-night-holloway-vs-allen-2796
UFC Fight Night: Holloway vs. Allen,2023-04-15,Brandon Royval,Matheus Nicolau,125,-145,164,-200,164,-200,2023-03-22T12:36:53+00:00,2023-03-22T12:36:53+00:00,2023-04-16T00:12:16+00:00,2023-04-16T00:12:16+00:00,93,93,6,6,30171,https://www.bestfightodds.com/events/ufc-fight-night-holloway-vs-allen-2796
UFC Fight Night: Holloway vs. Allen,2023-04-15,Ed Herman,Zak Cummings,210,-250,176,-217,176,-217,2023-03-22T12:42:46+00:00,2023-03-22T12:42:46+00:00,2023-04-15T23:35:06+00:00,2023-04-15T23:35:06+00:00,52,52,6,6,30251,https://www.bestfightodds.com/events/ufc-fight-night-holloway-vs-allen-2796
UFC Fight Night: Holloway vs. Allen,2023-04-15,Gillian Robertson,Piera Rodriguez,115,-135,-130,108,-130,108,2023-03-22T12:38:43+00:00,2023-03-22T12:38:43+00:00,2023-04-15T23:14:43+00:00,2023-04-15T23:14:43+00:00,111,111,6,6,29955,https://www.bestfightodds.com/events/ufc-fight-night-holloway-vs-allen-2796
UFC Fight Night: Holloway vs. Allen,2023-04-15,Daniel Zellhuber,Lando Vannata,-175,150,-130,108,-130,108,2023-03-22T12:36:58+00:00,2023-03-22T12:36:58+00:00,2023-04-15T22:47:10+00:00,2023-04-15T22:47:10+00:00,71,71,6,6,29977,https://www.bestfightodds.com/events/ufc-fight-night-holloway-vs-allen-2796
UFC Fight Night: Holloway vs. Allen,2023-04-15,Bruna Brasil,Denise Gomes,-160,140,-149,123,-149,123,2023-03-22T12:36:56+00:00,2023-03-22T12:36:56+00:00,2023-04-15T22:26:54+00:00,2023-04-15T22:26:54+00:00,84,84,6,6,29905,https://www.bestfightodds.com/events/ufc-fight-night-holloway-vs-allen-2796
UFC Fight Night: Holloway vs. Allen,2023-04-15,Aaron Phillips,Gaston Bolanos,140,-160,154,-185,154,-185,2023-03-22T12:36:57+00:00,2023-03-22T12:36:57+00:00,2023-04-15T21:56:49+00:00,2023-04-15T21:56:49+00:00,44,44,6,6,30649,https://www.bestfightodds.com/events/ufc-fight-night-holloway-vs-allen-2796
UFC Fight Night: Holloway vs. Allen,2023-04-15,Joselyne Edwards,Lucie Pudilova,150,-175,115,-139,115,-139,2023-03-22T12:36:59+00:00,2023-03-22T12:36:59+00:00,2023-04-15T21:35:30+00:00,2023-04-15T21:35:30+00:00,95,95,6,6,30041,https://www.bestfightodds.com/events/ufc-fight-night-holloway-vs-allen-2796
UFC 287,2023-04-08,Gilbert Burns,Jorge Masvidal,-500,400,-441,340,-441,340,2023-01-28T19:52:21+00:00,2023-01-28T19:52:21+00:00,2023-04-09T03:55:42+00:00,2023-04-09T03:55:42+00:00,75,75,6,6,30071,https://www.bestfightodds.com/events/ufc-287-2760
UFC 287,2023-04-08,Adrian Yanez,Rob Font,-185,160,-182,151,-182,151,2023-03-16T12:37:01+00:00,2023-03-16T12:37:01+00:00,2023-04-09T03:38:00+00:00,2023-04-09T03:38:00+00:00,104,104,6,6,30044,https://www.bestfightodds.com/events/ufc-287-2760
UFC 287,2023-04-08,Kevin Holland,Santiago Ponzinibbio,-200,170,-253,203,-253,203,2023-03-16T12:37:02+00:00,2023-03-16T12:37:02+00:00,2023-04-09T02:56:23+00:00,2023-04-09T02:56:23+00:00,60,60,6,6,30072,https://www.bestfightodds.com/events/ufc-287-2760
UFC 287,2023-04-08,Christian Rodriquez,Raul Rosas Jr,210,-250,214,-264,214,-264,2023-03-16T12:38:49+00:00,2023-03-16T12:38:49+00:00,2023-04-09T02:20:24+00:00,2023-04-09T02:20:24+00:00,126,126,6,6,29939,https://www.bestfightodds.com/events/ufc-287-2760
UFC 287,2023-04-08,Chris Curtis,Kelvin Gastelum,-170,145,110,-135,110,-135,2023-03-16T12:37:05+00:00,2023-03-16T12:37:05+00:00,2023-04-09T01:43:27+00:00,2023-04-09T01:43:27+00:00,147,147,6,6,29981,https://www.bestfightodds.com/events/ufc-287-2760
UFC 287,2023-04-08,Luana Pinheiro,Michelle Waterson,-150,130,-156,131,-156,131,2023-03-16T12:40:58+00:00,2023-03-16T12:40:58+00:00,2023-04-09T01:09:58+00:00,2023-04-09T01:09:58+00:00,83,83,6,6,29898,https://www.bestfightodds.com/events/ufc-287-2760
UFC 287,2023-04-08,Gerald Meerschaert,Joe Pyfer,250,-300,166,-201,166,-201,2023-03-16T12:41:01+00:00,2023-03-16T12:41:01+00:00,2023-04-09T00:41:27+00:00,2023-04-09T00:41:27+00:00,84,84,6,6,30015,https://www.bestfightodds.com/events/ufc-287-2760
UFC 287,2023-04-08,Chase Sherman,Karl Williams,420,-550,332,-431,332,-431,2023-04-02T02:58:14+00:00,2023-04-02T02:58:14+00:00,2023-04-08T22:02:08+00:00,2023-04-08T22:02:08+00:00,43,43,6,6,30800,https://www.bestfightodds.com/events/ufc-287-2760
UFC 287,2023-04-08,Cynthia Calvillo,Lupita Godinez,275,-325,216,-273,216,-273,2023-03-16T12:37:07+00:00,2023-03-16T12:37:07+00:00,2023-04-09T00:11:23+00:00,2023-04-09T00:11:23+00:00,79,79,6,6,29786,https://www.bestfightodds.com/events/ufc-287-2760
UFC 287,2023-04-08,Ignacio Bahamondes,Trey Ogden,-280,240,-403,309,-403,309,2023-03-29T00:02:24+00:00,2023-03-29T00:02:24+00:00,2023-04-08T23:35:46+00:00,2023-04-08T23:35:46+00:00,57,57,6,6,30774,https://www.bestfightodds.com/events/ufc-287-2760
UFC 287,2023-04-08,Shayilan Nuerdanbieke,Steve Garcia,-300,250,-182,153,-182,153,2023-03-16T12:37:09+00:00,2023-03-16T12:37:09+00:00,2023-04-08T23:10:53+00:00,2023-04-08T23:10:53+00:00,94,94,6,6,29970,https://www.bestfightodds.com/events/ufc-287-2760
UFC 287,2023-04-08,Jacqueline Amorim,Sam Hughes,-400,330,-272,218,-272,218,2023-03-16T12:34:47+00:00,2023-03-16T12:34:47+00:00,2023-04-08T22:36:49+00:00,2023-04-08T22:36:49+00:00,71,71,6,6,30299,https://www.bestfightodds.com/events/ufc-287-2760
UFC 287,2023-04-08,Chase Sherman,Chris Barnett,-275,210,-225,185,-225,185,2023-03-21T12:54:30+00:00,2023-03-21T12:54:30+00:00,2023-03-30T12:48:51+00:00,2023-03-30T12:48:51+00:00,5,5,1,1,30229,https://www.bestfightodds.com/events/ufc-287-2760
UFC 286,2023-03-18,Kamaru Usman,Leon Edwards,-350,285,-261,212,-261,212,2022-08-21T06:00:05+00:00,2022-08-21T06:00:05+00:00,2023-03-18T23:24:10+00:00,2023-03-18T23:24:10+00:00,143,143,6,6,28248,https://www.bestfightodds.com/events/ufc-286-2746
UFC 286,2023-03-18,Daniel Rodriguez,Gunnar Nelson,270,-350,270,-350,270,-350,2023-03-06T15:18:32+00:00,2023-03-06T15:18:32+00:00,2023-03-06T15:18:32+00:00,2023-03-06T15:18:32+00:00,1,1,1,1,30437,https://www.bestfightodds.com/events/ufc-286-2746
UFC 286,2023-03-18,Justin Gaethje,Rafael Fiziev,235,-275,197,-246,197,-246,2023-03-01T01:22:24+00:00,2023-03-01T01:22:24+00:00,2023-03-18T22:46:59+00:00,2023-03-18T22:46:59+00:00,66,66,6,6,29867,https://www.bestfightodds.com/events/ufc-286-2746
UFC 286,2023-03-18,Bryan Barberena,Gunnar Nelson,250,-300,306,-398,306,-398,2023-02-28T23:04:24+00:00,2023-02-28T23:04:24+00:00,2023-03-18T22:25:13+00:00,2023-03-18T22:25:13+00:00,81,81,6,6,30394,https://www.bestfightodds.com/events/ufc-286-2746
UFC 286,2023-03-18,Casey O'Neill,Jennifer Maia,-155,135,-175,146,-175,146,2023-02-28T23:06:31+00:00,2023-02-28T23:06:31+00:00,2023-03-18T21:57:54+00:00,2023-03-18T21:57:54+00:00,84,84,6,6,29787,https://www.bestfightodds.com/events/ufc-286-2746
UFC 286,2023-03-18,Marvin Vettori,Roman Dolidze,-275,235,-271,234,-271,234,2023-02-28T23:04:25+00:00,2023-02-28T23:04:25+00:00,2023-03-18T21:12:27+00:00,2023-03-18T21:12:27+00:00,84,84,6,6,29619,https://www.bestfightodds.com/events/ufc-286-2746
UFC 286,2023-03-18,Jack Shore,Makwan Amirkhani,-350,285,-555,413,-555,413,2023-02-28T23:06:26+00:00,2023-02-28T23:06:26+00:00,2023-03-18T20:41:04+00:00,2023-03-18T20:41:04+00:00,55,55,6,6,29950,https://www.bestfightodds.com/events/ufc-286-2746
UFC 286,2023-03-18,Chris Duncan,Omar Morales,105,-125,-110,-109,-110,-109,2023-02-28T23:06:25+00:00,2023-02-28T23:06:25+00:00,2023-03-18T20:02:43+00:00,2023-03-18T20:02:43+00:00,87,87,6,6,30170,https://www.bestfightodds.com/events/ufc-286-2746
UFC 286,2023-03-18,Sam Patterson,Yanal Ashmoz,-250,210,-284,228,-284,228,2023-02-28T23:06:29+00:00,2023-02-28T23:06:29+00:00,2023-03-18T19:51:02+00:00,2023-03-18T19:51:02+00:00,48,48,6,6,29979,https://www.bestfightodds.com/events/ufc-286-2746
UFC 286,2023-03-18,Jafel Filho,Muhammad Mokaev,550,-800,596,-901,596,-901,2023-02-28T23:06:30+00:00,2023-02-28T23:06:30+00:00,2023-03-18T19:08:52+00:00,2023-03-18T19:08:52+00:00,43,43,6,6,29899,https://www.bestfightodds.com/events/ufc-286-2746
UFC 286,2023-03-18,Gabriel Santos.,Lerone Murphy,235,-275,154,-186,154,-186,2023-03-12T14:24:06+00:00,2023-03-12T14:24:06+00:00,2023-03-18T18:40:21+00:00,2023-03-18T18:40:21+00:00,56,56,6,6,30490,https://www.bestfightodds.com/events/ufc-286-2746
UFC 286,2023-03-18,Jake Hadley,Malcolm Gordon,-250,210,-435,331,-435,331,2023-03-01T01:22:27+00:00,2023-03-01T01:22:27+00:00,2023-03-18T18:03:24+00:00,2023-03-18T18:03:24+00:00,75,75,6,6,30395,https://www.bestfightodds.com/events/ufc-286-2746
UFC 286,2023-03-18,Christian Leroy Duncan,Durko Todorovir,-165,145,-231,191,-231,191,2023-02-28T23:06:30+00:00,2023-02-28T23:06:30+00:00,2023-03-18T18:21:07+00:00,2023-03-18T18:21:07+00:00,74,74,6,6,29961,https://www.bestfightodds.com/events/ufc-286-2746
UFC 286,2023-03-18,Joanne Wood,Luana Carolina,-145,125,-183,152,-183,152,2023-02-28T23:04:23+00:00,2023-02-28T23:04:23+00:00,2023-03-18T17:36:06+00:00,2023-03-18T17:36:06+00:00,65,65,6,6,29664,https://www.bestfightodds.com/events/ufc-286-2746
UFC 286,2023-03-18,Jai Herbert,Rudovit Klein,110,-130,169,-202,169,-202,2023-02-28T23:06:32+00:00,2023-02-28T23:06:32+00:00,2023-03-18T17:07:39+00:00,2023-03-18T17:07:39+00:00,61,61,6,6,29790,https://www.bestfightodds.com/events/ufc-286-2746
UFC 286,2023-03-18,Juliana Miller,Veronica Macedo,-200,170,-418,323,-418,323,2023-03-01T01:24:36+00:00,2023-03-01T01:24:36+00:00,2023-03-18T16:50:47+00:00,2023-03-18T16:50:47+00:00,51,51,6,6,29862,https://www.bestfightodds.com/events/ufc-286-2746
UFC 285,2023-03-04,Ciryl Gane,Jon Jones,-166,140,144,-168,144,-168,2023-01-15T03:32:17+00:00,2023-01-15T03:32:17+00:00,2023-03-05T05:50:53+00:00,2023-03-05T05:50:53+00:00,301,301,6,6,29866,https://www.bestfightodds.com/events/ufc-285-2738
UFC 285,2023-03-04,Geoff Neal,Shavkat Rakhmonov,350,-435,379,-498,379,-498,2023-01-15T06:00:17+00:00,2023-01-15T06:00:17+00:00,2023-03-05T04:18:34+00:00,2023-03-05T04:18:34+00:00,69,69,6,6,29868,https://www.bestfightodds.com/events/ufc-285-2738
UFC 285,2023-03-04,Jalin Turner,Mateusz Gamrot,205,-240,168,-204,168,-204,2023-02-20T12:40:07+00:00,2023-02-20T12:40:07+00:00,2023-03-05T03:44:01+00:00,2023-03-05T03:44:01+00:00,121,121,6,6,30227,https://www.bestfightodds.com/events/ufc-285-2738
UFC 285,2023-03-04,Bo Nickal,Jamie Pickett,-1800,900,-1910,1017,-1910,1017,2023-02-20T12:40:07+00:00,2023-02-20T12:40:07+00:00,2023-03-05T03:22:38+00:00,2023-03-05T03:22:38+00:00,58,58,5,7,29796,https://www.bestfightodds.com/events/ufc-285-2738
UFC 285,2023-03-04,Cody Garbrandt,Trevin Jones,-150,130,-177,148,-177,148,2023-02-20T12:40:08+00:00,2023-02-20T12:40:08+00:00,2023-03-05T02:43:15+00:00,2023-03-05T02:43:15+00:00,63,63,7,7,30132,https://www.bestfightodds.com/events/ufc-285-2738
UFC 285,2023-03-04,Alexa Grasso,Valentina Shevchenko,400,-550,581,-865,581,-865,2023-01-20T13:22:18+00:00,2023-01-20T13:22:18+00:00,2023-03-05T04:56:36+00:00,2023-03-05T04:56:36+00:00,226,226,6,6,29914,https://www.bestfightodds.com/events/ufc-285-2738
UFC 285,2023-03-04,Derek Brunson,Dricus Du Plessis,130,-150,190,-232,190,-232,2023-01-28T15:28:06+00:00,2023-01-28T15:28:06+00:00,2023-03-05T02:18:22+00:00,2023-03-05T02:18:22+00:00,99,99,6,6,29765,https://www.bestfightodds.com/events/ufc-285-2738
UFC 285,2023-03-04,Amanda Ribas,Viviane Araujo,-110,-110,-117,-103,-117,-103,2023-02-20T12:52:06+00:00,2023-02-20T12:52:06+00:00,2023-03-05T01:44:34+00:00,2023-03-05T01:44:34+00:00,118,118,7,7,30290,https://www.bestfightodds.com/events/ufc-285-2738
UFC 285,2023-03-04,Julian Marquez,Marc-Andre Barriault,-148,128,130,-155,130,-155,2023-02-20T20:36:05+00:00,2023-02-20T20:36:05+00:00,2023-03-05T01:13:38+00:00,2023-03-05T01:13:38+00:00,122,122,7,7,29717,https://www.bestfightodds.com/events/ufc-285-2738
UFC 285,2023-03-04,Ian Garry,Kenan Song,-375,310,-839,568,-839,568,2023-02-20T13:04:06+00:00,2023-02-20T13:04:06+00:00,2023-03-05T00:21:27+00:00,2023-03-05T00:21:27+00:00,60,60,6,6,30074,https://www.bestfightodds.com/events/ufc-285-2738
UFC 285,2023-03-04,Cameron Saaiman,Leomana Martinez,-180,155,-270,219,-270,219,2023-02-20T20:36:05+00:00,2023-02-20T20:36:05+00:00,2023-03-04T23:43:58+00:00,2023-03-04T23:43:58+00:00,82,82,7,7,29982,https://www.bestfightodds.com/events/ufc-285-2738
UFC 285,2023-03-04,Jessica Penne,Tabatha Ricci,205,-240,256,-317,256,-317,2023-02-20T12:42:05+00:00,2023-02-20T12:42:05+00:00,2023-03-04T23:31:52+00:00,2023-03-04T23:31:52+00:00,95,95,7,7,29396,https://www.bestfightodds.com/events/ufc-285-2738
UFC 285,2023-03-04,Darmon Blackshear,Farid Basharat,350,-450,342,-449,342,-449,2023-02-20T12:42:05+00:00,2023-02-20T12:42:05+00:00,2023-03-04T23:00:29+00:00,2023-03-04T23:00:29+00:00,69,69,7,7,29544,https://www.bestfightodds.com/events/ufc-285-2738
UFC 285,2023-03-04,Esteban Ribovics,Kamuela Kirk,-195,165,-195,165,-195,165,2023-02-21T13:48:11+00:00,2023-02-21T13:48:11+00:00,2023-02-21T13:48:11+00:00,2023-02-21T13:48:11+00:00,1,1,1,1,29784,https://www.bestfightodds.com/events/ufc-285-2738
UFC 285,2023-03-04,Esteban Ribovics,Loik Radzhabov,210,-250,180,-220,180,-220,2023-02-26T15:06:14+00:00,2023-02-26T15:06:14+00:00,2023-03-04T22:37:29+00:00,2023-03-04T22:37:29+00:00,88,88,6,6,30355,https://www.bestfightodds.com/events/ufc-285-2738
UFC 284,2023-02-11,Blake Bilder,Shane Young,110,-130,126,-151,126,-151,2023-01-23T16:34:04+00:00,2023-01-23T16:34:04+00:00,2023-02-11T23:48:35+00:00,2023-02-11T23:48:35+00:00,121,121,7,7,29925,https://www.bestfightodds.com/events/ufc-284-2688
UFC 284,2023-02-11,Elves Brenner,Zubaira Tukhugov,375,-500,460,-637,460,-637,2023-01-23T12:44:05+00:00,2023-01-23T12:44:05+00:00,2023-02-11T23:15:35+00:00,2023-02-11T23:15:35+00:00,82,82,7,7,29926,https://www.bestfightodds.com/events/ufc-284-2688
UFC 284,2023-02-11,Paulo Costa,Robert Whittaker,225,-275,225,-275,225,-275,2023-02-08T03:34:25+00:00,2023-02-08T03:34:25+00:00,2023-02-08T03:34:25+00:00,2023-02-08T03:34:25+00:00,1,1,1,1,30166,https://www.bestfightodds.com/events/ufc-284-2688
UFC 283,2023-01-21,Glover Teixeira,Jamahal Hill,130,-150,117,-140,117,-140,2022-12-11T16:54:04+00:00,2022-12-11T16:54:04+00:00,2023-01-22T05:37:28+00:00,2023-01-22T05:37:28+00:00,197,197,7,7,29547,https://www.bestfightodds.com/events/ufc-283-2635
UFC 283,2023-01-21,Gilbert Burns,Neil Magny,-285,245,-513,389,-513,389,2023-01-06T14:46:08+00:00,2023-01-06T14:46:08+00:00,2023-01-22T04:24:28+00:00,2023-01-22T04:24:28+00:00,105,105,7,7,29392,https://www.bestfightodds.com/events/ufc-283-2635
UFC 283,2023-01-21,Jessica Andrade,Lauren Murphy,-500,385,-540,409,-540,409,2023-01-06T14:58:05+00:00,2023-01-06T14:58:05+00:00,2023-01-22T03:46:28+00:00,2023-01-22T03:46:28+00:00,73,73,7,7,28978,https://www.bestfightodds.com/events/ufc-283-2635
UFC 283,2023-01-21,Johnny Walker,Paul Craig,-150,130,-186,155,-186,155,2023-01-06T15:00:07+00:00,2023-01-06T15:00:07+00:00,2023-01-22T03:21:27+00:00,2023-01-22T03:21:27+00:00,97,97,7,7,28890,https://www.bestfightodds.com/events/ufc-283-2635
UFC 283,2023-01-21,Ihor Potieria,Mauricio Rua,-240,205,-209,172,-209,172,2023-01-06T15:04:08+00:00,2023-01-06T15:04:08+00:00,2023-01-22T02:40:29+00:00,2023-01-22T02:40:29+00:00,94,94,7,7,28833,https://www.bestfightodds.com/events/ufc-283-2635
UFC 283,2023-01-21,Brunno Ferreira,Gregory Rodrigues,300,-400,254,-319,254,-319,2023-01-12T01:26:17+00:00,2023-01-12T01:26:17+00:00,2023-01-22T02:10:29+00:00,2023-01-22T02:10:29+00:00,76,76,7,7,29820,https://www.bestfightodds.com/events/ufc-283-2635
UFC 283,2023-01-21,Melquizael Costa,Thiago Moises,250,-300,314,-407,314,-407,2023-01-15T23:20:06+00:00,2023-01-15T23:20:06+00:00,2023-01-22T01:40:28+00:00,2023-01-22T01:40:28+00:00,62,62,7,7,29798,https://www.bestfightodds.com/events/ufc-283-2635
UFC 283,2023-01-21,Gabriel Bonfim,Mounir Lazzez,-140,120,-178,149,-178,149,2023-01-06T15:00:07+00:00,2023-01-06T15:00:07+00:00,2023-01-22T01:17:29+00:00,2023-01-22T01:17:29+00:00,141,141,7,7,28742,https://www.bestfightodds.com/events/ufc-283-2635
UFC 283,2023-01-21,Jailton Almeida,Shamil Abdurakhimov,-900,600,-1115,704,-1115,704,2023-01-06T15:00:07+00:00,2023-01-06T15:00:07+00:00,2023-01-22T00:41:27+00:00,2023-01-22T00:41:27+00:00,55,55,7,7,29354,https://www.bestfightodds.com/events/ufc-283-2635
UFC 283,2023-01-21,Cody Stamann,Luan Luiz Lacerda,-174,149,-366,287,-366,287,2023-01-06T14:54:07+00:00,2023-01-06T14:54:07+00:00,2023-01-22T00:16:30+00:00,2023-01-22T00:16:30+00:00,94,94,7,7,29504,https://www.bestfightodds.com/events/ufc-283-2635
UFC 283,2023-01-21,Ismael Bonfim,Terrance McKinney,111,-131,-104,-117,-104,-117,2023-01-06T15:00:08+00:00,2023-01-06T15:00:08+00:00,2023-01-21T23:54:15+00:00,2023-01-21T23:54:15+00:00,163,163,7,7,29116,https://www.bestfightodds.com/events/ufc-283-2635
UFC 283,2023-01-21,Nicolas Dalby,Warlley Alves,-110,-110,105,-123,105,-123,2023-01-06T15:02:07+00:00,2023-01-06T15:02:07+00:00,2023-01-21T23:26:31+00:00,2023-01-21T23:26:31+00:00,161,161,7,7,29246,https://www.bestfightodds.com/events/ufc-283-2635
UFC 283,2023-01-21,Josiane Nunes,Zarah Fairn,-325,275,-578,427,-578,427,2023-01-06T15:04:08+00:00,2023-01-06T15:04:08+00:00,2023-01-21T22:58:30+00:00,2023-01-21T22:58:30+00:00,129,129,7,7,28744,https://www.bestfightodds.com/events/ufc-283-2635
UFC 283,2023-01-21,Brad Tavares,Gregory Rodrigues,175,-225,190,-250,190,-250,2023-01-08T20:32:24+00:00,2023-01-08T20:32:24+00:00,2023-01-09T19:36:24+00:00,2023-01-09T19:36:24+00:00,2,2,1,1,28748,https://www.bestfightodds.com/events/ufc-283-2635
UFC 283,2023-01-21,Daniel Marcos,Saimon Oliveira,-156,136,116,-140,116,-140,2023-01-06T14:56:07+00:00,2023-01-06T14:56:07+00:00,2023-01-21T22:40:15+00:00,2023-01-21T22:40:15+00:00,160,160,7,7,29555,https://www.bestfightodds.com/events/ufc-283-2635
UFC on ESPN: Hall vs. Strickland,2021-07-31,Sean Strickland,Uriah Hall,-180,155,-205,170,-205,170,2021-07-11T00:42:07+00:00,2021-07-11T00:42:07+00:00,2021-08-01T02:58:28+00:00,2021-08-01T02:58:28+00:00,164,164,7,7,22891,https://www.bestfightodds.com/events/ufc-on-espn-hall-vs-strickland-2165
UFC on ESPN: Hall vs. Strickland,2021-07-31,Cheyanne Buys,Gloria de Paula,-150,130,-161,133,-161,133,2021-07-11T00:42:07+00:00,2021-07-11T00:42:07+00:00,2021-08-01T02:30:28+00:00,2021-08-01T02:30:28+00:00,237,237,7,7,22896,https://www.bestfightodds.com/events/ufc-on-espn-hall-vs-strickland-2165
UFC on ESPN: Hall vs. Strickland,2021-07-31,Kyung Ho Kang,Rani Yahya,-150,110,-132,103,-132,103,2021-07-17T12:02:39+00:00,2021-07-17T12:02:39+00:00,2021-07-31T19:22:12+00:00,2021-07-31T19:22:12+00:00,56,56,1,1,22969,https://www.bestfightodds.com/events/ufc-on-espn-hall-vs-strickland-2165
UFC on ESPN: Hall vs. Strickland,2021-07-31,Jared Gooden,Niklas Stolze,-130,110,153,-184,153,-184,2021-07-27T22:52:07+00:00,2021-07-27T22:52:07+00:00,2021-08-01T02:12:28+00:00,2021-08-01T02:12:28+00:00,106,106,7,7,23776,https://www.bestfightodds.com/events/ufc-on-espn-hall-vs-strickland-2165
UFC on ESPN: Hall vs. Strickland,2021-07-31,Collin Anglin,Melsik Baghdasaryan,-160,140,126,-152,126,-152,2021-07-11T00:42:07+00:00,2021-07-11T00:42:07+00:00,2021-08-01T01:46:28+00:00,2021-08-01T01:46:28+00:00,124,124,7,7,22937,https://www.bestfightodds.com/events/ufc-on-espn-hall-vs-strickland-2165
UFC on ESPN: Hall vs. Strickland,2021-07-31,Bryan Barberena,Jason Witt,-200,170,-264,212,-264,212,2021-07-11T00:42:07+00:00,2021-07-11T00:42:07+00:00,2021-08-01T01:16:28+00:00,2021-08-01T01:16:28+00:00,110,110,7,7,22814,https://www.bestfightodds.com/events/ufc-on-espn-hall-vs-strickland-2165
UFC on ESPN: Hall vs. Strickland,2021-07-31,Chris Gruetzemacher,Rafa Garcia,150,-175,252,-324,252,-324,2021-07-11T00:42:07+00:00,2021-07-11T00:42:07+00:00,2021-08-01T00:41:26+00:00,2021-08-01T00:41:26+00:00,135,135,7,7,22936,https://www.bestfightodds.com/events/ufc-on-espn-hall-vs-strickland-2165
UFC on ESPN: Hall vs. Strickland,2021-07-31,Danny Chavez,Kai Kamaka Iii.,-110,-110,-101,-122,-101,-122,2021-07-23T02:08:07+00:00,2021-07-23T02:08:07+00:00,2021-08-01T00:09:28+00:00,2021-08-01T00:09:28+00:00,116,116,7,7,23592,https://www.bestfightodds.com/events/ufc-on-espn-hall-vs-strickland-2165
UFC on ESPN: Hall vs. Strickland,2021-07-31,Ashley Yoder,Jinh Yu Frey,-140,120,-160,133,-160,133,2021-07-11T00:44:06+00:00,2021-07-11T00:44:06+00:00,2021-07-31T23:42:28+00:00,2021-07-31T23:42:28+00:00,119,119,7,7,22951,https://www.bestfightodds.com/events/ufc-on-espn-hall-vs-strickland-2165
UFC on ESPN: Hall vs. Strickland,2021-07-31,Ryan Benoit,Zarrukh Adashev,-140,120,-139,114,-139,114,2021-07-11T00:44:06+00:00,2021-07-11T00:44:06+00:00,2021-07-31T23:08:28+00:00,2021-07-31T23:08:28+00:00,137,137,7,7,23460,https://www.bestfightodds.com/events/ufc-on-espn-hall-vs-strickland-2165
UFC on ESPN: Hall vs. Strickland,2021-07-31,Orion Cosce,Phillip Rowe,-185,160,-167,140,-167,140,2021-07-11T00:42:07+00:00,2021-07-11T00:42:07+00:00,2021-07-31T22:42:29+00:00,2021-07-31T22:42:29+00:00,192,192,7,7,22895,https://www.bestfightodds.com/events/ufc-on-espn-hall-vs-strickland-2165
UFC 282,2022-12-10,Jan Brachowicz,Magomed Ankalaev,170,-200,275,-348,275,-348,2022-10-12T16:54:17+00:00,2022-10-12T16:54:17+00:00,2022-12-11T05:35:29+00:00,2022-12-11T05:35:29+00:00,121,121,7,7,28900,https://www.bestfightodds.com/events/ufc-282-2621
UFC 282,2022-12-10,Jared Gordon,Paddy Pimblett,-145,125,212,-262,212,-262,2022-10-22T14:28:17+00:00,2022-10-22T14:28:17+00:00,2022-12-11T04:56:31+00:00,2022-12-11T04:56:31+00:00,155,155,7,7,28995,https://www.bestfightodds.com/events/ufc-282-2621
UFC 282,2022-12-10,Alex Morono,Santiago Ponzinibbio,220,-260,134,-159,134,-159,2022-12-06T20:34:13+00:00,2022-12-06T20:34:13+00:00,2022-12-11T04:20:37+00:00,2022-12-11T04:20:37+00:00,99,99,7,7,29485,https://www.bestfightodds.com/events/ufc-282-2621
UFC 282,2022-12-10,Darren Till,Dricus Du Plessis,115,-135,163,-196,163,-196,2022-10-12T22:48:18+00:00,2022-10-12T22:48:18+00:00,2022-12-11T03:46:33+00:00,2022-12-11T03:46:33+00:00,167,167,7,7,28551,https://www.bestfightodds.com/events/ufc-282-2621
UFC 282,2022-12-10,Jay Perrin,Raul Rosas Jr.,170,-200,217,-267,217,-267,2022-10-28T23:28:28+00:00,2022-10-28T23:28:28+00:00,2022-12-11T02:40:35+00:00,2022-12-11T02:40:35+00:00,123,123,7,7,29036,https://www.bestfightodds.com/events/ufc-282-2621
UFC 282,2022-12-10,Chris Daukaus,Jairzinho Rozenstruik,140,-160,147,-176,147,-176,2022-11-06T20:40:08+00:00,2022-11-06T20:40:08+00:00,2022-12-11T02:07:01+00:00,2022-12-11T02:07:01+00:00,105,105,7,7,28770,https://www.bestfightodds.com/events/ufc-282-2621
UFC 282,2022-12-10,Dalcha Lungiambula,Edmen Shahbazyan,350,-450,259,-323,259,-323,2022-11-06T20:36:08+00:00,2022-11-06T20:36:08+00:00,2022-12-11T01:40:43+00:00,2022-12-11T01:40:43+00:00,111,111,7,7,29035,https://www.bestfightodds.com/events/ufc-282-2621
UFC 282,2022-12-10,Chris Curtis,Joaquin Buckley,105,-125,144,-173,144,-173,2022-11-06T20:38:07+00:00,2022-11-06T20:38:07+00:00,2022-12-11T01:14:07+00:00,2022-12-11T01:14:07+00:00,139,139,7,7,29211,https://www.bestfightodds.com/events/ufc-282-2621
UFC 282,2022-12-10,Alexander Hernandez,Billy Quarantillo,180,-210,144,-173,144,-173,2022-11-06T20:38:07+00:00,2022-11-06T20:38:07+00:00,2022-12-11T00:45:18+00:00,2022-12-11T00:45:18+00:00,79,79,7,7,28403,https://www.bestfightodds.com/events/ufc-282-2621
UFC 282,2022-12-10,Erik Silva,T.J. Brown,-225,190,-107,-112,-107,-112,2022-11-06T20:38:07+00:00,2022-11-06T20:38:07+00:00,2022-12-11T00:19:54+00:00,2022-12-11T00:19:54+00:00,120,120,6,6,28546,https://www.bestfightodds.com/events/ufc-282-2621
UFC 282,2022-12-10,Cameron Saaiman,Steven Koslow,-150,130,-316,253,-316,253,2022-11-30T21:24:19+00:00,2022-11-30T21:24:19+00:00,2022-12-10T23:45:15+00:00,2022-12-10T23:45:15+00:00,131,131,7,7,29456,https://www.bestfightodds.com/events/ufc-282-2621
UFC 282,2022-12-10,Robbie Lawler,Santiago Ponzinibbio,300,-400,300,-400,300,-400,2022-11-16T02:08:23+00:00,2022-11-16T02:08:23+00:00,2022-12-02T15:00:27+00:00,2022-12-02T15:00:27+00:00,3,3,1,1,28251,https://www.bestfightodds.com/events/ufc-282-2621
UFC 282,2022-12-10,Alexander Gustafsson,Ovince St. Preux,-175,140,-175,140,-175,140,2022-11-16T02:08:23+00:00,2022-11-16T02:08:23+00:00,2022-11-16T02:08:23+00:00,2022-11-16T02:08:23+00:00,1,1,1,1,28899,https://www.bestfightodds.com/events/ufc-282-2621
UFC 282,2022-12-10,Cameron Saaiman,Ronnie Lawrence,200,-250,200,-250,200,-250,2022-11-16T02:12:24+00:00,2022-11-16T02:12:24+00:00,2022-11-16T02:12:24+00:00,2022-11-16T02:12:24+00:00,1,1,1,1,28827,https://www.bestfightodds.com/events/ufc-282-2621
UFC 282,2022-12-10,Antonio Trocoli,Ovince St. Preux,-105,-115,-105,-115,-105,-115,2022-12-03T23:12:25+00:00,2022-12-03T23:12:25+00:00,2022-12-03T23:12:25+00:00,2022-12-03T23:12:25+00:00,1,1,1,1,29395,https://www.bestfightodds.com/events/ufc-282-2621
UFC 281,2022-11-12,Alex Pereira,Israel Adesanya,170,-200,214,-242,214,-242,2022-07-03T03:38:10+00:00,2022-07-03T03:38:10+00:00,2022-11-13T05:28:17+00:00,2022-11-13T05:28:17+00:00,166,166,7,7,27691,https://www.bestfightodds.com/events/ufc-281-2529
UFC 281,2022-11-12,Chris Gutierrez,Frankie Edgar,-130,110,-245,200,-245,200,2022-10-23T16:54:07+00:00,2022-10-23T16:54:07+00:00,2022-11-13T03:48:15+00:00,2022-11-13T03:48:15+00:00,80,80,7,7,28836,https://www.bestfightodds.com/events/ufc-281-2529
UFC 281,2022-11-12,Claudio Puelles,Dan Hooker,170,-200,131,-159,131,-159,2022-10-23T16:54:07+00:00,2022-10-23T16:54:07+00:00,2022-11-13T03:20:09+00:00,2022-11-13T03:20:09+00:00,144,144,7,7,28767,https://www.bestfightodds.com/events/ufc-281-2529
UFC 281,2022-11-12,Brad Riddell,Renato Moicano,-110,-110,107,-130,107,-130,2022-10-23T16:54:07+00:00,2022-10-23T16:54:07+00:00,2022-11-13T02:38:19+00:00,2022-11-13T02:38:19+00:00,60,60,7,7,28766,https://www.bestfightodds.com/events/ufc-281-2529
UFC 281,2022-11-12,Dominick Reyes,Ryan Spann,-195,170,-221,180,-221,180,2022-10-23T16:54:08+00:00,2022-10-23T16:54:08+00:00,2022-11-13T02:10:18+00:00,2022-11-13T02:10:18+00:00,57,57,7,7,28203,https://www.bestfightodds.com/events/ufc-281-2529
UFC 281,2022-11-12,Erin Blanchfield,Molly McCann,-500,375,-413,316,-413,316,2022-10-23T16:54:08+00:00,2022-10-23T16:54:08+00:00,2022-11-13T01:42:14+00:00,2022-11-13T01:42:14+00:00,130,130,7,7,28163,https://www.bestfightodds.com/events/ufc-281-2529
UFC 281,2022-11-12,Andre Petroski,Wellington Turman,-190,165,-187,157,-187,157,2022-10-23T16:54:08+00:00,2022-10-23T16:54:08+00:00,2022-11-13T01:10:23+00:00,2022-11-13T01:10:23+00:00,63,63,7,7,28677,https://www.bestfightodds.com/events/ufc-281-2529
UFC 281,2022-11-12,Matt Frevola,Ottman Azaitar,105,-125,142,-171,142,-171,2022-10-23T16:54:09+00:00,2022-10-23T16:54:09+00:00,2022-11-13T00:38:14+00:00,2022-11-13T00:38:14+00:00,179,179,7,7,28269,https://www.bestfightodds.com/events/ufc-281-2529
UFC 281,2022-11-12,Karolina Kowalkiewicz,Silvana Gomez Juarez,-170,145,-105,-115,-105,-115,2022-10-23T16:54:08+00:00,2022-10-23T16:54:08+00:00,2022-11-13T00:00:36+00:00,2022-11-13T00:00:36+00:00,119,119,7,7,28229,https://www.bestfightodds.com/events/ufc-281-2529
UFC 281,2022-11-12,Michael Trizano,Seung Woo Choi,155,-180,157,-189,157,-189,2022-10-23T16:54:08+00:00,2022-10-23T16:54:08+00:00,2022-11-12T23:49:13+00:00,2022-11-12T23:49:13+00:00,56,56,7,7,28214,https://www.bestfightodds.com/events/ufc-281-2529
UFC 281,2022-11-12,Julio Arce,Montel Jackson,130,-150,167,-201,167,-201,2022-10-23T16:54:09+00:00,2022-10-23T16:54:09+00:00,2022-11-12T23:15:34+00:00,2022-11-12T23:15:34+00:00,66,66,7,7,28514,https://www.bestfightodds.com/events/ufc-281-2529
UFC 281,2022-11-12,Carlos Ulberg,Nicolae Negumereanu,-200,170,-132,110,-132,110,2022-10-23T16:54:09+00:00,2022-10-23T16:54:09+00:00,2022-11-12T23:00:15+00:00,2022-11-12T23:00:15+00:00,105,105,7,7,28327,https://www.bestfightodds.com/events/ufc-281-2529
Bellator 280,2022-05-06,Cheick Kongo,Ryan Bader,250,-300,404,-539,404,-539,2022-05-02T13:24:05+00:00,2022-05-02T13:24:05+00:00,2022-05-06T21:52:23+00:00,2022-05-06T21:52:23+00:00,90,90,6,6,27022,https://www.bestfightodds.com/events/bellator-280-2522
Bellator 280,2022-05-06,Alex Polizzi,Yoel Romero,210,-275,153,-185,153,-185,2022-05-02T20:22:22+00:00,2022-05-02T20:22:22+00:00,2022-05-06T21:12:31+00:00,2022-05-06T21:12:31+00:00,94,94,6,6,27035,https://www.bestfightodds.com/events/bellator-280-2522
Bellator 280,2022-05-06,Benjamin Brander,Davy Gallon,400,-550,426,-594,426,-594,2022-05-04T20:09:28+00:00,2022-05-04T20:09:28+00:00,2022-05-06T20:17:29+00:00,2022-05-06T20:17:29+00:00,17,17,5,5,27073,https://www.bestfightodds.com/events/bellator-280-2522
Bellator 280,2022-05-06,Kyle Stewart,Lorenz Larkin,250,-300,374,-501,374,-501,2022-05-02T13:26:06+00:00,2022-05-02T13:26:06+00:00,2022-05-06T20:30:34+00:00,2022-05-06T20:30:34+00:00,77,77,6,6,27026,https://www.bestfightodds.com/events/bellator-280-2522
Bellator 280,2022-05-06,Gregory Babene,Mike Shipman,-125,105,154,-185,154,-185,2022-05-02T13:26:06+00:00,2022-05-02T13:26:06+00:00,2022-05-06T20:18:25+00:00,2022-05-06T20:18:25+00:00,49,49,6,6,27027,https://www.bestfightodds.com/events/bellator-280-2522
Bellator 280,2022-05-06,Pedro Carvalho,Piotr Niedzielski,-185,160,-160,132,-160,132,2022-05-02T13:40:09+00:00,2022-05-02T13:40:09+00:00,2022-05-06T19:32:29+00:00,2022-05-06T19:32:29+00:00,60,60,6,6,27032,https://www.bestfightodds.com/events/bellator-280-2522
Bellator 280,2022-05-06,Lewis Long,Thibault Gouti,-110,-110,-105,-117,-105,-117,2022-05-02T13:40:08+00:00,2022-05-02T13:40:08+00:00,2022-05-06T19:10:31+00:00,2022-05-06T19:10:31+00:00,57,57,6,6,27028,https://www.bestfightodds.com/events/bellator-280-2522
Bellator 280,2022-05-06,Fabacary Diatta,Jordan Barton,-300,250,-251,201,-251,201,2022-05-02T13:40:08+00:00,2022-05-02T13:40:08+00:00,2022-05-06T18:44:29+00:00,2022-05-06T18:44:29+00:00,79,79,6,6,27029,https://www.bestfightodds.com/events/bellator-280-2522
Bellator 280,2022-05-06,Charlie Leary,Soren Bak,250,-300,590,-933,590,-933,2022-05-02T13:24:05+00:00,2022-05-02T13:24:05+00:00,2022-05-06T16:44:24+00:00,2022-05-06T16:44:24+00:00,42,42,6,6,27025,https://www.bestfightodds.com/events/bellator-280-2522
Bellator 280,2022-05-06,Gavin Hughes,Yves Landu,-170,145,-164,135,-164,135,2022-05-02T13:24:05+00:00,2022-05-02T13:24:05+00:00,2022-05-06T17:56:41+00:00,2022-05-06T17:56:41+00:00,44,44,6,6,27024,https://www.bestfightodds.com/events/bellator-280-2522
Bellator 280,2022-05-06,Katarzyna Sadura,Lucie Bertaud,-200,170,135,-163,135,-163,2022-05-02T13:40:08+00:00,2022-05-02T13:40:08+00:00,2022-05-06T17:28:29+00:00,2022-05-06T17:28:29+00:00,81,81,6,6,27031,https://www.bestfightodds.com/events/bellator-280-2522
Bellator 280,2022-05-06,Matthieu Letho,Youcef Ouabbas,210,-250,-111,-110,-111,-110,2022-05-02T13:42:05+00:00,2022-05-02T13:42:05+00:00,2022-05-06T17:16:43+00:00,2022-05-06T17:16:43+00:00,42,42,5,5,27033,https://www.bestfightodds.com/events/bellator-280-2522
Bellator 280,2022-05-06,Bourama Camara,Victor Verchere,145,-170,-116,-107,-116,-107,2022-05-02T13:46:05+00:00,2022-05-02T13:46:05+00:00,2022-05-06T16:46:41+00:00,2022-05-06T16:46:41+00:00,82,82,6,6,27034,https://www.bestfightodds.com/events/bellator-280-2522
Bellator 280,2022-05-06,Matthieu Duclos,Youcef Ouabbas,-121,-115,-125,-112,-125,-112,2022-05-03T07:20:25+00:00,2022-05-03T07:20:25+00:00,2022-05-06T09:32:30+00:00,2022-05-06T09:32:30+00:00,3,3,1,1,27047,https://www.bestfightodds.com/events/bellator-280-2522
Bellator 280,2022-05-06,Joel Kouadja,Nicolo Solli,240,-300,240,-300,240,-300,2022-05-02T20:34:23+00:00,2022-05-02T20:34:23+00:00,2022-05-02T20:34:23+00:00,2022-05-02T20:34:23+00:00,1,1,1,1,27030,https://www.bestfightodds.com/events/bellator-280-2522
UFC 279,2022-09-10,Louis Cosce,Trevin Giles,105,-125,172,-203,172,-203,2022-09-07T13:14:16+00:00,2022-09-07T13:14:16+00:00,2022-09-10T19:20:27+00:00,2022-09-10T19:20:27+00:00,5,5,2,2,28410,https://www.bestfightodds.com/events/ufc-279-2541
UFC 279,2022-09-10,Cameron Vancamp,Nikolas Motta,250,-300,198,-235,198,-235,2022-09-07T13:14:16+00:00,2022-09-07T13:14:16+00:00,2022-09-11T05:48:15+00:00,2022-09-11T05:48:15+00:00,11,11,2,2,28409,https://www.bestfightodds.com/events/ufc-279-2541
UFC 279,2022-09-10,Daniel Zellhuber,Trey Ogden,135,-155,-232,193,-232,193,2022-09-07T13:14:16+00:00,2022-09-07T13:14:16+00:00,2022-09-10T19:20:27+00:00,2022-09-10T19:20:27+00:00,13,13,2,2,28408,https://www.bestfightodds.com/events/ufc-279-2541
UFC 279,2022-09-10,Nate Diaz,Tony Ferguson,-155,135,123,-147,123,-147,2022-09-09T18:34:16+00:00,2022-09-09T18:34:16+00:00,2022-09-11T04:12:26+00:00,2022-09-11T04:12:26+00:00,258,258,7,7,28455,https://www.bestfightodds.com/events/ufc-279-2541
UFC 279,2022-09-10,Kevin Holland,Khamzat Chimaev,675,-1000,408,-558,408,-558,2022-09-09T19:22:17+00:00,2022-09-09T19:22:17+00:00,2022-09-11T03:50:27+00:00,2022-09-11T03:50:27+00:00,84,84,7,7,28457,https://www.bestfightodds.com/events/ufc-279-2541
UFC 279,2022-09-10,Daniel Rodriguez,Jingliang Li,-150,130,-167,140,-167,140,2022-09-09T19:16:17+00:00,2022-09-09T19:16:17+00:00,2022-09-11T03:10:08+00:00,2022-09-11T03:10:08+00:00,98,98,7,7,28456,https://www.bestfightodds.com/events/ufc-279-2541
UFC 279,2022-09-10,Daniel Rodriguez,Kevin Holland,180,-225,165,-200,165,-200,2022-09-02T07:14:23+00:00,2022-09-02T07:14:23+00:00,2022-09-08T20:52:23+00:00,2022-09-08T20:52:23+00:00,5,5,1,1,28368,https://www.bestfightodds.com/events/ufc-279-2541
UFC 279,2022-09-10,Irene Aldana,Macy Chiasson,-156,136,-182,151,-182,151,2022-08-29T12:02:11+00:00,2022-08-29T12:02:11+00:00,2022-09-11T02:40:27+00:00,2022-09-11T02:40:27+00:00,144,144,7,7,28371,https://www.bestfightodds.com/events/ufc-279-2541
UFC 279,2022-09-10,Ion Cutelaba,Johnny Walker,-180,155,-197,164,-197,164,2022-08-24T14:24:08+00:00,2022-08-24T14:24:08+00:00,2022-09-11T02:18:10+00:00,2022-09-11T02:18:10+00:00,95,95,7,7,28325,https://www.bestfightodds.com/events/ufc-279-2541
UFC 279,2022-09-10,Hakeem Dawodu,Julian Erosa,-190,165,-219,181,-219,181,2022-08-24T12:42:05+00:00,2022-08-24T12:42:05+00:00,2022-09-11T01:32:09+00:00,2022-09-11T01:32:09+00:00,82,82,7,7,27967,https://www.bestfightodds.com/events/ufc-279-2541
UFC 279,2022-09-10,Anton Turkalj,Jailton Almeida,750,-1500,494,-699,494,-699,2022-09-01T19:56:15+00:00,2022-09-01T19:56:15+00:00,2022-09-11T01:10:16+00:00,2022-09-11T01:10:16+00:00,92,92,7,7,28405,https://www.bestfightodds.com/events/ufc-279-2541
UFC 279,2022-09-10,Denis Tiuliulin,Jamie Pickett,155,-180,110,-133,110,-133,2022-08-24T13:04:06+00:00,2022-08-24T13:04:06+00:00,2022-09-11T00:36:12+00:00,2022-09-11T00:36:12+00:00,51,51,7,7,27754,https://www.bestfightodds.com/events/ufc-279-2541
UFC 279,2022-09-10,Chris Barnett,Jake Collier,250,-300,371,-493,371,-493,2022-08-24T12:42:05+00:00,2022-08-24T12:42:05+00:00,2022-09-11T00:08:12+00:00,2022-09-11T00:08:12+00:00,68,68,7,7,27944,https://www.bestfightodds.com/events/ufc-279-2541
UFC 279,2022-09-10,Danyelle Wolf,Norma Dumont,285,-350,309,-401,309,-401,2022-08-24T12:46:07+00:00,2022-08-24T12:46:07+00:00,2022-09-10T23:36:18+00:00,2022-09-10T23:36:18+00:00,86,86,7,7,27542,https://www.bestfightodds.com/events/ufc-279-2541
UFC 279,2022-09-10,Chad Anheliger,Heili Alateng,215,-255,146,-176,146,-176,2022-08-26T12:30:07+00:00,2022-08-26T12:30:07+00:00,2022-09-10T23:10:13+00:00,2022-09-10T23:10:13+00:00,94,94,7,7,28346,https://www.bestfightodds.com/events/ufc-279-2541
UFC 279,2022-09-10,Elise Reed,Mellisa Martinez,212,-252,143,-171,143,-171,2022-08-24T13:10:08+00:00,2022-08-24T13:10:08+00:00,2022-09-10T22:44:17+00:00,2022-09-10T22:44:17+00:00,78,78,7,7,27693,https://www.bestfightodds.com/events/ufc-279-2541
UFC 279,2022-09-10,Darian Weeks,Yohan Lainesse,130,-150,-122,100,-122,100,2022-08-26T12:30:07+00:00,2022-08-26T12:30:07+00:00,2022-09-10T22:16:29+00:00,2022-09-10T22:16:29+00:00,77,77,7,7,28173,https://www.bestfightodds.com/events/ufc-279-2541
UFC 279,2022-09-10,Jailtom Almeida,Shamil Abdurakhimov,500,-700,-700,500,-700,500,2022-08-28T22:52:22+00:00,2022-08-28T22:52:22+00:00,2022-08-28T22:56:22+00:00,2022-08-28T22:56:22+00:00,2,2,1,1,27945,https://www.bestfightodds.com/events/ufc-279-2541
UFC Fight Night: Gane vs. Tuivasa,2022-09-03,Khalid Taha,Taylor Lapilus,270,-350,225,-275,225,-275,2022-08-19T01:46:23+00:00,2022-08-19T01:46:23+00:00,2022-08-25T18:54:25+00:00,2022-08-25T18:54:25+00:00,4,4,1,1,27917,https://www.bestfightodds.com/events/ufc-fight-night-gane-vs-tuivasa-2518
UFC Fight Night: Gane vs. Tuivasa,2022-09-03,Ailin Perez,Zarah Fairn Dos Santos,-250,200,-250,200,-250,200,2022-08-23T19:14:23+00:00,2022-08-23T19:14:23+00:00,2022-08-23T19:14:23+00:00,2022-08-23T19:14:23+00:00,1,1,1,1,27356,https://www.bestfightodds.com/events/ufc-fight-night-gane-vs-tuivasa-2518
UFC Fight Night: Gane vs. Tuivasa,2022-09-03,Danny Henry,Ricardo Ramos,333,-450,333,-450,333,-450,2022-08-23T19:42:23+00:00,2022-08-23T19:42:23+00:00,2022-08-23T19:42:23+00:00,2022-08-23T19:42:23+00:00,1,1,1,1,28223,https://www.bestfightodds.com/events/ufc-fight-night-gane-vs-tuivasa-2518
UFC Fight Night: Gane vs. Tuivasa,2022-09-03,Ciryl Gane,Tai Tuivasa,-300,250,-530,398,-530,398,2022-04-30T13:58:14+00:00,2022-04-30T13:58:14+00:00,2022-09-03T21:50:21+00:00,2022-09-03T21:50:21+00:00,115,115,7,7,26996,https://www.bestfightodds.com/events/ufc-fight-night-gane-vs-tuivasa-2518
UFC Fight Night: Gane vs. Tuivasa,2022-09-03,Marvin Vettori,Robert Whittaker,188,-225,179,-218,179,-218,2022-06-12T06:00:30+00:00,2022-06-12T06:00:30+00:00,2022-09-03T21:12:08+00:00,2022-09-03T21:12:08+00:00,102,102,7,7,27467,https://www.bestfightodds.com/events/ufc-fight-night-gane-vs-tuivasa-2518
UFC Fight Night: Gane vs. Tuivasa,2022-09-03,Alessio Di Chirico,Roman Kopylov,-150,130,-107,-114,-107,-114,2022-08-10T02:38:19+00:00,2022-08-10T02:38:19+00:00,2022-09-03T20:04:08+00:00,2022-09-03T20:04:08+00:00,88,88,7,7,27360,https://www.bestfightodds.com/events/ufc-fight-night-gane-vs-tuivasa-2518
UFC Fight Night: Gane vs. Tuivasa,2022-09-03,Joaquin Buckley,Nassourdine Imavov,155,-180,206,-255,206,-255,2022-08-10T02:38:19+00:00,2022-08-10T02:38:19+00:00,2022-09-03T20:42:26+00:00,2022-09-03T20:42:26+00:00,84,84,7,7,27756,https://www.bestfightodds.com/events/ufc-fight-night-gane-vs-tuivasa-2518
UFC Fight Night: Gane vs. Tuivasa,2022-09-03,Jarno Errens,William Gomi,190,-225,183,-224,183,-224,2022-08-26T12:26:08+00:00,2022-08-26T12:26:08+00:00,2022-09-03T19:48:27+00:00,2022-09-03T19:48:27+00:00,63,63,7,7,28360,https://www.bestfightodds.com/events/ufc-fight-night-gane-vs-tuivasa-2518
UFC Fight Night: Gane vs. Tuivasa,2022-09-03,Charles Jourdain,Nathaniel Wood,-200,170,-149,123,-149,123,2022-08-18T21:52:16+00:00,2022-08-18T21:52:16+00:00,2022-09-03T19:06:10+00:00,2022-09-03T19:06:10+00:00,104,104,7,7,28179,https://www.bestfightodds.com/events/ufc-fight-night-gane-vs-tuivasa-2518
UFC Fight Night: Gane vs. Tuivasa,2022-09-03,Abusupiyan Magomedov,Dustin Stoltzfus,-220,185,-291,233,-291,233,2022-08-10T02:38:19+00:00,2022-08-10T02:38:19+00:00,2022-09-03T18:36:08+00:00,2022-09-03T18:36:08+00:00,72,72,7,7,28150,https://www.bestfightodds.com/events/ufc-fight-night-gane-vs-tuivasa-2518
UFC Fight Night: Gane vs. Tuivasa,2022-09-03,John Makdessi,Nasrat Haqparast,170,-200,199,-245,199,-245,2022-08-10T02:38:19+00:00,2022-08-10T02:38:19+00:00,2022-09-03T18:06:28+00:00,2022-09-03T18:06:28+00:00,79,79,7,7,27591,https://www.bestfightodds.com/events/ufc-fight-night-gane-vs-tuivasa-2518
UFC Fight Night: Gane vs. Tuivasa,2022-09-03,Fares Ziam,Michal Figlak,-110,-110,171,-207,171,-207,2022-08-18T21:54:15+00:00,2022-08-18T21:54:15+00:00,2022-09-03T17:37:46+00:00,2022-09-03T17:37:46+00:00,82,82,7,7,28224,https://www.bestfightodds.com/events/ufc-fight-night-gane-vs-tuivasa-2518
UFC Fight Night: Gane vs. Tuivasa,2022-09-03,Benoit Saint-Denis,Gabriel Miranda,-188,150,-310,246,-310,246,2022-08-21T08:46:33+00:00,2022-08-21T08:46:33+00:00,2022-09-03T17:15:10+00:00,2022-09-03T17:15:10+00:00,180,180,7,7,28205,https://www.bestfightodds.com/events/ufc-fight-night-gane-vs-tuivasa-2518
UFC Fight Night: Gane vs. Tuivasa,2022-09-03,Cristian Quinonez,Khalid Taha,130,-150,100,-121,100,-121,2022-08-26T12:26:08+00:00,2022-08-26T12:26:08+00:00,2022-09-03T16:47:19+00:00,2022-09-03T16:47:19+00:00,92,92,7,7,28336,https://www.bestfightodds.com/events/ufc-fight-night-gane-vs-tuivasa-2518
UFC Fight Night: Gane vs. Tuivasa,2022-09-03,Ailin Perez,Stephanie Egger,125,-145,209,-261,209,-261,2022-08-26T12:26:08+00:00,2022-08-26T12:26:08+00:00,2022-09-03T16:20:31+00:00,2022-09-03T16:20:31+00:00,208,208,7,7,28361,https://www.bestfightodds.com/events/ufc-fight-night-gane-vs-tuivasa-2518
UFC 278: Usman vs. Edwards 2,2022-08-20,Kamaru Usman,Leon Edwards,-300,250,-350,277,-350,277,2022-01-18T22:40:08+00:00,2022-01-18T22:40:08+00:00,2022-08-21T05:38:05+00:00,2022-08-21T05:38:05+00:00,170,170,7,7,25821,https://www.bestfightodds.com/events/ufc-278-usman-vs-edwards-2-2545
UFC 278: Usman vs. Edwards 2,2022-08-20,Luke Rockhold,Paulo Costa,220,-260,281,-358,281,-358,2022-08-03T12:10:16+00:00,2022-08-03T12:10:16+00:00,2022-08-21T03:30:31+00:00,2022-08-21T03:30:31+00:00,125,125,7,7,27298,https://www.bestfightodds.com/events/ufc-278-usman-vs-edwards-2-2545
UFC 278: Usman vs. Edwards 2,2022-08-20,Jose Aldo,Merab Dvalishvili,-170,145,123,-147,123,-147,2022-08-03T12:10:16+00:00,2022-08-03T12:10:16+00:00,2022-08-21T03:04:17+00:00,2022-08-21T03:04:17+00:00,156,156,7,7,27548,https://www.bestfightodds.com/events/ufc-278-usman-vs-edwards-2-2545
UFC 278: Usman vs. Edwards 2,2022-08-20,Lucie Pudilova,Yanan Wu,-210,180,-145,120,-145,120,2022-08-03T12:12:19+00:00,2022-08-03T12:12:19+00:00,2022-08-21T02:36:29+00:00,2022-08-21T02:36:29+00:00,122,122,7,7,28018,https://www.bestfightodds.com/events/ufc-278-usman-vs-edwards-2-2545
UFC 278: Usman vs. Edwards 2,2022-08-20,Harry Hunsucker,Tyson Pedro,550,-750,560,-820,560,-820,2022-08-03T12:20:20+00:00,2022-08-03T12:20:20+00:00,2022-08-21T02:12:16+00:00,2022-08-21T02:12:16+00:00,62,62,7,7,27534,https://www.bestfightodds.com/events/ufc-278-usman-vs-edwards-2-2545
UFC 278: Usman vs. Edwards 2,2022-08-20,Alexander Romanov,Marcin Tybura,-240,205,-354,280,-354,280,2022-08-03T12:12:19+00:00,2022-08-03T12:12:19+00:00,2022-08-21T01:44:27+00:00,2022-08-21T01:44:27+00:00,198,198,7,7,27595,https://www.bestfightodds.com/events/ufc-278-usman-vs-edwards-2-2545
UFC 278: Usman vs. Edwards 2,2022-08-20,Jared Gordon,Leo Santos,-225,190,-276,221,-276,221,2022-08-03T12:30:16+00:00,2022-08-03T12:30:16+00:00,2022-08-21T01:16:32+00:00,2022-08-21T01:16:32+00:00,78,78,7,7,28021,https://www.bestfightodds.com/events/ufc-278-usman-vs-edwards-2-2545
UFC 278: Usman vs. Edwards 2,2022-08-20,Luis Saldana,Sean Woodson,250,-300,297,-379,297,-379,2022-08-03T12:12:19+00:00,2022-08-03T12:12:19+00:00,2022-08-21T00:44:28+00:00,2022-08-21T00:44:28+00:00,73,73,7,7,27600,https://www.bestfightodds.com/events/ufc-278-usman-vs-edwards-2-2545
UFC 278: Usman vs. Edwards 2,2022-08-20,A.J. Fletcher,Ange Loosa,-190,165,-166,137,-166,137,2022-08-03T12:14:14+00:00,2022-08-03T12:14:14+00:00,2022-08-21T00:08:10+00:00,2022-08-21T00:08:10+00:00,67,67,7,7,27599,https://www.bestfightodds.com/events/ufc-278-usman-vs-edwards-2-2545
UFC 278: Usman vs. Edwards 2,2022-08-20,Amir Albazi,Francisco Figueiredo,-300,250,-509,383,-509,383,2022-08-03T12:14:15+00:00,2022-08-03T12:14:15+00:00,2022-08-20T23:30:28+00:00,2022-08-20T23:30:28+00:00,88,88,7,7,27594,https://www.bestfightodds.com/events/ufc-278-usman-vs-edwards-2-2545
UFC 278: Usman vs. Edwards 2,2022-08-20,Jay Perrin,Qileng Aori,150,-185,113,-138,113,-138,2022-08-07T22:38:22+00:00,2022-08-07T22:38:22+00:00,2022-08-20T17:28:23+00:00,2022-08-20T17:28:23+00:00,44,44,3,3,28076,https://www.bestfightodds.com/events/ufc-278-usman-vs-edwards-2-2545
UFC 278: Usman vs. Edwards 2,2022-08-20,Aori Qileng,Jay Perrin,-300,250,-135,114,-135,114,2022-08-03T12:30:17+00:00,2022-08-03T12:30:17+00:00,2022-08-20T23:04:15+00:00,2022-08-20T23:04:15+00:00,75,75,4,4,27598,https://www.bestfightodds.com/events/ufc-278-usman-vs-edwards-2-2545
UFC 278: Usman vs. Edwards 2,2022-08-20,Daniel da Silva,Victor Altamirano,163,-225,140,-169,140,-169,2022-08-05T10:58:36+00:00,2022-08-05T10:58:36+00:00,2022-08-20T22:42:12+00:00,2022-08-20T22:42:12+00:00,106,106,7,7,28046,https://www.bestfightodds.com/events/ufc-278-usman-vs-edwards-2-2545
UFC 278: Usman vs. Edwards 2,2022-08-20,Miranda Maverick,Shanna Young,-350,280,-650,425,-650,425,2022-08-05T23:24:26+00:00,2022-08-05T23:24:26+00:00,2022-08-16T12:22:23+00:00,2022-08-16T12:22:23+00:00,7,7,1,1,27678,https://www.bestfightodds.com/events/ufc-278-usman-vs-edwards-2-2545
UFC Fight Night: Vera vs. Cruz,2022-08-13,Dominick Cruz,Marlon Vera,135,-155,178,-217,178,-217,2022-06-06T12:56:05+00:00,2022-06-06T12:56:05+00:00,2022-08-14T01:42:25+00:00,2022-08-14T01:42:25+00:00,136,136,7,7,27377,https://www.bestfightodds.com/events/ufc-fight-night-vera-vs-cruz-2552
UFC Fight Night: Vera vs. Cruz,2022-08-13,David Onama,Nate Landwehr,-300,250,-350,275,-350,275,2022-07-28T19:50:14+00:00,2022-07-28T19:50:14+00:00,2022-08-14T01:00:30+00:00,2022-08-14T01:00:30+00:00,124,124,7,7,27942,https://www.bestfightodds.com/events/ufc-fight-night-vera-vs-cruz-2552
UFC Fight Night: Vera vs. Cruz,2022-08-13,Iasmin Lucindo,Yazmin Jauregui,220,-260,181,-222,181,-222,2022-07-28T19:50:14+00:00,2022-07-28T19:50:14+00:00,2022-08-14T00:22:28+00:00,2022-08-14T00:22:28+00:00,91,91,7,7,27814,https://www.bestfightodds.com/events/ufc-fight-night-vera-vs-cruz-2552
UFC Fight Night: Vera vs. Cruz,2022-08-13,Azamat Murzakanov,Devin Clark,-175,150,-155,128,-155,128,2022-07-28T19:50:13+00:00,2022-07-28T19:50:13+00:00,2022-08-14T00:02:17+00:00,2022-08-14T00:02:17+00:00,116,116,7,7,27970,https://www.bestfightodds.com/events/ufc-fight-night-vera-vs-cruz-2552
UFC Fight Night: Vera vs. Cruz,2022-08-13,Ariane Lipski,Priscila Cachoeira,-185,160,-212,173,-212,173,2022-08-07T06:00:06+00:00,2022-08-07T06:00:06+00:00,2022-08-13T23:38:07+00:00,2022-08-13T23:38:07+00:00,56,56,7,7,28070,https://www.bestfightodds.com/events/ufc-fight-night-vera-vs-cruz-2552
UFC Fight Night: Vera vs. Cruz,2022-08-13,Bruno Silva,Gerald Meerschaert,-200,170,-322,254,-322,254,2022-07-28T19:50:14+00:00,2022-07-28T19:50:14+00:00,2022-08-13T23:14:51+00:00,2022-08-13T23:14:51+00:00,68,68,7,7,27244,https://www.bestfightodds.com/events/ufc-fight-night-vera-vs-cruz-2552
UFC Fight Night: Vera vs. Cruz,2022-08-13,Angela Hill,Lupita Godinez,300,-365,281,-363,281,-363,2022-08-08T12:08:06+00:00,2022-08-08T12:08:06+00:00,2022-08-13T22:35:07+00:00,2022-08-13T22:35:07+00:00,80,80,7,7,28077,https://www.bestfightodds.com/events/ufc-fight-night-vera-vs-cruz-2552
UFC Fight Night: Vera vs. Cruz,2022-08-13,Lukasz Brzeski,Martin Buday,170,-200,248,-314,248,-314,2022-07-28T19:50:14+00:00,2022-07-28T19:50:14+00:00,2022-08-13T22:10:35+00:00,2022-08-13T22:10:35+00:00,79,79,7,7,27971,https://www.bestfightodds.com/events/ufc-fight-night-vera-vs-cruz-2552
UFC Fight Night: Vera vs. Cruz,2022-08-13,Cynthia Calvillo,Nina Nunes,-140,120,-189,157,-189,157,2022-07-28T19:50:14+00:00,2022-07-28T19:50:14+00:00,2022-08-13T21:43:48+00:00,2022-08-13T21:43:48+00:00,85,85,7,7,27813,https://www.bestfightodds.com/events/ufc-fight-night-vera-vs-cruz-2552
UFC Fight Night: Vera vs. Cruz,2022-08-13,Charlie Ontiveros,Gabriel Benitez,220,-260,284,-371,284,-371,2022-07-28T19:50:14+00:00,2022-07-28T19:50:14+00:00,2022-08-13T21:20:22+00:00,2022-08-13T21:20:22+00:00,81,81,7,7,27816,https://www.bestfightodds.com/events/ufc-fight-night-vera-vs-cruz-2552
UFC Fight Night: Vera vs. Cruz,2022-08-13,Ode' Osbourne,Tyson Nam,-220,185,-391,306,-391,306,2022-08-03T01:52:14+00:00,2022-08-03T01:52:14+00:00,2022-08-13T20:58:19+00:00,2022-08-13T20:58:19+00:00,110,110,7,7,27948,https://www.bestfightodds.com/events/ufc-fight-night-vera-vs-cruz-2552
UFC Fight Night: Vera vs. Cruz,2022-08-13,Jason Witt,Josh Quinlan,210,-250,233,-290,233,-290,2022-08-07T06:00:06+00:00,2022-08-07T06:00:06+00:00,2022-08-13T20:25:35+00:00,2022-08-13T20:25:35+00:00,44,44,7,7,28071,https://www.bestfightodds.com/events/ufc-fight-night-vera-vs-cruz-2552
UFC Fight Night: Vera vs. Cruz,2022-08-13,Da'mon Blackshear,Youssef Zalal,145,-170,111,-135,111,-135,2022-08-07T04:18:10+00:00,2022-08-07T04:18:10+00:00,2022-08-13T20:10:51+00:00,2022-08-13T20:10:51+00:00,60,60,7,7,28049,https://www.bestfightodds.com/events/ufc-fight-night-vera-vs-cruz-2552
UFC on ESPN: Santos vs. Hill,2022-08-06,Ariane Lipski,Priscila Cachoeira,-155,125,-178,151,-178,151,2022-07-21T00:38:31+00:00,2022-07-21T00:38:31+00:00,2022-08-07T00:42:10+00:00,2022-08-07T00:42:10+00:00,21,21,2,2,27695,https://www.bestfightodds.com/events/ufc-on-espn-santos-vs-hill-2534
UFC on ESPN: Santos vs. Hill,2022-08-06,Jason Witt,Josh Quinlan,180,-240,197,-241,197,-241,2022-07-21T00:39:29+00:00,2022-07-21T00:39:29+00:00,2022-08-07T04:12:08+00:00,2022-08-07T04:12:08+00:00,14,14,2,2,27547,https://www.bestfightodds.com/events/ufc-on-espn-santos-vs-hill-2534
UFC on ESPN: Santos vs. Hill,2022-08-06,Jamahal Hill,Thiago Santos,-250,210,-325,258,-325,258,2022-07-18T14:54:07+00:00,2022-07-18T14:54:07+00:00,2022-08-07T04:32:29+00:00,2022-08-07T04:32:29+00:00,100,100,7,7,27878,https://www.bestfightodds.com/events/ufc-on-espn-santos-vs-hill-2534
UFC on ESPN: Santos vs. Hill,2022-08-06,Geoffrey Neal,Vicente Luque,150,-175,167,-200,167,-200,2022-07-18T14:54:07+00:00,2022-07-18T14:54:07+00:00,2022-08-07T04:00:22+00:00,2022-08-07T04:00:22+00:00,121,121,7,7,27149,https://www.bestfightodds.com/events/ufc-on-espn-santos-vs-hill-2534
UFC on ESPN: Santos vs. Hill,2022-08-06,Mohammed Usman,Zac Pauga,170,-200,233,-288,233,-288,2022-07-28T20:40:14+00:00,2022-07-28T20:40:14+00:00,2022-08-07T03:34:19+00:00,2022-08-07T03:34:19+00:00,74,74,7,7,27880,https://www.bestfightodds.com/events/ufc-on-espn-santos-vs-hill-2534
UFC on ESPN: Santos vs. Hill,2022-08-06,Brogan Walker,Juliana Miller,-160,140,115,-139,115,-139,2022-07-28T20:40:14+00:00,2022-07-28T20:40:14+00:00,2022-08-07T02:56:09+00:00,2022-08-07T02:56:09+00:00,93,93,6,6,27982,https://www.bestfightodds.com/events/ufc-on-espn-santos-vs-hill-2534
UFC on ESPN: Santos vs. Hill,2022-08-06,Brogan Walker-Sanchez,Juliana Miller,110,-135,110,-135,110,-135,2022-07-31T22:58:24+00:00,2022-07-31T22:58:24+00:00,2022-08-07T02:38:23+00:00,2022-08-07T02:38:23+00:00,5,5,1,1,28003,https://www.bestfightodds.com/events/ufc-on-espn-santos-vs-hill-2534
UFC on ESPN: Santos vs. Hill,2022-08-06,Augusto Sakai,Serghei Spivac,170,-200,245,-307,245,-307,2022-07-18T14:54:08+00:00,2022-07-18T14:54:08+00:00,2022-08-07T02:28:09+00:00,2022-08-07T02:28:09+00:00,123,123,7,7,27292,https://www.bestfightodds.com/events/ufc-on-espn-santos-vs-hill-2534
UFC on ESPN: Santos vs. Hill,2022-08-06,Erick Gonzalez,Terrance McKinney,300,-400,614,-938,614,-938,2022-07-18T14:58:08+00:00,2022-07-18T14:58:08+00:00,2022-08-07T01:56:14+00:00,2022-08-07T01:56:14+00:00,47,47,7,7,27151,https://www.bestfightodds.com/events/ufc-on-espn-santos-vs-hill-2534
UFC on ESPN: Santos vs. Hill,2022-08-06,Michar Oleksiejczuk,Sam Alvey,-330,270,-647,476,-647,476,2022-07-18T14:54:08+00:00,2022-07-18T14:54:08+00:00,2022-08-07T01:30:17+00:00,2022-08-07T01:30:17+00:00,87,87,7,7,27248,https://www.bestfightodds.com/events/ufc-on-espn-santos-vs-hill-2534
UFC on ESPN: Santos vs. Hill,2022-08-06,Bryan Battle,Takashi Sato,-200,170,-303,243,-303,243,2022-07-18T14:54:09+00:00,2022-07-18T14:54:09+00:00,2022-08-07T01:08:35+00:00,2022-08-07T01:08:35+00:00,99,99,7,7,27535,https://www.bestfightodds.com/events/ufc-on-espn-santos-vs-hill-2534
UFC on ESPN: Santos vs. Hill,2022-08-06,Cory McKenna,Miranda Granger,-210,180,-199,166,-199,166,2022-07-18T14:58:10+00:00,2022-07-18T14:58:10+00:00,2022-08-07T00:34:15+00:00,2022-08-07T00:34:15+00:00,73,73,7,7,27092,https://www.bestfightodds.com/events/ufc-on-espn-santos-vs-hill-2534
UFC on ESPN: Santos vs. Hill,2022-08-06,Mayra Bueno Silva,Stephanie Egger,-130,110,101,-118,101,-118,2022-07-18T14:58:10+00:00,2022-07-18T14:58:10+00:00,2022-08-07T00:04:14+00:00,2022-08-07T00:04:14+00:00,213,213,7,7,27758,https://www.bestfightodds.com/events/ufc-on-espn-santos-vs-hill-2534
UFC 277: Pena vs. Nunes 2,2022-07-30,Amanda Nunes,Julianna Pena,-250,210,-263,214,-263,214,2021-12-12T06:00:04+00:00,2021-12-12T06:00:04+00:00,2022-07-31T04:08:26+00:00,2022-07-31T04:08:26+00:00,167,167,7,7,25507,https://www.bestfightodds.com/events/ufc-277-pena-vs-nunes-2-2517
UFC 277: Pena vs. Nunes 2,2022-07-30,Brandon Moreno,Kai Kara-France.,-160,140,-210,173,-210,173,2022-06-07T23:20:13+00:00,2022-06-07T23:20:13+00:00,2022-07-31T03:26:34+00:00,2022-07-31T03:26:34+00:00,129,129,7,7,27145,https://www.bestfightodds.com/events/ufc-277-pena-vs-nunes-2-2517
UFC 277: Pena vs. Nunes 2,2022-07-30,Derrick Lewis,Sergei Pavlovich,-115,-105,128,-151,128,-151,2022-06-07T23:20:13+00:00,2022-06-07T23:20:13+00:00,2022-07-31T03:06:24+00:00,2022-07-31T03:06:24+00:00,230,230,7,7,26987,https://www.bestfightodds.com/events/ufc-277-pena-vs-nunes-2-2517
UFC 277: Pena vs. Nunes 2,2022-07-30,Alex Perez,Alexandre Pantoja,235,-275,162,-195,162,-195,2022-07-05T21:04:11+00:00,2022-07-05T21:04:11+00:00,2022-07-31T02:52:14+00:00,2022-07-31T02:52:14+00:00,163,163,7,7,27455,https://www.bestfightodds.com/events/ufc-277-pena-vs-nunes-2-2517
UFC 277: Pena vs. Nunes 2,2022-07-30,Anthony Smith,Magomed Ankalaev,300,-400,434,-598,434,-598,2022-06-07T23:20:13+00:00,2022-06-07T23:20:13+00:00,2022-07-31T02:20:08+00:00,2022-07-31T02:20:08+00:00,127,127,7,7,27432,https://www.bestfightodds.com/events/ufc-277-pena-vs-nunes-2-2517
UFC 277: Pena vs. Nunes 2,2022-07-30,Alex Morono,Matthew Semelsberger,-110,-110,149,-178,149,-178,2022-07-05T22:38:12+00:00,2022-07-05T22:38:12+00:00,2022-07-31T01:38:16+00:00,2022-07-31T01:38:16+00:00,114,114,7,7,27635,https://www.bestfightodds.com/events/ufc-277-pena-vs-nunes-2-2517
UFC 277: Pena vs. Nunes 2,2022-07-30,Drew Dober,Rafael Alves,-300,250,-176,148,-176,148,2022-06-07T23:20:13+00:00,2022-06-07T23:20:13+00:00,2022-07-31T01:14:23+00:00,2022-07-31T01:14:23+00:00,136,136,7,7,27184,https://www.bestfightodds.com/events/ufc-277-pena-vs-nunes-2-2517
UFC 277: Pena vs. Nunes 2,2022-07-30,Don'tale Mayes,Hamdy Abdelwahab,100,-120,-194,166,-194,166,2022-07-19T22:58:21+00:00,2022-07-19T22:58:21+00:00,2022-07-31T00:40:34+00:00,2022-07-31T00:40:34+00:00,171,171,7,7,27879,https://www.bestfightodds.com/events/ufc-277-pena-vs-nunes-2-2517
UFC 277: Pena vs. Nunes 2,2022-07-30,Drakkar Klose,Rafa Garcia,-185,160,-209,172,-209,172,2022-07-16T02:40:14+00:00,2022-07-16T02:40:14+00:00,2022-07-31T00:12:31+00:00,2022-07-31T00:12:31+00:00,114,114,7,7,27811,https://www.bestfightodds.com/events/ufc-277-pena-vs-nunes-2-2517
UFC 277: Pena vs. Nunes 2,2022-07-30,Adam Fugitt,Michael Morales,385,-500,463,-656,463,-656,2022-07-24T19:56:06+00:00,2022-07-24T19:56:06+00:00,2022-07-30T23:36:14+00:00,2022-07-30T23:36:14+00:00,40,40,7,7,27912,https://www.bestfightodds.com/events/ufc-277-pena-vs-nunes-2-2517
UFC 277: Pena vs. Nunes 2,2022-07-30,Ji Yeon Kim,Joselyne Edwards.,-150,130,108,-131,108,-131,2022-07-14T19:50:15+00:00,2022-07-14T19:50:15+00:00,2022-07-30T23:10:14+00:00,2022-07-30T23:10:14+00:00,137,137,7,7,27807,https://www.bestfightodds.com/events/ufc-277-pena-vs-nunes-2-2517
UFC 277: Pena vs. Nunes 2,2022-07-30,Ihor Potieria,Nicolae Negumereanu,-200,170,106,-123,106,-123,2022-06-07T23:22:12+00:00,2022-06-07T23:22:12+00:00,2022-07-30T22:44:17+00:00,2022-07-30T22:44:17+00:00,173,173,7,7,27265,https://www.bestfightodds.com/events/ufc-277-pena-vs-nunes-2-2517
UFC 277: Pena vs. Nunes 2,2022-07-30,Mike Mathetha,Orion Cosce,140,-188,171,-213,171,-213,2022-06-10T11:42:35+00:00,2022-06-10T11:42:35+00:00,2022-07-30T22:06:37+00:00,2022-07-30T22:06:37+00:00,46,46,5,5,27457,https://www.bestfightodds.com/events/ufc-277-pena-vs-nunes-2-2517
UFC 277: Pena vs. Nunes 2,2022-07-30,Blood Diamond,Orion Cosce,130,-150,168,-196,168,-196,2022-06-07T23:22:12+00:00,2022-06-07T23:22:12+00:00,2022-07-30T22:08:16+00:00,2022-07-30T22:08:16+00:00,79,79,2,2,27434,https://www.bestfightodds.com/events/ufc-277-pena-vs-nunes-2-2517
UFC 277: Pena vs. Nunes 2,2022-07-30,Ji Yeon Kim,Mariya Agapova,165,-200,175,-225,175,-225,2022-06-20T15:36:23+00:00,2022-06-20T15:36:23+00:00,2022-07-07T18:56:23+00:00,2022-07-07T18:56:23+00:00,4,4,1,1,27266,https://www.bestfightodds.com/events/ufc-277-pena-vs-nunes-2-2517
UFC Fight Night: Blaydes vs. Aspinall,2022-07-23,Curtis Blaydes,Tom Aspinall,-108,-108,133,-157,133,-157,2022-04-30T22:40:27+00:00,2022-04-30T22:40:27+00:00,2022-07-23T21:52:27+00:00,2022-07-23T21:52:27+00:00,262,262,7,7,26997,https://www.bestfightodds.com/events/ufc-fight-night-blaydes-vs-aspinall-2519
UFC Fight Night: Blaydes vs. Aspinall,2022-07-23,Chris Curtis,Jack Hermansson,140,-160,-110,-109,-110,-109,2022-07-07T20:42:13+00:00,2022-07-07T20:42:13+00:00,2022-07-23T21:18:07+00:00,2022-07-23T21:18:07+00:00,219,219,7,7,27745,https://www.bestfightodds.com/events/ufc-fight-night-blaydes-vs-aspinall-2519
UFC Fight Night: Blaydes vs. Aspinall,2022-07-23,Jordan Leavitt,Paddy Pimblett,330,-400,235,-289,235,-289,2022-05-27T13:54:10+00:00,2022-05-27T13:54:10+00:00,2022-07-23T20:46:18+00:00,2022-07-23T20:46:18+00:00,145,145,7,7,27300,https://www.bestfightodds.com/events/ufc-fight-night-blaydes-vs-aspinall-2519
UFC Fight Night: Blaydes vs. Aspinall,2022-07-23,Alexander Gustafsson,Nikita Krylov,170,-250,168,-202,168,-202,2022-06-13T14:44:24+00:00,2022-06-13T14:44:24+00:00,2022-07-23T20:28:29+00:00,2022-07-23T20:28:29+00:00,125,125,7,7,26983,https://www.bestfightodds.com/events/ufc-fight-night-blaydes-vs-aspinall-2519
UFC Fight Night: Blaydes vs. Aspinall,2022-07-23,Hannah Goldy,Molly McCann,170,-200,378,-491,378,-491,2022-06-29T19:30:16+00:00,2022-06-29T19:30:16+00:00,2022-07-23T20:06:48+00:00,2022-07-23T20:06:48+00:00,123,123,7,7,27140,https://www.bestfightodds.com/events/ufc-fight-night-blaydes-vs-aspinall-2519
UFC Fight Night: Blaydes vs. Aspinall,2022-07-23,Paul Craig,Volkan Oezdemir,170,-200,120,-142,120,-142,2022-06-29T19:30:16+00:00,2022-06-29T19:30:16+00:00,2022-07-23T19:30:18+00:00,2022-07-23T19:30:18+00:00,240,240,7,7,27153,https://www.bestfightodds.com/events/ufc-fight-night-blaydes-vs-aspinall-2519
UFC Fight Night: Blaydes vs. Aspinall,2022-07-23,Ludovit Klein,Mason Jones,275,-325,331,-427,331,-427,2022-07-17T04:10:04+00:00,2022-07-17T04:10:04+00:00,2022-07-23T18:54:13+00:00,2022-07-23T18:54:13+00:00,80,80,7,7,27812,https://www.bestfightodds.com/events/ufc-fight-night-blaydes-vs-aspinall-2519
UFC Fight Night: Blaydes vs. Aspinall,2022-07-23,Damir Hadrovir,Marc Diakiese,250,-300,328,-419,328,-419,2022-06-29T19:30:17+00:00,2022-06-29T19:30:17+00:00,2022-07-23T18:30:22+00:00,2022-07-23T18:30:22+00:00,119,119,7,7,27288,https://www.bestfightodds.com/events/ufc-fight-night-blaydes-vs-aspinall-2519
UFC Fight Night: Blaydes vs. Aspinall,2022-07-23,Charles Rosa,Nathaniel Wood,285,-350,435,-592,435,-592,2022-06-29T19:30:17+00:00,2022-06-29T19:30:17+00:00,2022-07-23T18:02:25+00:00,2022-07-23T18:02:25+00:00,87,87,7,7,27675,https://www.bestfightodds.com/events/ufc-fight-night-blaydes-vs-aspinall-2519
UFC Fight Night: Blaydes vs. Aspinall,2022-07-23,Jonathan Pearce,Makwan Amirkhani,-185,160,-161,137,-161,137,2022-06-29T19:30:17+00:00,2022-06-29T19:30:17+00:00,2022-07-23T17:46:16+00:00,2022-07-23T17:46:16+00:00,133,133,7,7,27263,https://www.bestfightodds.com/events/ufc-fight-night-blaydes-vs-aspinall-2519
UFC Fight Night: Blaydes vs. Aspinall,2022-07-23,Charles Johnson,Muhammad Mokaev,380,-490,372,-486,372,-486,2022-05-05T15:12:32+00:00,2022-05-05T15:12:32+00:00,2022-07-23T17:18:13+00:00,2022-07-23T17:18:13+00:00,101,101,7,7,26935,https://www.bestfightodds.com/events/ufc-fight-night-blaydes-vs-aspinall-2519
UFC Fight Night: Blaydes vs. Aspinall,2022-07-23,Jai Herbert,Kyle Nelson,-250,210,-282,230,-282,230,2022-06-29T19:32:13+00:00,2022-06-29T19:32:13+00:00,2022-07-23T16:52:14+00:00,2022-07-23T16:52:14+00:00,75,75,7,7,27536,https://www.bestfightodds.com/events/ufc-fight-night-blaydes-vs-aspinall-2519
UFC Fight Night: Blaydes vs. Aspinall,2022-07-23,Mandy Bohm,Victoria Leonardo,-185,160,-117,-103,-117,-103,2022-06-29T19:32:13+00:00,2022-06-29T19:32:13+00:00,2022-07-23T16:28:17+00:00,2022-07-23T16:28:17+00:00,142,142,7,7,27146,https://www.bestfightodds.com/events/ufc-fight-night-blaydes-vs-aspinall-2519
UFC Fight Night: Blaydes vs. Aspinall,2022-07-23,Claudio Silva,Nicolas Dalby,240,-280,182,-220,182,-220,2022-06-29T19:32:13+00:00,2022-06-29T19:32:13+00:00,2022-07-23T15:54:28+00:00,2022-07-23T15:54:28+00:00,91,91,7,7,27293,https://www.bestfightodds.com/events/ufc-fight-night-blaydes-vs-aspinall-2519
UFC on ABC: Ortega vs. Rodriguez,2022-07-16,Brian Ortega,Yair Rodriguez,-150,130,-187,157,-187,157,2022-06-02T15:56:22+00:00,2022-06-02T15:56:22+00:00,2022-07-16T20:58:22+00:00,2022-07-16T20:58:22+00:00,137,137,7,7,27294,https://www.bestfightodds.com/events/ufc-on-abc-ortega-vs-rodriguez-2524
UFC on ABC: Ortega vs. Rodriguez,2022-07-16,Amanda Lemos,Michelle Waterson,-400,300,-318,251,-318,251,2022-06-27T20:04:09+00:00,2022-06-27T20:04:09+00:00,2022-07-16T20:22:28+00:00,2022-07-16T20:22:28+00:00,144,144,7,7,27155,https://www.bestfightodds.com/events/ufc-on-abc-ortega-vs-rodriguez-2524
UFC on ABC: Ortega vs. Rodriguez,2022-07-16,Jingliang Li,Muslim Salikhov,120,-140,132,-159,132,-159,2022-06-27T20:04:09+00:00,2022-06-27T20:04:09+00:00,2022-07-16T19:54:29+00:00,2022-07-16T19:54:29+00:00,144,144,7,7,27626,https://www.bestfightodds.com/events/ufc-on-abc-ortega-vs-rodriguez-2524
UFC on ABC: Ortega vs. Rodriguez,2022-07-16,Matt Schnell,Su Mudaerji,195,-230,219,-272,219,-272,2022-06-27T20:04:09+00:00,2022-06-27T20:04:09+00:00,2022-07-16T19:28:29+00:00,2022-07-16T19:28:29+00:00,75,75,7,7,27361,https://www.bestfightodds.com/events/ufc-on-abc-ortega-vs-rodriguez-2524
UFC on ABC: Ortega vs. Rodriguez,2022-07-16,Charles Jourdain,Shane Burgos,130,-150,148,-178,148,-178,2022-06-27T20:04:09+00:00,2022-06-27T20:04:09+00:00,2022-07-16T18:53:28+00:00,2022-07-16T18:53:28+00:00,118,118,7,7,27371,https://www.bestfightodds.com/events/ufc-on-abc-ortega-vs-rodriguez-2524
UFC on ABC: Ortega vs. Rodriguez,2022-07-16,Lauren Murphy,Miesha Tate,136,-162,174,-212,174,-212,2022-07-03T06:00:15+00:00,2022-07-03T06:00:15+00:00,2022-07-16T18:16:29+00:00,2022-07-16T18:16:29+00:00,104,104,7,7,27692,https://www.bestfightodds.com/events/ufc-on-abc-ortega-vs-rodriguez-2524
UFC on ABC: Ortega vs. Rodriguez,2022-07-16,Dalcha Lungiambula,Puna Soriano,235,-275,195,-238,195,-238,2022-06-27T20:04:09+00:00,2022-06-27T20:04:09+00:00,2022-07-16T17:40:29+00:00,2022-07-16T17:40:29+00:00,88,88,7,7,27370,https://www.bestfightodds.com/events/ufc-on-abc-ortega-vs-rodriguez-2524
UFC on ABC: Ortega vs. Rodriguez,2022-07-16,Jack Shore,Ricky Simon,-115,-105,-178,148,-178,148,2022-06-27T20:04:09+00:00,2022-06-27T20:04:09+00:00,2022-07-16T17:14:28+00:00,2022-07-16T17:14:28+00:00,187,187,7,7,27182,https://www.bestfightodds.com/events/ufc-on-abc-ortega-vs-rodriguez-2524
UFC on ABC: Ortega vs. Rodriguez,2022-07-16,Bill Algeo,Herbert Burns,-120,100,-211,175,-211,175,2022-07-09T00:18:12+00:00,2022-07-09T00:18:12+00:00,2022-07-16T16:49:28+00:00,2022-07-16T16:49:28+00:00,83,83,7,7,27749,https://www.bestfightodds.com/events/ufc-on-abc-ortega-vs-rodriguez-2524
UFC on ABC: Ortega vs. Rodriguez,2022-07-16,Da Un Jung,Dustin Jacoby,-110,-110,-130,108,-130,108,2022-06-27T20:04:10+00:00,2022-06-27T20:04:10+00:00,2022-07-16T16:26:29+00:00,2022-07-16T16:26:29+00:00,192,192,7,7,27286,https://www.bestfightodds.com/events/ufc-on-abc-ortega-vs-rodriguez-2524
UFC on ABC: Ortega vs. Rodriguez,2022-07-16,Dustin Stoltzfus,Dwight Grant,150,-175,-130,109,-130,109,2022-06-27T20:04:10+00:00,2022-06-27T20:04:10+00:00,2022-07-16T15:56:29+00:00,2022-07-16T15:56:29+00:00,158,158,7,7,27362,https://www.bestfightodds.com/events/ufc-on-abc-ortega-vs-rodriguez-2524
UFC on ABC: Ortega vs. Rodriguez,2022-07-16,Emily Ducote,Jessica Penne,-135,115,-166,139,-166,139,2022-06-27T20:06:11+00:00,2022-06-27T20:06:11+00:00,2022-07-16T15:24:28+00:00,2022-07-16T15:24:28+00:00,109,109,7,7,27368,https://www.bestfightodds.com/events/ufc-on-abc-ortega-vs-rodriguez-2524
UFC 276: Adesanya vs. Cannonier,2022-07-02,Lauren Murphy,Miesha Tate,145,-175,136,-163,136,-163,2022-05-16T00:18:23+00:00,2022-05-16T00:18:23+00:00,2022-06-28T23:38:18+00:00,2022-06-28T23:38:18+00:00,8,8,2,2,27063,https://www.bestfightodds.com/events/ufc-276-adesanya-vs-cannonier-2478
UFC 276: Adesanya vs. Cannonier,2022-07-02,Israel Adesanya,Jared Cannonier,-300,250,-545,405,-545,405,2021-08-28T22:30:09+00:00,2021-08-28T22:30:09+00:00,2022-07-03T04:40:28+00:00,2022-07-03T04:40:28+00:00,161,161,7,7,24277,https://www.bestfightodds.com/events/ufc-276-adesanya-vs-cannonier-2478
UFC 276: Adesanya vs. Cannonier,2022-07-02,Alexander Volkanovski,Max Holloway,-146,124,-192,159,-192,159,2022-05-05T18:20:21+00:00,2022-05-05T18:20:21+00:00,2022-07-03T03:46:28+00:00,2022-07-03T03:46:28+00:00,153,153,7,7,27077,https://www.bestfightodds.com/events/ufc-276-adesanya-vs-cannonier-2478
UFC 276: Adesanya vs. Cannonier,2022-07-02,Alex Pereira,Sean Strickland,150,-175,106,-127,106,-127,2022-03-26T23:58:08+00:00,2022-03-26T23:58:08+00:00,2022-07-03T03:19:28+00:00,2022-07-03T03:19:28+00:00,205,205,7,7,26622,https://www.bestfightodds.com/events/ufc-276-adesanya-vs-cannonier-2478
UFC 276: Adesanya vs. Cannonier,2022-07-02,Bryan Barberena,Robbie Lawler,-150,130,-115,-105,-115,-105,2022-05-08T19:08:07+00:00,2022-05-08T19:08:07+00:00,2022-07-03T02:50:29+00:00,2022-07-03T02:50:29+00:00,149,149,7,7,27064,https://www.bestfightodds.com/events/ufc-276-adesanya-vs-cannonier-2478
UFC 276: Adesanya vs. Cannonier,2022-07-02,Pedro Munhoz,Sean O'Malley,210,-250,254,-321,254,-321,2022-05-08T19:08:07+00:00,2022-05-08T19:08:07+00:00,2022-07-03T02:24:29+00:00,2022-07-03T02:24:29+00:00,155,155,7,7,27096,https://www.bestfightodds.com/events/ufc-276-adesanya-vs-cannonier-2478
UFC 276: Adesanya vs. Cannonier,2022-07-02,Brad Riddell,Jalin Turner,150,-175,128,-153,128,-153,2022-06-13T12:40:05+00:00,2022-06-13T12:40:05+00:00,2022-07-03T01:38:29+00:00,2022-07-03T01:38:29+00:00,174,174,7,7,27186,https://www.bestfightodds.com/events/ufc-276-adesanya-vs-cannonier-2478
UFC 276: Adesanya vs. Cannonier,2022-07-02,Donald Cerrone,Jim Miller,135,-155,155,-185,155,-185,2022-06-25T20:26:13+00:00,2022-06-25T20:26:13+00:00,2022-07-03T01:12:29+00:00,2022-07-03T01:12:29+00:00,89,89,7,7,27631,https://www.bestfightodds.com/events/ufc-276-adesanya-vs-cannonier-2478
UFC 276: Adesanya vs. Cannonier,2022-07-02,Gabe Green,Ian Garry,150,-175,163,-197,163,-197,2022-06-13T12:42:06+00:00,2022-06-13T12:42:06+00:00,2022-07-03T00:44:29+00:00,2022-07-03T00:44:29+00:00,150,150,7,7,27468,https://www.bestfightodds.com/events/ufc-276-adesanya-vs-cannonier-2478
UFC 276: Adesanya vs. Cannonier,2022-07-02,Brad Tavares,Dricus Du Plessis,-130,110,146,-176,146,-176,2022-05-08T19:10:05+00:00,2022-05-08T19:10:05+00:00,2022-07-03T00:11:28+00:00,2022-07-03T00:11:28+00:00,215,215,7,7,26989,https://www.bestfightodds.com/events/ufc-276-adesanya-vs-cannonier-2478
UFC 276: Adesanya vs. Cannonier,2022-07-02,Andre Muniz,Uriah Hall,-225,190,-341,268,-341,268,2022-05-08T19:08:07+00:00,2022-05-08T19:08:07+00:00,2022-07-02T23:40:28+00:00,2022-07-02T23:40:28+00:00,118,118,7,7,26940,https://www.bestfightodds.com/events/ufc-276-adesanya-vs-cannonier-2478
UFC 276: Adesanya vs. Cannonier,2022-07-02,Jessica Eye,Maycee Barber,135,-155,261,-329,261,-329,2022-05-08T19:08:07+00:00,2022-05-08T19:08:07+00:00,2022-07-02T23:08:30+00:00,2022-07-02T23:08:30+00:00,126,126,7,7,26988,https://www.bestfightodds.com/events/ufc-276-adesanya-vs-cannonier-2478
UFC 276: Adesanya vs. Cannonier,2022-07-02,Jessica-Rose Clark,Julija Stoliarenko,175,-205,-156,129,-156,129,2022-06-13T12:42:06+00:00,2022-06-13T12:42:06+00:00,2022-07-02T22:39:29+00:00,2022-07-02T22:39:29+00:00,201,201,7,7,26936,https://www.bestfightodds.com/events/ufc-276-adesanya-vs-cannonier-2478
UFC Fight Night: Kattar vs. Emmett,2022-06-18,Calvin Kattar,Josh Emmett,-170,145,-257,203,-257,203,2022-05-24T19:32:07+00:00,2022-05-24T19:32:07+00:00,2022-06-19T01:33:28+00:00,2022-06-19T01:33:28+00:00,124,124,7,7,27036,https://www.bestfightodds.com/events/ufc-fight-night-kattar-vs-emmett-2523
UFC Fight Night: Kattar vs. Emmett,2022-06-18,Kevin Holland,Tim Means,-310,260,-359,280,-359,280,2022-05-24T19:28:07+00:00,2022-05-24T19:28:07+00:00,2022-06-19T01:04:28+00:00,2022-06-19T01:04:28+00:00,137,137,7,7,27045,https://www.bestfightodds.com/events/ufc-fight-night-kattar-vs-emmett-2523
UFC Fight Night: Kattar vs. Emmett,2022-06-18,Albert Duraev,Joaquin Buckley,-160,140,-223,182,-223,182,2022-05-24T19:28:07+00:00,2022-05-24T19:28:07+00:00,2022-06-19T00:32:29+00:00,2022-06-19T00:32:29+00:00,112,112,7,7,27065,https://www.bestfightodds.com/events/ufc-fight-night-kattar-vs-emmett-2523
UFC Fight Night: Kattar vs. Emmett,2022-06-18,Damir Ismagulov,Guram Kutateladze,-180,155,-212,172,-212,172,2022-05-24T19:28:07+00:00,2022-05-24T19:28:07+00:00,2022-06-18T23:56:29+00:00,2022-06-18T23:56:29+00:00,150,150,7,7,27041,https://www.bestfightodds.com/events/ufc-fight-night-kattar-vs-emmett-2523
UFC Fight Night: Kattar vs. Emmett,2022-06-18,Donald Cerrone,Joe Lauzon,-175,150,-166,135,-166,135,2022-05-27T09:24:48+00:00,2022-05-27T09:24:48+00:00,2022-06-16T16:54:23+00:00,2022-06-16T16:54:23+00:00,9,9,3,3,27178,https://www.bestfightodds.com/events/ufc-fight-night-kattar-vs-emmett-2523
UFC Fight Night: Kattar vs. Emmett,2022-06-18,Gregory Rodrigues,Julian Marquez,-110,-110,-170,142,-170,142,2022-05-24T19:30:11+00:00,2022-05-24T19:30:11+00:00,2022-06-18T23:36:28+00:00,2022-06-18T23:36:28+00:00,105,105,7,7,27037,https://www.bestfightodds.com/events/ufc-fight-night-kattar-vs-emmett-2523
UFC Fight Night: Kattar vs. Emmett,2022-06-18,Adrian Yanez,Tony Kelley,-350,285,-330,318,-330,318,2022-05-24T19:30:11+00:00,2022-05-24T19:30:11+00:00,2022-06-18T23:20:15+00:00,2022-06-18T23:20:15+00:00,142,142,6,7,27142,https://www.bestfightodds.com/events/ufc-fight-night-kattar-vs-emmett-2523
UFC Fight Night: Kattar vs. Emmett,2022-06-18,Jasmine Jasudavicius,Natalia Silva,-260,220,-248,202,-248,202,2022-05-24T19:30:11+00:00,2022-05-24T19:30:11+00:00,2022-06-18T22:38:28+00:00,2022-06-18T22:38:28+00:00,88,88,7,7,27040,https://www.bestfightodds.com/events/ufc-fight-night-kattar-vs-emmett-2523
UFC Fight Night: Kattar vs. Emmett,2022-06-18,Court McGee,Jeremiah Wells,150,-175,102,-116,102,-116,2022-05-24T19:28:08+00:00,2022-05-24T19:28:08+00:00,2022-06-18T22:06:29+00:00,2022-06-18T22:06:29+00:00,136,136,7,7,27044,https://www.bestfightodds.com/events/ufc-fight-night-kattar-vs-emmett-2523
UFC Fight Night: Kattar vs. Emmett,2022-06-18,Danny Chavez,Ricardo Ramos,260,-310,254,-325,254,-325,2022-05-24T19:30:11+00:00,2022-05-24T19:30:11+00:00,2022-06-18T21:41:28+00:00,2022-06-18T21:41:28+00:00,79,79,7,7,27183,https://www.bestfightodds.com/events/ufc-fight-night-kattar-vs-emmett-2523
UFC Fight Night: Kattar vs. Emmett,2022-06-18,Gloria de Paula,Maria Oliveira,-175,150,-280,226,-280,226,2022-05-24T19:28:08+00:00,2022-05-24T19:28:08+00:00,2022-06-18T21:12:28+00:00,2022-06-18T21:12:28+00:00,90,90,7,7,27066,https://www.bestfightodds.com/events/ufc-fight-night-kattar-vs-emmett-2523
UFC Fight Night: Kattar vs. Emmett,2022-06-18,Cody Stamann,Eddie Wineland,-275,235,-692,484,-692,484,2022-05-24T19:28:08+00:00,2022-05-24T19:28:08+00:00,2022-06-18T20:53:29+00:00,2022-06-18T20:53:29+00:00,134,134,7,7,27043,https://www.bestfightodds.com/events/ufc-fight-night-kattar-vs-emmett-2523
UFC Fight Night: Kattar vs. Emmett,2022-06-18,Deron Winn,Phillip Hawes,205,-240,216,-269,216,-269,2022-05-24T19:28:07+00:00,2022-05-24T19:28:07+00:00,2022-06-18T20:28:29+00:00,2022-06-18T20:28:29+00:00,92,92,7,7,27038,https://www.bestfightodds.com/events/ufc-fight-night-kattar-vs-emmett-2523
UFC Fight Night: Kattar vs. Emmett,2022-06-18,Kyle Daukaus,Roman Dolidze,-175,150,-264,215,-264,215,2022-05-24T19:30:11+00:00,2022-05-24T19:30:11+00:00,2022-06-18T20:11:29+00:00,2022-06-18T20:11:29+00:00,89,89,7,7,27039,https://www.bestfightodds.com/events/ufc-fight-night-kattar-vs-emmett-2523
UFC 275,2022-06-11,Marvin Vettori,Robert Whittaker,165,-222,192,-232,192,-232,2022-04-11T08:54:13+00:00,2022-04-11T08:54:13+00:00,2022-05-18T15:30:09+00:00,2022-05-18T15:30:09+00:00,10,10,1,1,26459,https://www.bestfightodds.com/events/ufc-275-2457
UFC 275,2022-06-11,Liang Na,Silvana Gomez Juarez,130,-150,-121,100,-121,100,2022-05-13T16:50:21+00:00,2022-05-13T16:50:21+00:00,2022-06-11T23:41:28+00:00,2022-06-11T23:41:28+00:00,200,200,7,7,26737,https://www.bestfightodds.com/events/ufc-275-2457
UFC 275,2022-06-11,Joselyne Edwards,Ramona Pascual,-180,155,-172,144,-172,144,2022-05-13T16:50:21+00:00,2022-05-13T16:50:21+00:00,2022-06-11T23:12:30+00:00,2022-06-11T23:12:30+00:00,151,151,7,7,26928,https://www.bestfightodds.com/events/ufc-275-2457
UFC 275,2022-06-11,Manel Kape,Rogerio Bontorin,-250,200,-225,185,-225,185,2022-05-15T21:14:22+00:00,2022-05-15T21:14:22+00:00,2022-06-08T16:38:24+00:00,2022-06-08T16:38:24+00:00,6,6,1,1,27076,https://www.bestfightodds.com/events/ufc-275-2457
UFC Fight Night: Vieira vs. Tate,2021-11-20,Augusto Sakai,Tai Tuivasa,100,-120,-108,-111,-108,-111,2021-11-15T19:48:05+00:00,2021-11-15T19:48:05+00:00,2021-11-18T18:56:14+00:00,2021-11-18T18:56:14+00:00,14,14,4,4,24682,https://www.bestfightodds.com/events/ufc-fight-night-vieira-vs-tate-2237
UFC Fight Night: Vieira vs. Tate,2021-11-20,Ketlen Vieira,Miesha Tate,-160,140,-112,-110,-112,-110,2021-10-28T20:32:09+00:00,2021-10-28T20:32:09+00:00,2021-11-21T01:20:29+00:00,2021-11-21T01:20:29+00:00,205,205,7,7,24709,https://www.bestfightodds.com/events/ufc-fight-night-vieira-vs-tate-2237
UFC Fight Night: Vieira vs. Tate,2021-11-20,Michael Chiesa,Sean Brady,120,-140,158,-192,158,-192,2021-10-28T20:32:10+00:00,2021-10-28T20:32:10+00:00,2021-11-21T00:40:27+00:00,2021-11-21T00:40:27+00:00,219,219,7,7,24354,https://www.bestfightodds.com/events/ufc-fight-night-vieira-vs-tate-2237
UFC Fight Night: Vieira vs. Tate,2021-11-20,Kang Kyung-Ho,Rani Yahya,110,-130,-120,-101,-120,-101,2021-10-28T20:32:10+00:00,2021-10-28T20:32:10+00:00,2021-11-20T23:46:29+00:00,2021-11-20T23:46:29+00:00,80,80,7,7,24796,https://www.bestfightodds.com/events/ufc-fight-night-vieira-vs-tate-2237
UFC Fight Night: Vieira vs. Tate,2021-11-20,Joanne Calderwood,Taila Santos,155,-180,309,-399,309,-399,2021-10-28T20:32:10+00:00,2021-10-28T20:32:10+00:00,2021-11-21T00:16:29+00:00,2021-11-21T00:16:29+00:00,125,125,5,5,24854,https://www.bestfightodds.com/events/ufc-fight-night-vieira-vs-tate-2237
UFC Fight Night: Vieira vs. Tate,2021-11-20,Joanne Wood,Taila Santos,225,-300,280,-364,280,-364,2021-11-14T09:24:32+00:00,2021-11-14T09:24:32+00:00,2021-11-20T18:42:22+00:00,2021-11-20T18:42:22+00:00,5,5,2,2,25217,https://www.bestfightodds.com/events/ufc-fight-night-vieira-vs-tate-2237
UFC Fight Night: Vieira vs. Tate,2021-11-20,Adrian Yanez,Davey Grant,-240,205,-294,234,-294,234,2021-10-28T20:32:10+00:00,2021-10-28T20:32:10+00:00,2021-11-20T23:14:28+00:00,2021-11-20T23:14:28+00:00,128,128,7,7,24549,https://www.bestfightodds.com/events/ufc-fight-night-vieira-vs-tate-2237
UFC Fight Night: Vieira vs. Tate,2021-11-20,Pat Sabatini,Tucker Lutz,-150,130,102,-123,102,-123,2021-10-28T20:32:10+00:00,2021-10-28T20:32:10+00:00,2021-11-20T22:41:28+00:00,2021-11-20T22:41:28+00:00,197,197,7,7,25012,https://www.bestfightodds.com/events/ufc-fight-night-vieira-vs-tate-2237
UFC Fight Night: Vieira vs. Tate,2021-11-20,Natan Levy,Rafa Garcia,-150,130,-107,-113,-107,-113,2021-10-28T20:32:10+00:00,2021-10-28T20:32:10+00:00,2021-11-20T22:14:28+00:00,2021-11-20T22:14:28+00:00,200,200,7,7,24366,https://www.bestfightodds.com/events/ufc-fight-night-vieira-vs-tate-2237
UFC Fight Night: Vieira vs. Tate,2021-11-20,Loma Lookboonmee,Loopy Godinez,-110,-110,130,-158,130,-158,2021-11-10T18:50:08+00:00,2021-11-10T18:50:08+00:00,2021-11-20T21:48:28+00:00,2021-11-20T21:48:28+00:00,146,146,7,7,25177,https://www.bestfightodds.com/events/ufc-fight-night-vieira-vs-tate-2237
UFC Fight Night: Vieira vs. Tate,2021-11-20,Fares Ziam,Terrance McKinney,155,-180,-117,-105,-117,-105,2021-10-28T20:32:10+00:00,2021-10-28T20:32:10+00:00,2021-11-20T18:24:29+00:00,2021-11-20T18:24:29+00:00,109,109,7,7,24237,https://www.bestfightodds.com/events/ufc-fight-night-vieira-vs-tate-2237
UFC Fight Night: Vieira vs. Tate,2021-11-20,Cody Durden,Qileng Aori,-145,125,-166,137,-166,137,2021-10-28T20:32:10+00:00,2021-10-28T20:32:10+00:00,2021-11-20T21:19:28+00:00,2021-11-20T21:19:28+00:00,150,150,7,7,24165,https://www.bestfightodds.com/events/ufc-fight-night-vieira-vs-tate-2237
UFC Fight Night: Vieira vs. Tate,2021-11-20,Nuerdanbieke Shayilan,Sean Soriano,220,-270,240,-300,240,-300,2021-11-08T21:56:21+00:00,2021-11-08T21:56:21+00:00,2021-11-20T20:22:23+00:00,2021-11-20T20:22:23+00:00,3,3,1,1,25157,https://www.bestfightodds.com/events/ufc-fight-night-vieira-vs-tate-2237
UFC Fight Night: Vieira vs. Tate,2021-11-20,Sean Soriano,Shayilan Nuerdanbieke,-225,190,-288,230,-288,230,2021-10-28T20:32:10+00:00,2021-10-28T20:32:10+00:00,2021-11-20T20:50:28+00:00,2021-11-20T20:50:28+00:00,106,106,6,6,24806,https://www.bestfightodds.com/events/ufc-fight-night-vieira-vs-tate-2237
UFC Fight Night: Vieira vs. Tate,2021-11-20,Luana Pinheiro,Sam Hughes,-185,160,-417,319,-417,319,2021-11-13T22:10:06+00:00,2021-11-13T22:10:06+00:00,2021-11-20T20:20:28+00:00,2021-11-20T20:20:28+00:00,105,105,7,7,25201,https://www.bestfightodds.com/events/ufc-fight-night-vieira-vs-tate-2237
UFC 274: Oliveira vs. Gaethje,2022-05-07,Charles Oliveira,Justin Gaethje,-205,175,-144,119,-144,119,2021-12-12T19:02:04+00:00,2021-12-12T19:02:04+00:00,2022-05-08T04:55:29+00:00,2022-05-08T04:55:29+00:00,310,310,7,7,25508,https://www.bestfightodds.com/events/ufc-274-oliveira-vs-gaethje-2422
UFC 274: Oliveira vs. Gaethje,2022-05-07,Carla Esparza,Rose Namajunas,185,-220,187,-230,187,-230,2022-03-17T02:46:14+00:00,2022-03-17T02:46:14+00:00,2022-05-08T04:02:29+00:00,2022-05-08T04:02:29+00:00,219,219,7,7,26501,https://www.bestfightodds.com/events/ufc-274-oliveira-vs-gaethje-2422
UFC 274: Oliveira vs. Gaethje,2022-05-07,Michael Chandler,Tony Ferguson,-155,135,-361,280,-361,280,2022-03-10T15:50:26+00:00,2022-03-10T15:50:26+00:00,2022-05-08T03:29:29+00:00,2022-05-08T03:29:29+00:00,175,175,7,7,26428,https://www.bestfightodds.com/events/ufc-274-oliveira-vs-gaethje-2422
UFC 274: Oliveira vs. Gaethje,2022-05-07,Mauricio Rua,Ovince St. Preux,140,-160,207,-259,207,-259,2022-04-23T19:46:18+00:00,2022-04-23T19:46:18+00:00,2022-05-08T02:57:28+00:00,2022-05-08T02:57:28+00:00,141,141,7,7,26281,https://www.bestfightodds.com/events/ufc-274-oliveira-vs-gaethje-2422
UFC 274: Oliveira vs. Gaethje,2022-05-07,Khaos Williams,Randy Brown,105,-125,-114,-106,-114,-106,2022-04-23T19:46:18+00:00,2022-04-23T19:46:18+00:00,2022-05-08T02:20:28+00:00,2022-05-08T02:20:28+00:00,165,165,7,7,26941,https://www.bestfightodds.com/events/ufc-274-oliveira-vs-gaethje-2422
UFC 274: Oliveira vs. Gaethje,2022-05-07,Danny Roberts,Francisco Trinaldo,120,-140,-122,103,-122,103,2022-04-23T19:46:18+00:00,2022-04-23T19:46:18+00:00,2022-05-08T01:41:28+00:00,2022-05-08T01:41:28+00:00,114,114,7,7,26349,https://www.bestfightodds.com/events/ufc-274-oliveira-vs-gaethje-2422
UFC 274: Oliveira vs. Gaethje,2022-05-07,Macy Chiasson,Norma Dumont,180,-210,185,-227,185,-227,2022-04-23T19:46:18+00:00,2022-04-23T19:46:18+00:00,2022-05-08T01:05:28+00:00,2022-05-08T01:05:28+00:00,99,99,7,7,25852,https://www.bestfightodds.com/events/ufc-274-oliveira-vs-gaethje-2422
UFC 274: Oliveira vs. Gaethje,2022-05-07,Brandon Royval,Matt Schnell,-200,170,-259,209,-259,209,2022-04-23T19:46:18+00:00,2022-04-23T19:46:18+00:00,2022-05-08T00:42:28+00:00,2022-05-08T00:42:28+00:00,122,122,7,7,26277,https://www.bestfightodds.com/events/ufc-274-oliveira-vs-gaethje-2422
UFC 274: Oliveira vs. Gaethje,2022-05-07,Blagoy Ivanov,Marcos Rogerio,-170,145,-153,128,-153,128,2022-04-23T19:46:18+00:00,2022-04-23T19:46:18+00:00,2022-05-08T00:14:29+00:00,2022-05-08T00:14:29+00:00,131,131,7,7,25952,https://www.bestfightodds.com/events/ufc-274-oliveira-vs-gaethje-2422
UFC 274: Oliveira vs. Gaethje,2022-05-07,Andre Fialho,Cameron Vancamp,-200,170,-498,370,-498,370,2022-05-01T23:26:05+00:00,2022-05-01T23:26:05+00:00,2022-05-07T23:38:29+00:00,2022-05-07T23:38:29+00:00,95,95,7,7,27000,https://www.bestfightodds.com/events/ufc-274-oliveira-vs-gaethje-2422
UFC 274: Oliveira vs. Gaethje,2022-05-07,Melissa Gatto,Tracy Cortez,190,-225,109,-131,109,-131,2022-04-23T19:46:18+00:00,2022-04-23T19:46:18+00:00,2022-05-07T23:10:32+00:00,2022-05-07T23:10:32+00:00,147,147,7,7,26471,https://www.bestfightodds.com/events/ufc-274-oliveira-vs-gaethje-2422
UFC 274: Oliveira vs. Gaethje,2022-05-07,C.J. Vergara,Kleydson Rodrigues,185,-220,290,-371,290,-371,2022-04-23T19:46:18+00:00,2022-04-23T19:46:18+00:00,2022-05-07T22:40:29+00:00,2022-05-07T22:40:29+00:00,106,106,7,7,25955,https://www.bestfightodds.com/events/ufc-274-oliveira-vs-gaethje-2422
UFC 274: Oliveira vs. Gaethje,2022-05-07,Ariane Carnelossi,Lupita Godinez,130,-150,153,-183,153,-183,2022-04-23T19:46:18+00:00,2022-04-23T19:46:18+00:00,2022-05-07T22:09:29+00:00,2022-05-07T22:09:29+00:00,205,205,7,7,25906,https://www.bestfightodds.com/events/ufc-274-oliveira-vs-gaethje-2422
UFC 274: Oliveira vs. Gaethje,2022-05-07,Fernie Garcia,Journey Newson,-150,130,-130,109,-130,109,2022-04-23T19:46:19+00:00,2022-04-23T19:46:19+00:00,2022-05-07T21:39:28+00:00,2022-05-07T21:39:28+00:00,169,169,7,7,26273,https://www.bestfightodds.com/events/ufc-274-oliveira-vs-gaethje-2422
UFC Fight Night: Font vs. Vera,2022-04-30,Marlon Vera,Rob Font,150,-175,-105,-116,-105,-116,2022-04-08T00:00:18+00:00,2022-04-08T00:00:18+00:00,2022-05-01T01:50:29+00:00,2022-05-01T01:50:29+00:00,202,202,7,7,26429,https://www.bestfightodds.com/events/ufc-fight-night-font-vs-vera-2474
UFC Fight Night: Font vs. Vera,2022-04-30,Andrei Arlovski.,Jake Collier,-190,165,-128,106,-128,106,2022-04-10T12:08:06+00:00,2022-04-10T12:08:06+00:00,2022-05-01T01:15:29+00:00,2022-05-01T01:15:29+00:00,192,192,7,7,26789,https://www.bestfightodds.com/events/ufc-fight-night-font-vs-vera-2474
UFC Fight Night: Font vs. Vera,2022-04-30,Andre Fili,Joanderson Brito,-255,215,-257,208,-257,208,2022-04-10T12:08:06+00:00,2022-04-10T12:08:06+00:00,2022-05-01T00:52:28+00:00,2022-05-01T00:52:28+00:00,121,121,7,7,26752,https://www.bestfightodds.com/events/ufc-fight-night-font-vs-vera-2474
UFC Fight Night: Font vs. Vera,2022-04-30,Grant Dawson.,Jared Gordon,-180,155,-198,163,-198,163,2022-04-10T14:38:07+00:00,2022-04-10T14:38:07+00:00,2022-05-01T00:18:28+00:00,2022-05-01T00:18:28+00:00,133,133,7,7,26636,https://www.bestfightodds.com/events/ufc-fight-night-font-vs-vera-2474
UFC Fight Night: Font vs. Vera,2022-04-30,Darren Elkins,Tristan Connelly,-150,130,-174,145,-174,145,2022-04-10T12:08:06+00:00,2022-04-10T12:08:06+00:00,2022-04-30T23:48:29+00:00,2022-04-30T23:48:29+00:00,136,136,7,7,26139,https://www.bestfightodds.com/events/ufc-fight-night-font-vs-vera-2474
UFC Fight Night: Font vs. Vera,2022-04-30,Gerald Meerschaert,Krzysztof Jotko,-125,105,160,-191,160,-191,2022-04-10T12:10:06+00:00,2022-04-10T12:10:06+00:00,2022-04-30T23:16:28+00:00,2022-04-30T23:16:28+00:00,139,139,7,7,26469,https://www.bestfightodds.com/events/ufc-fight-night-font-vs-vera-2474
UFC Fight Night: Font vs. Vera,2022-04-30,Alexandr Romanov,Chase Sherman,-2300,1100,-2153,1033,-2153,1033,2022-04-25T06:00:06+00:00,2022-04-25T06:00:06+00:00,2022-04-30T22:39:28+00:00,2022-04-30T22:39:28+00:00,46,46,4,7,26954,https://www.bestfightodds.com/events/ufc-fight-night-font-vs-vera-2474
UFC Fight Night: Font vs. Vera,2022-04-30,Daniel Lacerda,Francisco Figueiredo,-113,-113,-128,104,-128,104,2022-04-19T20:04:13+00:00,2022-04-19T20:04:13+00:00,2022-04-30T22:12:14+00:00,2022-04-30T22:12:14+00:00,22,22,3,3,26914,https://www.bestfightodds.com/events/ufc-fight-night-font-vs-vera-2474
UFC Fight Night: Font vs. Vera,2022-04-30,Daniel da Silva,Francisco Figueiredo,110,-130,-134,111,-134,111,2022-04-10T14:38:07+00:00,2022-04-10T14:38:07+00:00,2022-04-30T23:48:23+00:00,2022-04-30T23:48:23+00:00,112,112,4,4,26464,https://www.bestfightodds.com/events/ufc-fight-night-font-vs-vera-2474
UFC Fight Night: Font vs. Vera,2022-04-30,Gabriel Green,Yohan Lainesse,160,-185,-126,104,-126,104,2022-04-19T01:02:15+00:00,2022-04-19T01:02:15+00:00,2022-04-30T21:45:29+00:00,2022-04-30T21:45:29+00:00,194,194,7,7,26017,https://www.bestfightodds.com/events/ufc-fight-night-font-vs-vera-2474
UFC Fight Night: Font vs. Vera,2022-04-30,Mike Breeden,Natan Levy,205,-240,174,-213,174,-213,2022-04-19T01:02:15+00:00,2022-04-19T01:02:15+00:00,2022-04-30T21:07:29+00:00,2022-04-30T21:07:29+00:00,77,77,7,7,26466,https://www.bestfightodds.com/events/ufc-fight-night-font-vs-vera-2474
UFC Fight Night: Font vs. Vera,2022-04-30,Gina Mazany,Shanna Young,-175,150,-199,164,-199,164,2022-04-10T14:38:07+00:00,2022-04-10T14:38:07+00:00,2022-04-30T20:37:28+00:00,2022-04-30T20:37:28+00:00,104,104,7,7,26463,https://www.bestfightodds.com/events/ufc-fight-night-font-vs-vera-2474
UFC Fight Night: Font vs. Vera,2022-04-30,Carlos Candelario,Tatsuro Taira,220,-260,201,-247,201,-247,2022-04-10T14:38:07+00:00,2022-04-10T14:38:07+00:00,2022-04-30T18:18:22+00:00,2022-04-30T18:18:22+00:00,145,145,7,7,26128,https://www.bestfightodds.com/events/ufc-fight-night-font-vs-vera-2474
UFC 273,2022-04-09,Alexander Volkanovski,Chan Sung Jung,-330,265,-661,461,-661,461,2022-01-12T01:30:15+00:00,2022-01-12T01:30:15+00:00,2022-04-10T05:12:29+00:00,2022-04-10T05:12:29+00:00,231,231,7,7,25728,https://www.bestfightodds.com/events/ufc-273-2411
UFC 273,2022-04-09,Aljamain Sterling,Petr Yan,285,-350,323,-425,323,-425,2022-03-06T06:00:05+00:00,2022-03-06T06:00:05+00:00,2022-04-10T04:18:28+00:00,2022-04-10T04:18:28+00:00,256,256,7,7,26348,https://www.bestfightodds.com/events/ufc-273-2411
UFC 273,2022-04-09,Gilbert Burns,Khamzat Chimaev,-110,-110,391,-525,391,-525,2021-11-15T20:52:07+00:00,2021-11-15T20:52:07+00:00,2022-04-10T03:38:29+00:00,2022-04-10T03:38:29+00:00,415,415,7,7,25233,https://www.bestfightodds.com/events/ufc-273-2411
UFC 273,2022-04-09,Mackenzie Dern,Tecia Torres,-110,-110,-123,102,-123,102,2022-03-12T20:26:25+00:00,2022-03-12T20:26:25+00:00,2022-04-10T03:02:28+00:00,2022-04-10T03:02:28+00:00,320,320,7,7,25761,https://www.bestfightodds.com/events/ufc-273-2411
UFC 273,2022-04-09,Mark Madsen,Vinc Pichel,-150,130,101,-121,101,-121,2022-03-12T20:26:25+00:00,2022-03-12T20:26:25+00:00,2022-04-10T02:25:28+00:00,2022-04-10T02:25:28+00:00,238,238,7,7,26462,https://www.bestfightodds.com/events/ufc-273-2411
UFC 273,2022-04-09,Darian Weeks,Ian Garry,154,-184,311,-406,311,-406,2022-02-10T14:28:14+00:00,2022-02-10T14:28:14+00:00,2022-04-10T01:42:29+00:00,2022-04-10T01:42:29+00:00,168,168,7,7,25824,https://www.bestfightodds.com/events/ufc-273-2411
UFC 273,2022-04-09,Anthony Hernandez,Josh Fremd,-150,130,-194,159,-194,159,2022-03-29T18:46:07+00:00,2022-03-29T18:46:07+00:00,2022-04-10T01:13:28+00:00,2022-04-10T01:13:28+00:00,113,113,7,7,26654,https://www.bestfightodds.com/events/ufc-273-2411
UFC 273,2022-04-09,Aspen Ladd,Raquel Pennington,125,-145,139,-165,139,-165,2022-03-27T04:30:07+00:00,2022-03-27T04:30:07+00:00,2022-04-10T00:40:29+00:00,2022-04-10T00:40:29+00:00,191,191,7,7,26623,https://www.bestfightodds.com/events/ufc-273-2411
UFC 273,2022-04-09,Michael Malott,Mickey Gall,-167,134,-180,140,-180,140,2022-03-15T20:12:24+00:00,2022-03-15T20:12:24+00:00,2022-04-09T23:54:18+00:00,2022-04-09T23:54:18+00:00,20,20,2,2,26495,https://www.bestfightodds.com/events/ufc-273-2411
UFC 273,2022-04-09,Mickey Gall,Mike Malott.,120,-140,141,-167,141,-167,2022-03-12T20:26:25+00:00,2022-03-12T20:26:25+00:00,2022-04-10T00:14:35+00:00,2022-04-10T00:14:35+00:00,192,192,5,5,25719,https://www.bestfightodds.com/events/ufc-273-2411
UFC 273,2022-04-09,Aleksei Oleinik,Jared Vanderaa,-135,115,117,-141,117,-141,2022-03-31T21:16:11+00:00,2022-03-31T21:16:11+00:00,2022-04-09T23:39:29+00:00,2022-04-09T23:39:29+00:00,165,165,7,7,26736,https://www.bestfightodds.com/events/ufc-273-2411
UFC 273,2022-04-09,Kay Hansen,Piera Rodriguez,-110,-110,105,-128,105,-128,2022-03-12T20:26:25+00:00,2022-03-12T20:26:25+00:00,2022-04-09T23:12:29+00:00,2022-04-09T23:12:29+00:00,347,347,7,7,25924,https://www.bestfightodds.com/events/ufc-273-2411
UFC 273,2022-04-09,Daniel Santos,Julio Arce,140,-160,162,-197,162,-197,2022-03-12T20:26:25+00:00,2022-03-12T20:26:25+00:00,2022-04-09T22:43:29+00:00,2022-04-09T22:43:29+00:00,126,126,7,7,25787,https://www.bestfightodds.com/events/ufc-273-2411
UFC 273,2022-04-09,Aspen Ladd,Irene Aldana,165,-200,165,-200,165,-200,2022-03-16T23:14:24+00:00,2022-03-16T23:14:24+00:00,2022-03-24T12:42:24+00:00,2022-03-24T12:42:24+00:00,6,6,1,1,25939,https://www.bestfightodds.com/events/ufc-273-2411
UFC 273,2022-04-09,Gavin Tucker,Pat Sabatini,120,-145,120,-145,120,-145,2022-03-16T23:16:24+00:00,2022-03-16T23:16:24+00:00,2022-03-16T23:16:24+00:00,2022-03-16T23:16:24+00:00,1,1,1,1,25822,https://www.bestfightodds.com/events/ufc-273-2411
UFC Fight Night: Lewis vs. Daukaus,2021-12-18,Chris Daukaus,Derrick Lewis,-160,140,-144,118,-144,118,2021-09-28T23:02:09+00:00,2021-09-28T23:02:09+00:00,2021-12-19T02:28:28+00:00,2021-12-19T02:28:28+00:00,157,157,7,7,24653,https://www.bestfightodds.com/events/ufc-fight-night-lewis-vs-daukaus-2286
UFC Fight Night: Lewis vs. Daukaus,2021-12-18,Belal Muhammad,Stephen Thompson,210,-250,183,-227,183,-227,2021-11-23T02:00:04+00:00,2021-11-23T02:00:04+00:00,2021-12-19T01:54:28+00:00,2021-12-19T01:54:28+00:00,147,147,7,7,25300,https://www.bestfightodds.com/events/ufc-fight-night-lewis-vs-daukaus-2286
UFC Fight Night: Lewis vs. Daukaus,2021-12-18,Amanda Lemos,Angela Hill,-260,220,-304,240,-304,240,2021-11-23T02:02:04+00:00,2021-11-23T02:02:04+00:00,2021-12-19T01:19:29+00:00,2021-12-19T01:19:29+00:00,133,133,7,7,25174,https://www.bestfightodds.com/events/ufc-fight-night-lewis-vs-daukaus-2286
UFC Fight Night: Lewis vs. Daukaus,2021-12-18,Raphael Assuncao,Ricky Simon,180,-210,238,-300,238,-300,2021-11-23T02:02:05+00:00,2021-11-23T02:02:05+00:00,2021-12-19T00:56:29+00:00,2021-12-19T00:56:29+00:00,110,110,7,7,24545,https://www.bestfightodds.com/events/ufc-fight-night-lewis-vs-daukaus-2286
UFC Fight Night: Lewis vs. Daukaus,2021-12-18,Carlos Diego Ferreira,Mateusz Gamrot,165,-190,204,-252,204,-252,2021-11-23T02:02:04+00:00,2021-11-23T02:02:04+00:00,2021-12-19T00:31:27+00:00,2021-12-19T00:31:27+00:00,197,197,7,7,25197,https://www.bestfightodds.com/events/ufc-fight-night-lewis-vs-daukaus-2286
UFC Fight Night: Lewis vs. Daukaus,2021-12-18,Cub Swanson,Darren Elkins,-155,135,-175,147,-175,147,2021-09-30T21:42:10+00:00,2021-09-30T21:42:10+00:00,2021-12-19T00:13:29+00:00,2021-12-19T00:13:29+00:00,140,140,7,7,24724,https://www.bestfightodds.com/events/ufc-fight-night-lewis-vs-daukaus-2286
UFC Fight Night: Lewis vs. Daukaus,2021-12-18,Dustin Stoltzfus,Gerald Meerschaert,215,-255,196,-244,196,-244,2021-12-06T14:26:04+00:00,2021-12-06T14:26:04+00:00,2021-12-18T23:37:28+00:00,2021-12-18T23:37:28+00:00,83,83,7,7,25430,https://www.bestfightodds.com/events/ufc-fight-night-lewis-vs-daukaus-2286
UFC Fight Night: Lewis vs. Daukaus,2021-12-18,Harry Hunsucker,Justin Tafa,275,-325,258,-332,258,-332,2021-11-23T02:02:05+00:00,2021-11-23T02:02:05+00:00,2021-12-18T23:12:28+00:00,2021-12-18T23:12:28+00:00,71,71,7,7,24618,https://www.bestfightodds.com/events/ufc-fight-night-lewis-vs-daukaus-2286
UFC Fight Night: Lewis vs. Daukaus,2021-12-18,Abusupiyan Magomedov,Gerald Meerschaert,-145,120,-145,120,-145,120,2021-11-23T20:18:22+00:00,2021-11-23T20:18:22+00:00,2021-11-23T20:18:22+00:00,2021-11-23T20:18:22+00:00,1,1,1,1,24555,https://www.bestfightodds.com/events/ufc-fight-night-lewis-vs-daukaus-2286
UFC Fight Night: Lewis vs. Daukaus,2021-12-18,Anthony Hernandez,Dustin Stoltzfus,-225,190,-250,200,-250,200,2021-11-23T20:22:23+00:00,2021-11-23T20:22:23+00:00,2021-11-29T14:30:23+00:00,2021-11-29T14:30:23+00:00,2,2,1,1,25301,https://www.bestfightodds.com/events/ufc-fight-night-lewis-vs-daukaus-2286
UFC Fight Night: Lewis vs. Daukaus,2021-12-18,Julia Avila,Raquel Pennington,110,-135,115,-140,115,-140,2021-11-23T20:26:23+00:00,2021-11-23T20:26:23+00:00,2021-11-29T14:32:24+00:00,2021-11-29T14:32:24+00:00,2,2,1,1,24706,https://www.bestfightodds.com/events/ufc-fight-night-lewis-vs-daukaus-2286
UFC Fight Night: Lewis vs. Daukaus,2021-12-18,Melissa Gatto,Sijara Eubanks,-130,110,140,-167,140,-167,2021-11-23T02:02:05+00:00,2021-11-23T02:02:05+00:00,2021-12-18T22:50:27+00:00,2021-12-18T22:50:27+00:00,164,164,7,7,25302,https://www.bestfightodds.com/events/ufc-fight-night-lewis-vs-daukaus-2286
UFC Fight Night: Lewis vs. Daukaus,2021-12-18,Raoni Barcelos,Victor Henry.,-285,225,-360,282,-360,282,2021-12-12T20:25:28+00:00,2021-12-12T20:25:28+00:00,2021-12-18T14:16:49+00:00,2021-12-18T14:16:49+00:00,23,23,1,1,25486,https://www.bestfightodds.com/events/ufc-fight-night-lewis-vs-daukaus-2286
UFC Fight Night: Lewis vs. Daukaus,2021-12-18,Andre Ewell,Charles Jourdain,190,-225,178,-217,178,-217,2021-11-23T02:32:03+00:00,2021-11-23T02:32:03+00:00,2021-12-18T22:24:28+00:00,2021-12-18T22:24:28+00:00,105,105,7,7,24961,https://www.bestfightodds.com/events/ufc-fight-night-lewis-vs-daukaus-2286
UFC Fight Night: Lewis vs. Daukaus,2021-12-18,Macy Chiasson,Raquel Pennington,250,-300,119,-145,119,-145,2021-12-07T15:06:07+00:00,2021-12-07T15:06:07+00:00,2021-12-18T21:59:32+00:00,2021-12-18T21:59:32+00:00,170,170,7,7,25478,https://www.bestfightodds.com/events/ufc-fight-night-lewis-vs-daukaus-2286
UFC Fight Night: Lewis vs. Daukaus,2021-12-18,Don'tale Mayes,Josh Parisian,-140,120,-184,155,-184,155,2021-11-23T02:02:04+00:00,2021-11-23T02:02:04+00:00,2021-12-18T21:32:34+00:00,2021-12-18T21:32:34+00:00,81,81,7,7,24460,https://www.bestfightodds.com/events/ufc-fight-night-lewis-vs-daukaus-2286
UFC Fight Night: Lewis vs. Daukaus,2021-12-18,Jordan Leavitt,Matt Sayles,-220,185,-139,115,-139,115,2021-11-23T02:02:05+00:00,2021-11-23T02:02:05+00:00,2021-12-18T21:10:29+00:00,2021-12-18T21:10:29+00:00,138,138,7,7,24556,https://www.bestfightodds.com/events/ufc-fight-night-lewis-vs-daukaus-2286
Bellator 272,2021-12-03,Kyoji Horiguchi,Sergio Pettis,-180,150,-193,160,-193,160,2021-11-22T23:50:04+00:00,2021-11-22T23:50:04+00:00,2021-12-04T04:38:45+00:00,2021-12-04T04:38:45+00:00,148,148,6,6,25287,https://www.bestfightodds.com/events/bellator-272-2377
Bellator 272,2021-12-03,Emmanuel Sanchez,Jeremy Kennedy,-225,185,-211,172,-211,172,2021-11-22T23:50:04+00:00,2021-11-22T23:50:04+00:00,2021-12-04T04:00:41+00:00,2021-12-04T04:00:41+00:00,70,70,6,6,25288,https://www.bestfightodds.com/events/bellator-272-2377
Bellator 272,2021-12-03,Jared Scoggins,Josh Hill,155,-185,-137,113,-137,113,2021-11-22T23:50:04+00:00,2021-11-22T23:50:04+00:00,2021-12-04T03:36:20+00:00,2021-12-04T03:36:20+00:00,95,95,6,6,25291,https://www.bestfightodds.com/events/bellator-272-2377
Bellator 272,2021-12-03,Collin Huckbody,Johnny Eblen,375,-500,879,-1605,879,-1605,2021-11-22T23:50:04+00:00,2021-11-22T23:50:04+00:00,2021-12-04T03:15:32+00:00,2021-12-04T03:15:32+00:00,71,71,6,6,25289,https://www.bestfightodds.com/events/bellator-272-2377
Bellator 272,2021-12-03,Alexander Shabliy,Bobby King,-300,240,-1334,770,-1334,770,2021-11-22T23:50:05+00:00,2021-11-22T23:50:05+00:00,2021-12-04T01:30:10+00:00,2021-12-04T01:30:10+00:00,81,81,6,6,25294,https://www.bestfightodds.com/events/bellator-272-2377
Bellator 272,2021-12-03,John de Jesus,Kai Kamaka,240,-300,156,-188,156,-188,2021-11-22T23:50:05+00:00,2021-11-22T23:50:05+00:00,2021-12-04T01:55:32+00:00,2021-12-04T01:55:32+00:00,80,80,6,6,25295,https://www.bestfightodds.com/events/bellator-272-2377
Bellator 272,2021-12-03,Levan Chokheli,Vinicius de Jesus,-200,160,114,-139,114,-139,2021-11-22T23:50:04+00:00,2021-11-22T23:50:04+00:00,2021-12-04T01:15:06+00:00,2021-12-04T01:15:06+00:00,101,101,6,6,25292,https://www.bestfightodds.com/events/bellator-272-2377
Bellator 272,2021-12-03,Jacob Bohn,Justin Montalvo,180,-220,180,-223,180,-223,2021-11-30T21:08:10+00:00,2021-11-30T21:08:10+00:00,2021-12-04T01:05:18+00:00,2021-12-04T01:05:18+00:00,25,25,6,6,25402,https://www.bestfightodds.com/events/bellator-272-2377
Bellator 272,2021-12-03,Killys Mota,Mike Hamel,-175,145,-102,-121,-102,-121,2021-11-22T23:50:04+00:00,2021-11-22T23:50:04+00:00,2021-12-04T00:25:28+00:00,2021-12-04T00:25:28+00:00,110,110,6,6,25293,https://www.bestfightodds.com/events/bellator-272-2377
Bellator 272,2021-12-03,Dan Moret,Spike Carlyle,115,-145,-106,-117,-106,-117,2021-11-27T22:57:28+00:00,2021-11-27T22:57:28+00:00,2021-12-04T00:40:13+00:00,2021-12-04T00:40:13+00:00,73,73,5,5,25354,https://www.bestfightodds.com/events/bellator-272-2377
Bellator 272,2021-12-03,Kyle Crutchmer,Oliver Enkamp,160,-200,-171,141,-171,141,2021-11-22T23:50:05+00:00,2021-11-22T23:50:05+00:00,2021-12-04T00:15:25+00:00,2021-12-04T00:15:25+00:00,113,113,6,6,25297,https://www.bestfightodds.com/events/bellator-272-2377
Bellator 272,2021-12-03,Jornel Lugo,Tommy Espinosa,-450,340,-1225,675,-1225,675,2021-11-24T19:44:22+00:00,2021-11-24T19:44:22+00:00,2021-12-01T13:48:25+00:00,2021-12-01T13:48:25+00:00,5,5,2,2,25290,https://www.bestfightodds.com/events/bellator-272-2377
Bellator 272,2021-12-03,Alfie Davis,Jay Jay Wilson,220,-275,200,-250,200,-250,2021-11-24T19:48:23+00:00,2021-11-24T19:48:23+00:00,2021-11-26T17:34:22+00:00,2021-11-26T17:34:22+00:00,2,2,1,1,25296,https://www.bestfightodds.com/events/bellator-272-2377
UFC on ESPN: Makhachev vs. Moises,2021-07-17,Islam Makhachev,Thiago Moises,-500,375,-835,549,-835,549,2021-06-21T18:32:04+00:00,2021-06-21T18:32:04+00:00,2021-07-18T04:16:27+00:00,2021-07-18T04:16:27+00:00,133,133,7,7,22861,https://www.bestfightodds.com/events/ufc-on-espn-makhachev-vs-moises-2139
UFC on ESPN: Makhachev vs. Moises,2021-07-17,Marion Reneau,Miesha Tate,-135,115,155,-188,155,-188,2021-06-21T18:32:04+00:00,2021-06-21T18:32:04+00:00,2021-07-18T03:42:27+00:00,2021-07-18T03:42:27+00:00,196,196,7,7,22586,https://www.bestfightodds.com/events/ufc-on-espn-makhachev-vs-moises-2139
UFC on ESPN: Makhachev vs. Moises,2021-07-17,Jeremy Stephens,Mateusz Gamrot,145,-170,206,-255,206,-255,2021-06-21T18:32:04+00:00,2021-06-21T18:32:04+00:00,2021-07-18T03:18:28+00:00,2021-07-18T03:18:28+00:00,165,165,7,7,22870,https://www.bestfightodds.com/events/ufc-on-espn-makhachev-vs-moises-2139
UFC on ESPN: Makhachev vs. Moises,2021-07-17,Dustin Stoltzfus,Rodolfo Vieira,180,-210,183,-227,183,-227,2021-06-21T18:32:04+00:00,2021-06-21T18:32:04+00:00,2021-07-18T02:46:27+00:00,2021-07-18T02:46:27+00:00,79,79,7,7,23307,https://www.bestfightodds.com/events/ufc-on-espn-makhachev-vs-moises-2139
UFC on ESPN: Makhachev vs. Moises,2021-07-17,Billy Quarantillo,Gabriel Benitez,-135,115,130,-156,130,-156,2021-06-25T23:10:14+00:00,2021-06-25T23:10:14+00:00,2021-07-18T02:12:28+00:00,2021-07-18T02:12:28+00:00,222,222,7,7,23353,https://www.bestfightodds.com/events/ufc-on-espn-makhachev-vs-moises-2139
UFC on ESPN: Makhachev vs. Moises,2021-07-17,Daniel Rodriguez,Preston Parsons,-225,175,-345,270,-345,270,2021-07-11T19:40:29+00:00,2021-07-11T19:40:29+00:00,2021-07-18T01:37:28+00:00,2021-07-18T01:37:28+00:00,95,95,7,7,23518,https://www.bestfightodds.com/events/ufc-on-espn-makhachev-vs-moises-2139
UFC on ESPN: Makhachev vs. Moises,2021-07-17,Amanda Lemos,Montserrat Ruiz,-250,210,-560,404,-560,404,2021-06-21T18:34:04+00:00,2021-06-21T18:34:04+00:00,2021-07-18T01:10:28+00:00,2021-07-18T01:10:28+00:00,75,75,7,7,22949,https://www.bestfightodds.com/events/ufc-on-espn-makhachev-vs-moises-2139
UFC on ESPN: Makhachev vs. Moises,2021-07-17,Khalid Taha,Sergey Morozov,-150,130,-143,118,-143,118,2021-06-21T18:32:04+00:00,2021-06-21T18:32:04+00:00,2021-07-18T00:39:27+00:00,2021-07-18T00:39:27+00:00,148,148,7,7,22547,https://www.bestfightodds.com/events/ufc-on-espn-makhachev-vs-moises-2139
UFC on ESPN: Makhachev vs. Moises,2021-07-17,Anderson Dos Santos,Miles Johns,125,-145,162,-196,162,-196,2021-06-21T18:34:04+00:00,2021-06-21T18:34:04+00:00,2021-07-17T22:58:24+00:00,2021-07-17T22:58:24+00:00,106,106,7,7,22605,https://www.bestfightodds.com/events/ufc-on-espn-makhachev-vs-moises-2139
UFC on ESPN: Makhachev vs. Moises,2021-07-17,Francisco Figueredo,Malcolm Gordon,-230,195,-309,243,-309,243,2021-06-21T18:34:04+00:00,2021-06-21T18:34:04+00:00,2021-07-18T00:06:28+00:00,2021-07-18T00:06:28+00:00,72,72,7,7,22604,https://www.bestfightodds.com/events/ufc-on-espn-makhachev-vs-moises-2139
UFC on ESPN: Makhachev vs. Moises,2021-07-17,Alan Baudot,Rodrigo Nascimento,275,-365,292,-379,292,-379,2021-05-12T19:16:27+00:00,2021-05-12T19:16:27+00:00,2021-07-17T23:42:28+00:00,2021-07-17T23:42:28+00:00,74,74,7,7,22623,https://www.bestfightodds.com/events/ufc-on-espn-makhachev-vs-moises-2139
UFC 271,2022-02-12,Israel Adesanya,Robert Whittaker,-260,220,-303,241,-303,241,2022-01-01T06:00:06+00:00,2022-01-01T06:00:06+00:00,2022-02-13T05:22:28+00:00,2022-02-13T05:22:28+00:00,203,203,7,7,25689,https://www.bestfightodds.com/events/ufc-271-2338
UFC 271,2022-02-12,Derrick Lewis,Tai Tuivasa,-146,124,-179,149,-179,149,2022-01-07T17:42:31+00:00,2022-01-07T17:42:31+00:00,2022-02-13T04:52:28+00:00,2022-02-13T04:52:28+00:00,123,123,7,7,25713,https://www.bestfightodds.com/events/ufc-271-2338
UFC 271,2022-02-12,Derek Brunson,Jared Cannonier,116,-136,137,-164,137,-164,2022-01-06T18:10:15+00:00,2022-01-06T18:10:15+00:00,2022-02-13T04:23:27+00:00,2022-02-13T04:23:27+00:00,264,264,7,7,24793,https://www.bestfightodds.com/events/ufc-271-2338
UFC 271,2022-02-12,Alex Hernandez,Renato Moicano,155,-180,134,-160,134,-160,2022-01-11T22:12:09+00:00,2022-01-11T22:12:09+00:00,2022-02-13T03:56:27+00:00,2022-02-13T03:56:27+00:00,143,143,7,7,24992,https://www.bestfightodds.com/events/ufc-271-2338
UFC 271,2022-02-12,Bobby Green,Nasrat Haqparast,-110,-110,-155,130,-155,130,2022-01-11T22:12:09+00:00,2022-01-11T22:12:09+00:00,2022-02-13T03:23:28+00:00,2022-02-13T03:23:28+00:00,194,194,7,7,25711,https://www.bestfightodds.com/events/ufc-271-2338
UFC 271,2022-02-12,Andrei Arlovski,Jared Vanderaa,-300,250,-155,128,-155,128,2022-01-16T20:36:04+00:00,2022-01-16T20:36:04+00:00,2022-02-13T02:42:27+00:00,2022-02-13T02:42:27+00:00,139,139,7,7,25795,https://www.bestfightodds.com/events/ufc-271-2338
UFC 271,2022-02-12,Casey O'Neill,Roxanne Modafferi,-250,210,-387,297,-387,297,2022-01-11T22:12:09+00:00,2022-01-11T22:12:09+00:00,2022-02-13T02:10:27+00:00,2022-02-13T02:10:27+00:00,110,110,7,7,25107,https://www.bestfightodds.com/events/ufc-271-2338
UFC 271,2022-02-12,Kyler Phillips,Marcelo Rojo,-300,250,-443,332,-443,332,2022-01-11T22:12:09+00:00,2022-01-11T22:12:09+00:00,2022-02-13T01:42:28+00:00,2022-02-13T01:42:28+00:00,156,156,7,7,24897,https://www.bestfightodds.com/events/ufc-271-2338
UFC 271,2022-02-12,Carlos Ulberg,Fabio Cherant,-145,125,-262,212,-262,212,2022-01-11T22:12:09+00:00,2022-01-11T22:12:09+00:00,2022-02-13T01:12:28+00:00,2022-02-13T01:12:28+00:00,115,115,7,7,25173,https://www.bestfightodds.com/events/ufc-271-2338
UFC 271,2022-02-12,Leomana Martinez,Ronnie Lawrence,230,-270,249,-319,249,-319,2022-01-11T22:12:09+00:00,2022-01-11T22:12:09+00:00,2022-02-13T00:39:29+00:00,2022-02-13T00:39:29+00:00,72,72,7,7,25200,https://www.bestfightodds.com/events/ufc-271-2338
UFC 271,2022-02-12,Aj Dobson,Jacob Malkoun,-200,170,-115,-106,-115,-106,2022-01-11T22:12:09+00:00,2022-01-11T22:12:09+00:00,2022-02-13T00:10:28+00:00,2022-02-13T00:10:28+00:00,111,111,7,7,24701,https://www.bestfightodds.com/events/ufc-271-2338
UFC 271,2022-02-12,Douglas Silva de Andrade,Sergey Morozov,170,-200,178,-219,178,-219,2022-01-11T22:10:09+00:00,2022-01-11T22:10:09+00:00,2022-02-12T23:46:29+00:00,2022-02-12T23:46:29+00:00,77,77,7,7,24855,https://www.bestfightodds.com/events/ufc-271-2338
UFC 271,2022-02-12,Jeremiah Wells,Mike Mathetha,-200,170,-236,190,-236,190,2022-02-04T21:16:11+00:00,2022-02-04T21:16:11+00:00,2022-02-12T23:30:27+00:00,2022-02-12T23:30:27+00:00,76,76,6,6,25849,https://www.bestfightodds.com/events/ufc-271-2338
UFC 271,2022-02-12,Maxim Grishin,William Knight,-200,170,-173,145,-173,145,2022-01-31T22:32:08+00:00,2022-01-31T22:32:08+00:00,2022-02-12T23:03:28+00:00,2022-02-12T23:03:28+00:00,120,120,6,6,25942,https://www.bestfightodds.com/events/ufc-271-2338
UFC 271,2022-02-12,Mark Madsen,Vinc Pichel,165,-200,145,-175,145,-175,2022-01-13T15:20:27+00:00,2022-01-13T15:20:27+00:00,2022-01-20T17:26:24+00:00,2022-01-20T17:26:24+00:00,4,4,1,1,25570,https://www.bestfightodds.com/events/ufc-271-2338
UFC 271,2022-02-12,Alex Perez,Matt Schnell,-375,290,-400,300,-400,300,2022-01-13T16:10:51+00:00,2022-01-13T16:10:51+00:00,2022-01-24T15:38:22+00:00,2022-01-24T15:38:22+00:00,7,7,1,1,25726,https://www.bestfightodds.com/events/ufc-271-2338
UFC 271,2022-02-12,Ed Herman,Maxim Grishin,230,-275,260,-350,260,-350,2022-01-13T16:10:51+00:00,2022-01-13T16:10:51+00:00,2022-01-24T15:36:23+00:00,2022-01-24T15:36:23+00:00,4,4,1,1,25209,https://www.bestfightodds.com/events/ufc-271-2338
UFC 270,2022-01-22,Ciryl Gane,Francis Ngannou,165,-190,-145,122,-145,122,2021-06-26T23:38:05+00:00,2021-06-26T23:38:05+00:00,2022-01-23T05:35:28+00:00,2022-01-23T05:35:28+00:00,420,420,7,7,23365,https://www.bestfightodds.com/events/ufc-270-2322
UFC 270,2022-01-22,Brandon Moreno,Deiveson Figueiredo,-185,155,-187,156,-187,156,2021-09-22T01:39:27+00:00,2021-09-22T01:39:27+00:00,2022-01-23T04:40:28+00:00,2022-01-23T04:40:28+00:00,139,139,7,7,24514,https://www.bestfightodds.com/events/ufc-270-2322
UFC 270,2022-01-22,Andre Fialho,Michel Pereira,210,-250,236,-294,236,-294,2022-01-11T22:02:09+00:00,2022-01-11T22:02:09+00:00,2022-01-23T04:00:29+00:00,2022-01-23T04:00:29+00:00,91,91,7,7,25725,https://www.bestfightodds.com/events/ufc-270-2322
UFC 270,2022-01-22,Cody Stamann,Said Nurmagomedov,210,-245,158,-188,158,-188,2021-12-15T21:44:09+00:00,2021-12-15T21:44:09+00:00,2022-01-23T03:40:28+00:00,2022-01-23T03:40:28+00:00,129,129,7,7,24853,https://www.bestfightodds.com/events/ufc-270-2322
UFC 270,2022-01-22,Michael Morales,Trevin Giles,-155,135,-107,-114,-107,-114,2021-12-15T21:44:09+00:00,2021-12-15T21:44:09+00:00,2022-01-23T03:21:28+00:00,2022-01-23T03:21:28+00:00,154,154,7,7,24871,https://www.bestfightodds.com/events/ufc-270-2322
UFC 270,2022-01-22,Ilia Topuria,Movsar Evloev,-120,100,-135,110,-135,110,2021-12-21T14:34:22+00:00,2021-12-21T14:34:22+00:00,2022-01-07T20:28:22+00:00,2022-01-07T20:28:22+00:00,10,10,1,1,24989,https://www.bestfightodds.com/events/ufc-270-2322
UFC 270,2022-01-22,Alexa Grasso,Viviane Araujo,-140,115,-175,145,-175,145,2021-12-21T14:38:24+00:00,2021-12-21T14:38:24+00:00,2022-01-03T19:44:23+00:00,2022-01-03T19:44:23+00:00,4,4,1,1,25568,https://www.bestfightodds.com/events/ufc-270-2322
UFC 270,2022-01-22,Jack Della Maddalena,Warlley Alves,-200,165,-200,165,-200,165,2021-12-21T14:44:22+00:00,2021-12-21T14:44:22+00:00,2021-12-21T14:44:22+00:00,2021-12-21T14:44:22+00:00,1,1,1,1,24987,https://www.bestfightodds.com/events/ufc-270-2322
UFC 270,2022-01-22,Raoni Barcelos,Victor Henry,-350,285,-510,376,-510,376,2022-01-12T19:16:08+00:00,2022-01-12T19:16:08+00:00,2022-01-23T02:38:28+00:00,2022-01-23T02:38:28+00:00,120,120,7,7,25702,https://www.bestfightodds.com/events/ufc-270-2322
UFC 270,2022-01-22,Jack Della Maddalena,Pete Rodrigue.,-300,250,-391,300,-391,300,2022-01-16T00:52:06+00:00,2022-01-16T00:52:06+00:00,2022-01-23T02:06:23+00:00,2022-01-23T02:06:23+00:00,76,76,7,7,25796,https://www.bestfightodds.com/events/ufc-270-2322
UFC 270,2022-01-22,Saimon Oliveira,Tony Gravely,145,-170,210,-262,210,-262,2021-12-15T21:44:09+00:00,2021-12-15T21:44:09+00:00,2022-01-23T01:41:28+00:00,2022-01-23T01:41:28+00:00,75,75,7,7,24985,https://www.bestfightodds.com/events/ufc-270-2322
UFC 270,2022-01-22,Genaro Valdez,Matt Frevola,-130,110,174,-212,174,-212,2021-12-15T21:46:09+00:00,2021-12-15T21:46:09+00:00,2022-01-23T01:12:33+00:00,2022-01-23T01:12:33+00:00,145,145,7,7,24898,https://www.bestfightodds.com/events/ufc-270-2322
UFC 270,2022-01-22,Silvana Gomez Juarez.,Vanessa Demopoulos,-130,100,128,-154,128,-154,2021-12-10T23:05:29+00:00,2021-12-10T23:05:29+00:00,2022-01-23T00:40:28+00:00,2022-01-23T00:40:28+00:00,117,117,7,7,25332,https://www.bestfightodds.com/events/ufc-270-2322
UFC 270,2022-01-22,Jasmine Jasudavicius,Kay Hansen,-105,-115,161,-195,161,-195,2021-12-15T21:46:09+00:00,2021-12-15T21:46:09+00:00,2022-01-23T00:10:29+00:00,2022-01-23T00:10:29+00:00,160,160,7,7,24730,https://www.bestfightodds.com/events/ufc-270-2322
UFC on ESPN: Barboza vs. Chikadze,2021-08-28,Edson Barboza,Giga Chikadze,-150,130,-125,103,-125,103,2021-07-06T21:56:07+00:00,2021-07-06T21:56:07+00:00,2021-08-29T04:56:29+00:00,2021-08-29T04:56:29+00:00,280,280,7,7,23459,https://www.bestfightodds.com/events/ufc-on-espn-barboza-vs-chikadze-2251
UFC on ESPN: Barboza vs. Chikadze,2021-08-28,Bryan Battle,Gilbert Urbina,-129,-101,-200,166,-200,166,2021-08-22T18:46:04+00:00,2021-08-22T18:46:04+00:00,2021-08-29T04:26:27+00:00,2021-08-29T04:26:27+00:00,122,122,7,7,24157,https://www.bestfightodds.com/events/ufc-on-espn-barboza-vs-chikadze-2251
UFC on ESPN: Barboza vs. Chikadze,2021-08-28,Brady Hiestand,Ricky Turcios,140,-170,127,-153,127,-153,2021-08-22T18:50:03+00:00,2021-08-22T18:50:03+00:00,2021-08-29T03:46:28+00:00,2021-08-29T03:46:28+00:00,113,113,7,7,24076,https://www.bestfightodds.com/events/ufc-on-espn-barboza-vs-chikadze-2251
UFC on ESPN: Barboza vs. Chikadze,2021-08-28,Daniel Rodriguez,Kevin Lee,110,-130,123,-148,123,-148,2021-08-12T20:40:11+00:00,2021-08-12T20:40:11+00:00,2021-08-29T03:14:27+00:00,2021-08-29T03:14:27+00:00,201,201,7,7,24087,https://www.bestfightodds.com/events/ufc-on-espn-barboza-vs-chikadze-2251
UFC on ESPN: Barboza vs. Chikadze,2021-08-28,Andre Petroski,Micheal Gillmore,-175,145,-538,393,-538,393,2021-08-22T18:42:03+00:00,2021-08-22T18:42:03+00:00,2021-08-29T02:42:28+00:00,2021-08-29T02:42:28+00:00,90,90,7,7,24161,https://www.bestfightodds.com/events/ufc-on-espn-barboza-vs-chikadze-2251
UFC on ESPN: Barboza vs. Chikadze,2021-08-28,Gerald Meerschaert,Makhmud Muradov,200,-235,445,-634,445,-634,2021-08-04T13:04:07+00:00,2021-08-04T13:04:07+00:00,2021-08-29T02:14:27+00:00,2021-08-29T02:14:27+00:00,296,296,7,7,22811,https://www.bestfightodds.com/events/ufc-on-espn-barboza-vs-chikadze-2251
UFC on ESPN: Barboza vs. Chikadze,2021-08-28,Abdul Razak Alhassan,Alessio Di Chirico,125,-155,200,-247,200,-247,2021-08-22T18:26:03+00:00,2021-08-22T18:26:03+00:00,2021-08-29T01:40:28+00:00,2021-08-29T01:40:28+00:00,116,116,7,7,24174,https://www.bestfightodds.com/events/ufc-on-espn-barboza-vs-chikadze-2251
UFC on ESPN: Barboza vs. Chikadze,2021-08-28,Sam Alvey,Wellington Turman,-110,-110,100,-122,100,-122,2021-08-04T13:06:06+00:00,2021-08-04T13:06:06+00:00,2021-08-29T01:10:28+00:00,2021-08-29T01:10:28+00:00,197,197,7,7,23777,https://www.bestfightodds.com/events/ufc-on-espn-barboza-vs-chikadze-2251
UFC on ESPN: Barboza vs. Chikadze,2021-08-28,Darren Stewart,Dustin Jacoby,150,-175,164,-197,164,-197,2021-08-04T16:18:07+00:00,2021-08-04T16:18:07+00:00,2021-08-29T00:40:28+00:00,2021-08-29T00:40:28+00:00,164,164,7,7,23778,https://www.bestfightodds.com/events/ufc-on-espn-barboza-vs-chikadze-2251
UFC on ESPN: Barboza vs. Chikadze,2021-08-28,Jj Aldrich,Vanessa Demopoulos,-220,185,-427,323,-427,323,2021-08-22T18:00:03+00:00,2021-08-22T18:00:03+00:00,2021-08-29T00:13:27+00:00,2021-08-29T00:13:27+00:00,89,89,7,7,24167,https://www.bestfightodds.com/events/ufc-on-espn-barboza-vs-chikadze-2251
UFC on ESPN: Barboza vs. Chikadze,2021-08-28,Jamall Emmers,Pat Sabatini,-145,125,-153,127,-153,127,2021-08-04T13:06:06+00:00,2021-08-04T13:06:06+00:00,2021-08-28T23:54:28+00:00,2021-08-28T23:54:28+00:00,192,192,7,7,22866,https://www.bestfightodds.com/events/ufc-on-espn-barboza-vs-chikadze-2251
UFC on ESPN: Barboza vs. Chikadze,2021-08-28,Guido Cannetti,Mana Martinez,185,-225,230,-290,230,-290,2021-08-22T18:36:04+00:00,2021-08-22T18:36:04+00:00,2021-08-28T23:24:28+00:00,2021-08-28T23:24:28+00:00,121,121,7,7,24175,https://www.bestfightodds.com/events/ufc-on-espn-barboza-vs-chikadze-2251
UFC 269,2021-12-11,Amanda Nunes,Julianna Pena,-800,500,-801,606,-801,606,2021-08-31T01:00:07+00:00,2021-08-31T01:00:07+00:00,2021-12-12T05:26:04+00:00,2021-12-12T05:26:04+00:00,263,263,7,7,24287,https://www.bestfightodds.com/events/ufc-269-2279
UFC 269,2021-12-11,Charles Oliveira,Dustin Poirier,145,-165,112,-137,112,-137,2021-01-24T19:28:14+00:00,2021-01-24T19:28:14+00:00,2021-12-12T05:27:27+00:00,2021-12-12T05:27:27+00:00,350,350,7,7,21771,https://www.bestfightodds.com/events/ufc-269-2279
UFC 269,2021-12-11,Geoff Neal,Santiago Ponzinibbio,-115,-105,104,-127,104,-127,2021-11-15T20:42:22+00:00,2021-11-15T20:42:22+00:00,2021-12-12T04:11:28+00:00,2021-12-12T04:11:28+00:00,166,166,7,7,24861,https://www.bestfightodds.com/events/ufc-269-2279
UFC 269,2021-12-11,Jorge Masvidal,Leon Edwards,160,-200,165,-200,165,-200,2021-10-15T14:52:24+00:00,2021-10-15T14:52:24+00:00,2021-11-08T17:40:22+00:00,2021-11-08T17:40:22+00:00,2,2,1,1,24824,https://www.bestfightodds.com/events/ufc-269-2279
UFC 269,2021-12-11,Cody Garbrandt,Kai Kara France,-125,105,-145,121,-145,121,2021-11-15T19:48:05+00:00,2021-11-15T19:48:05+00:00,2021-12-12T03:48:28+00:00,2021-12-12T03:48:28+00:00,195,195,7,7,23930,https://www.bestfightodds.com/events/ufc-269-2279
UFC 269,2021-12-11,Raulian Paiva,Sean O'Malley,270,-330,250,-321,250,-321,2021-11-15T19:48:05+00:00,2021-11-15T19:48:05+00:00,2021-12-12T03:25:28+00:00,2021-12-12T03:25:28+00:00,182,182,7,7,24725,https://www.bestfightodds.com/events/ufc-269-2279
UFC 269,2021-12-11,Dan Ige,Josh Emmett,170,-200,115,-139,115,-139,2021-11-15T19:48:05+00:00,2021-11-15T19:48:05+00:00,2021-12-12T02:41:27+00:00,2021-12-12T02:41:27+00:00,182,182,7,7,24965,https://www.bestfightodds.com/events/ufc-269-2279
UFC 269,2021-12-11,Dominick Cruz,Pedro Munhoz,135,-155,-108,-112,-108,-112,2021-11-18T13:56:08+00:00,2021-11-18T13:56:08+00:00,2021-12-12T02:32:23+00:00,2021-12-12T02:32:23+00:00,133,133,7,7,24707,https://www.bestfightodds.com/events/ufc-269-2279
UFC 269,2021-12-11,Augusto Sakai,Tai Tuivasa,-110,-110,103,-125,103,-125,2021-11-21T06:00:04+00:00,2021-11-21T06:00:04+00:00,2021-12-12T01:50:23+00:00,2021-12-12T01:50:23+00:00,130,130,7,7,25276,https://www.bestfightodds.com/events/ufc-269-2279
UFC 269,2021-12-11,Bruno Silva,Jordan Wright,-350,285,-330,258,-330,258,2021-11-15T19:48:05+00:00,2021-11-15T19:48:05+00:00,2021-12-12T01:12:29+00:00,2021-12-12T01:12:29+00:00,92,92,7,7,25125,https://www.bestfightodds.com/events/ufc-269-2279
UFC 269,2021-12-11,Andre Muniz,Eryk Anders,-125,105,-189,161,-189,161,2021-11-15T19:48:05+00:00,2021-11-15T19:48:05+00:00,2021-12-12T00:40:28+00:00,2021-12-12T00:40:28+00:00,161,161,7,7,25175,https://www.bestfightodds.com/events/ufc-269-2279
UFC 269,2021-12-11,Erin Blanchfield,Miranda Maverick,-155,135,118,-142,118,-142,2021-11-09T12:58:06+00:00,2021-11-09T12:58:06+00:00,2021-12-12T00:12:28+00:00,2021-12-12T00:12:28+00:00,181,181,7,7,25158,https://www.bestfightodds.com/events/ufc-269-2279
UFC 269,2021-12-11,Darrick Minner,Ryan Hall,220,-260,155,-184,155,-184,2021-11-15T19:48:05+00:00,2021-11-15T19:48:05+00:00,2021-12-11T23:46:35+00:00,2021-12-11T23:46:35+00:00,122,122,7,7,25221,https://www.bestfightodds.com/events/ufc-269-2279
UFC 269,2021-12-11,Randy Costa,Tony Kelley,-110,-110,-198,163,-198,163,2021-11-15T19:48:05+00:00,2021-11-15T19:48:05+00:00,2021-12-11T23:18:33+00:00,2021-12-11T23:18:33+00:00,106,106,7,7,24362,https://www.bestfightodds.com/events/ufc-269-2279
UFC 269,2021-12-11,Gillian Robertson,Priscila Cachoeira,-300,250,-353,277,-353,277,2021-11-15T19:48:05+00:00,2021-11-15T19:48:05+00:00,2021-12-11T23:03:29+00:00,2021-12-11T23:03:29+00:00,115,115,7,7,24249,https://www.bestfightodds.com/events/ufc-269-2279
UFC Fight Night: Font vs. Aldo,2021-12-04,Jose Aldo,Rob Font,-105,-115,114,-139,114,-139,2021-11-09T22:34:07+00:00,2021-11-09T22:34:07+00:00,2021-12-05T05:28:28+00:00,2021-12-05T05:28:28+00:00,226,226,7,7,24681,https://www.bestfightodds.com/events/ufc-fight-night-font-vs-aldo-2259
UFC Fight Night: Font vs. Aldo,2021-12-04,Brad Riddell,Rafael Fiziev,-130,110,106,-127,106,-127,2021-11-09T22:34:07+00:00,2021-11-09T22:34:07+00:00,2021-12-05T04:54:28+00:00,2021-12-05T04:54:28+00:00,208,208,7,7,24333,https://www.bestfightodds.com/events/ufc-fight-night-font-vs-aldo-2259
UFC Fight Night: Font vs. Aldo,2021-12-04,Jamahal Hill,Jimmy Crute,185,-220,157,-189,157,-189,2021-11-09T22:34:07+00:00,2021-11-09T22:34:07+00:00,2021-12-05T04:36:27+00:00,2021-12-05T04:36:27+00:00,195,195,7,7,24416,https://www.bestfightodds.com/events/ufc-fight-night-font-vs-aldo-2259
UFC Fight Night: Font vs. Aldo,2021-12-04,Clay Guida,Leo Santos,220,-260,177,-217,177,-217,2021-11-09T22:34:07+00:00,2021-11-09T22:34:07+00:00,2021-12-05T04:10:28+00:00,2021-12-05T04:10:28+00:00,148,148,7,7,24964,https://www.bestfightodds.com/events/ufc-fight-night-font-vs-aldo-2259
UFC Fight Night: Font vs. Aldo,2021-12-04,Brendan Allen,Chris Curtis,-300,250,-347,270,-347,270,2021-11-23T00:50:05+00:00,2021-11-23T00:50:05+00:00,2021-12-05T03:46:28+00:00,2021-12-05T03:46:28+00:00,61,61,7,7,25299,https://www.bestfightodds.com/events/ufc-fight-night-font-vs-aldo-2259
UFC Fight Night: Font vs. Aldo,2021-12-04,Alex Morono,Mickey Gall,-270,230,-250,202,-250,202,2021-11-17T00:14:08+00:00,2021-11-17T00:14:08+00:00,2021-12-05T03:15:29+00:00,2021-12-05T03:15:29+00:00,113,113,7,7,25211,https://www.bestfightodds.com/events/ufc-fight-night-font-vs-aldo-2259
UFC Fight Night: Font vs. Aldo,2021-12-04,Durko Todorovir,Maki Pitolo,-235,200,-173,142,-173,142,2021-11-17T00:14:08+00:00,2021-11-17T00:14:08+00:00,2021-12-05T02:39:28+00:00,2021-12-05T02:39:28+00:00,132,132,7,7,25212,https://www.bestfightodds.com/events/ufc-fight-night-font-vs-aldo-2259
UFC Fight Night: Font vs. Aldo,2021-12-04,Manel Kape,Zhalgas Zhumagulov,-260,220,-302,240,-302,240,2021-11-09T22:34:07+00:00,2021-11-09T22:34:07+00:00,2021-12-05T02:14:28+00:00,2021-12-05T02:14:28+00:00,144,144,7,7,24652,https://www.bestfightodds.com/events/ufc-fight-night-font-vs-aldo-2259
UFC Fight Night: Font vs. Aldo,2021-12-04,Bryan Barberena,Darian Weeks,-175,150,-140,116,-140,116,2021-12-01T14:02:12+00:00,2021-12-01T14:02:12+00:00,2021-12-05T01:48:29+00:00,2021-12-05T01:48:29+00:00,133,133,7,7,25414,https://www.bestfightodds.com/events/ufc-fight-night-font-vs-aldo-2259
UFC Fight Night: Font vs. Aldo,2021-12-04,Jake Matthews,Jeremiah Wells,-195,160,-172,144,-172,144,2021-11-10T19:48:28+00:00,2021-11-10T19:48:28+00:00,2021-12-05T01:16:13+00:00,2021-12-05T01:16:13+00:00,37,37,2,2,25171,https://www.bestfightodds.com/events/ufc-fight-night-font-vs-aldo-2259
UFC Fight Night: Font vs. Aldo,2021-12-04,Cheyanne Buys,Mallory Martin,-220,185,-195,164,-195,164,2021-11-17T00:14:08+00:00,2021-11-17T00:14:08+00:00,2021-12-05T01:22:28+00:00,2021-12-05T01:22:28+00:00,53,53,3,3,25254,https://www.bestfightodds.com/events/ufc-fight-night-font-vs-aldo-2259
UFC Fight Night: Font vs. Aldo,2021-12-04,Cheyanne Vlismas,Mallory Martin,-200,150,-193,157,-193,157,2021-11-25T07:08:33+00:00,2021-11-25T07:08:33+00:00,2021-12-05T01:10:22+00:00,2021-12-05T01:10:22+00:00,33,33,4,4,25324,https://www.bestfightodds.com/events/ufc-fight-night-font-vs-aldo-2259
UFC Fight Night: Font vs. Aldo,2021-12-04,Alonzo Menifield,William Knight,-140,110,-165,138,-165,138,2021-11-21T21:58:27+00:00,2021-11-21T21:58:27+00:00,2021-12-05T00:55:27+00:00,2021-12-05T00:55:27+00:00,150,150,7,7,25280,https://www.bestfightodds.com/events/ufc-fight-night-font-vs-aldo-2259
UFC Fight Night: Font vs. Aldo,2021-12-04,Chris Gruetzemacher,Claudio Puelles,130,-150,100,-122,100,-122,2021-11-09T22:34:07+00:00,2021-11-09T22:34:07+00:00,2021-12-05T00:27:29+00:00,2021-12-05T00:27:29+00:00,196,196,7,7,24291,https://www.bestfightodds.com/events/ufc-fight-night-font-vs-aldo-2259
UFC Fight Night: Font vs. Aldo,2021-12-04,Louis Smolka,Vince Morales,-185,160,-163,136,-163,136,2021-11-09T22:34:07+00:00,2021-11-09T22:34:07+00:00,2021-12-05T00:07:33+00:00,2021-12-05T00:07:33+00:00,113,113,7,7,24795,https://www.bestfightodds.com/events/ufc-fight-night-font-vs-aldo-2259
UFC Fight Night: Font vs. Aldo,2021-12-04,Bryan Barberena,Matt Brown,-200,160,-190,155,-190,155,2021-11-11T01:50:23+00:00,2021-11-11T01:50:23+00:00,2021-11-14T18:20:23+00:00,2021-11-14T18:20:23+00:00,2,2,1,1,24581,https://www.bestfightodds.com/events/ufc-fight-night-font-vs-aldo-2259
UFC Fight Night: Font vs. Aldo,2021-12-04,Mallory Martin,Montserrat Ruiz,-175,145,-175,145,-175,145,2021-11-11T01:52:24+00:00,2021-11-11T01:52:24+00:00,2021-11-11T01:52:24+00:00,2021-11-11T01:52:24+00:00,1,1,1,1,24417,https://www.bestfightodds.com/events/ufc-fight-night-font-vs-aldo-2259
UFC Fight Night: Font vs. Aldo,2021-12-04,Azamat Murzakanov,Philipe Lins,-225,185,-250,200,-250,200,2021-11-18T05:42:23+00:00,2021-11-18T05:42:23+00:00,2021-11-21T20:02:22+00:00,2021-11-21T20:02:22+00:00,2,2,1,1,25253,https://www.bestfightodds.com/events/ufc-fight-night-font-vs-aldo-2259
UFC Fight Night: Font vs. Aldo,2021-12-04,Brendan Allen,Roman Dolidze,-350,260,-350,260,-350,260,2021-11-23T20:06:23+00:00,2021-11-23T20:06:23+00:00,2021-11-23T20:06:23+00:00,2021-11-23T20:06:23+00:00,1,1,1,1,25320,https://www.bestfightodds.com/events/ufc-fight-night-font-vs-aldo-2259
UFC Fight Night: Holloway vs. Rodriguez,2021-11-13,Max Holloway,Yair Rodriguez,-375,300,-685,464,-685,464,2021-09-24T19:46:36+00:00,2021-09-24T19:46:36+00:00,2021-11-13T23:08:33+00:00,2021-11-13T23:08:33+00:00,176,176,7,7,23945,https://www.bestfightodds.com/events/ufc-fight-night-holloway-vs-rodriguez-2224
UFC Fight Night: Holloway vs. Rodriguez,2021-11-13,Ben Rothwell,Marcos Rogerio,-150,130,-168,140,-168,140,2021-10-26T00:22:07+00:00,2021-10-26T00:22:07+00:00,2021-11-13T22:34:28+00:00,2021-11-13T22:34:28+00:00,206,206,7,7,24645,https://www.bestfightodds.com/events/ufc-fight-night-holloway-vs-rodriguez-2224
UFC Fight Night: Holloway vs. Rodriguez,2021-11-13,Felicia Spencer,Leah Letson,-400,300,-356,274,-356,274,2021-10-26T00:22:06+00:00,2021-10-26T00:22:06+00:00,2021-11-13T22:04:28+00:00,2021-11-13T22:04:28+00:00,107,107,7,7,24646,https://www.bestfightodds.com/events/ufc-fight-night-holloway-vs-rodriguez-2224
UFC Fight Night: Holloway vs. Rodriguez,2021-11-13,Khaos Williams,Miguel Baeza,155,-180,126,-152,126,-152,2021-10-26T00:22:07+00:00,2021-10-26T00:22:07+00:00,2021-11-13T21:34:29+00:00,2021-11-13T21:34:29+00:00,145,145,7,7,24991,https://www.bestfightodds.com/events/ufc-fight-night-holloway-vs-rodriguez-2224
UFC Fight Night: Holloway vs. Rodriguez,2021-11-13,Julio Arce,Song Yadong,105,-125,120,-144,120,-144,2021-10-26T00:22:07+00:00,2021-10-26T00:22:07+00:00,2021-11-13T21:12:29+00:00,2021-11-13T21:12:29+00:00,141,141,7,7,24651,https://www.bestfightodds.com/events/ufc-fight-night-holloway-vs-rodriguez-2224
UFC Fight Night: Holloway vs. Rodriguez,2021-11-13,Joel Alvarez,Thiago Moises,165,-200,208,-260,208,-260,2021-10-27T08:36:23+00:00,2021-10-27T08:36:23+00:00,2021-11-13T20:36:23+00:00,2021-11-13T20:36:23+00:00,96,96,7,7,24723,https://www.bestfightodds.com/events/ufc-fight-night-holloway-vs-rodriguez-2224
UFC Fight Night: Holloway vs. Rodriguez,2021-11-13,Andrea Lee,Cynthia Calvillo,130,-150,104,-126,104,-126,2021-10-26T00:22:07+00:00,2021-10-26T00:22:07+00:00,2021-11-13T20:09:28+00:00,2021-11-13T20:09:28+00:00,158,158,7,7,24990,https://www.bestfightodds.com/events/ufc-fight-night-holloway-vs-rodriguez-2224
UFC Fight Night: Holloway vs. Rodriguez,2021-11-13,Collin Anglin,Sean Woodson,250,-300,269,-345,269,-345,2021-10-26T00:22:07+00:00,2021-10-26T00:22:07+00:00,2021-11-13T19:42:28+00:00,2021-11-13T19:42:28+00:00,99,99,7,7,24647,https://www.bestfightodds.com/events/ufc-fight-night-holloway-vs-rodriguez-2224
UFC Fight Night: Holloway vs. Rodriguez,2021-11-13,Cortney Casey,Liana Jojua,-150,130,-322,255,-322,255,2021-10-26T00:22:07+00:00,2021-10-26T00:22:07+00:00,2021-11-13T19:09:28+00:00,2021-11-13T19:09:28+00:00,165,165,7,7,24650,https://www.bestfightodds.com/events/ufc-fight-night-holloway-vs-rodriguez-2224
UFC Fight Night: Holloway vs. Rodriguez,2021-11-13,Marc Diakiese,Rafael Alves,-220,185,-248,202,-248,202,2021-11-04T20:32:17+00:00,2021-11-04T20:32:17+00:00,2021-11-13T18:40:28+00:00,2021-11-13T18:40:28+00:00,137,137,7,7,25074,https://www.bestfightodds.com/events/ufc-fight-night-holloway-vs-rodriguez-2224
UFC Fight Night: Holloway vs. Rodriguez,2021-11-13,Da Un Jung,Kennedy Nzechukwu.,-225,188,-123,101,-123,101,2021-09-29T18:56:18+00:00,2021-09-29T18:56:18+00:00,2021-11-13T18:22:27+00:00,2021-11-13T18:22:27+00:00,156,156,7,7,24292,https://www.bestfightodds.com/events/ufc-fight-night-holloway-vs-rodriguez-2224
UFC Fight Night: Holloway vs. Rodriguez,2021-11-13,Ovince St. Preux,Philipe Lins,120,-145,125,-150,125,-150,2021-10-27T08:32:23+00:00,2021-10-27T08:32:23+00:00,2021-10-28T14:34:24+00:00,2021-10-28T14:34:24+00:00,2,2,1,1,24642,https://www.bestfightodds.com/events/ufc-fight-night-holloway-vs-rodriguez-2224
UFC Fight Night: Holloway vs. Rodriguez,2021-11-13,Eryk Anders,Roman Dolidze,-165,140,-165,140,-165,140,2021-10-27T08:34:23+00:00,2021-10-27T08:34:23+00:00,2021-10-27T08:34:23+00:00,2021-10-27T08:34:23+00:00,1,1,1,1,24648,https://www.bestfightodds.com/events/ufc-fight-night-holloway-vs-rodriguez-2224
UFC 268: Usman vs. Covington 2,2021-11-06,Colby Covington,Kamaru Usman,190,-225,236,-299,236,-299,2021-04-28T01:50:11+00:00,2021-04-28T01:50:11+00:00,2021-11-07T05:02:11+00:00,2021-11-07T05:02:11+00:00,238,238,7,7,19701,https://www.bestfightodds.com/events/ufc-268-usman-vs-covington-2-2246
UFC 268: Usman vs. Covington 2,2021-11-06,Rose Namajunas,Zhang Weili,-110,-110,100,-122,100,-122,2021-08-29T22:40:04+00:00,2021-08-29T22:40:04+00:00,2021-11-07T04:05:28+00:00,2021-11-07T04:05:28+00:00,235,235,7,7,24279,https://www.bestfightodds.com/events/ufc-268-usman-vs-covington-2-2246
UFC 268: Usman vs. Covington 2,2021-11-06,Frankie Edgar,Marlon Vera,170,-200,130,-157,130,-157,2021-08-31T00:40:07+00:00,2021-08-31T00:40:07+00:00,2021-11-07T03:26:27+00:00,2021-11-07T03:26:27+00:00,182,182,7,7,24273,https://www.bestfightodds.com/events/ufc-268-usman-vs-covington-2-2246
UFC 268: Usman vs. Covington 2,2021-11-06,Billy Quarantillo,Shane Burgos,145,-170,154,-184,154,-184,2021-10-19T23:52:09+00:00,2021-10-19T23:52:09+00:00,2021-11-07T02:54:28+00:00,2021-11-07T02:54:28+00:00,92,92,7,7,24361,https://www.bestfightodds.com/events/ufc-268-usman-vs-covington-2-2246
UFC 268: Usman vs. Covington 2,2021-11-06,Justin Gaethje,Michael Chandler,-140,120,-216,175,-216,175,2021-07-31T14:18:14+00:00,2021-07-31T14:18:14+00:00,2021-11-07T02:21:28+00:00,2021-11-07T02:21:28+00:00,276,276,7,7,23874,https://www.bestfightodds.com/events/ufc-268-usman-vs-covington-2-2246
UFC 268: Usman vs. Covington 2,2021-11-06,Alex Pereira,Andreas Michailidis,-150,130,-275,220,-275,220,2021-10-19T23:52:09+00:00,2021-10-19T23:52:09+00:00,2021-11-07T01:38:28+00:00,2021-11-07T01:38:28+00:00,129,129,7,7,24862,https://www.bestfightodds.com/events/ufc-268-usman-vs-covington-2-2246
UFC 268: Usman vs. Covington 2,2021-11-06,Al Iaquinta,Bobby Green,110,-130,159,-195,159,-195,2021-10-19T23:52:09+00:00,2021-10-19T23:52:09+00:00,2021-11-07T01:10:27+00:00,2021-11-07T01:10:27+00:00,145,145,7,7,24281,https://www.bestfightodds.com/events/ufc-268-usman-vs-covington-2-2246
UFC 268: Usman vs. Covington 2,2021-11-06,Chris Curtis,Phillip Hawes,275,-350,255,-324,255,-324,2021-10-19T23:54:09+00:00,2021-10-19T23:54:09+00:00,2021-11-07T00:42:28+00:00,2021-11-07T00:42:28+00:00,105,105,7,7,24901,https://www.bestfightodds.com/events/ufc-268-usman-vs-covington-2-2246
UFC 268: Usman vs. Covington 2,2021-11-06,Edmen Shahbazyan,Nassourdine Imavov,-150,130,100,-121,100,-121,2021-08-31T00:42:06+00:00,2021-08-31T00:42:06+00:00,2021-11-07T00:13:28+00:00,2021-11-07T00:13:28+00:00,140,140,7,7,24015,https://www.bestfightodds.com/events/ufc-268-usman-vs-covington-2-2246
UFC 268: Usman vs. Covington 2,2021-11-06,Ian Garry,Jordan Williams,-290,235,-425,318,-425,318,2021-09-09T08:48:18+00:00,2021-09-09T08:48:18+00:00,2021-11-06T23:44:29+00:00,2021-11-06T23:44:29+00:00,85,85,7,7,24425,https://www.bestfightodds.com/events/ufc-268-usman-vs-covington-2-2246
UFC 268: Usman vs. Covington 2,2021-11-06,Chris Barnett,Gian Villante,130,-150,103,-126,103,-126,2021-10-19T23:54:08+00:00,2021-10-19T23:54:08+00:00,2021-11-06T23:24:27+00:00,2021-11-06T23:24:27+00:00,163,163,7,7,24632,https://www.bestfightodds.com/events/ufc-268-usman-vs-covington-2-2246
UFC 268: Usman vs. Covington 2,2021-11-06,Melsik Baghdasaryan,Tj Laramie,-275,210,-275,210,-275,210,2021-10-21T12:56:24+00:00,2021-10-21T12:56:24+00:00,2021-10-21T12:56:24+00:00,2021-10-21T12:56:24+00:00,1,1,1,1,24290,https://www.bestfightodds.com/events/ufc-268-usman-vs-covington-2-2246
UFC 268: Usman vs. Covington 2,2021-11-06,Dustin Jacoby,John Allan,-250,210,-391,300,-391,300,2021-11-01T13:20:05+00:00,2021-11-01T13:20:05+00:00,2021-11-06T22:58:28+00:00,2021-11-06T22:58:28+00:00,72,72,7,7,25086,https://www.bestfightodds.com/events/ufc-268-usman-vs-covington-2-2246
UFC 268: Usman vs. Covington 2,2021-11-06,Bruno Souza,Melsik Baghdasaryan,160,-185,298,-393,298,-393,2021-10-30T19:22:07+00:00,2021-10-30T19:22:07+00:00,2021-11-06T22:32:28+00:00,2021-11-06T22:32:28+00:00,129,129,7,7,25082,https://www.bestfightodds.com/events/ufc-268-usman-vs-covington-2-2246
UFC 268: Usman vs. Covington 2,2021-11-06,Carlos Vergara,Ode' Osbourne,130,-150,163,-197,163,-197,2021-10-19T23:54:09+00:00,2021-10-19T23:54:09+00:00,2021-11-06T22:06:29+00:00,2021-11-06T22:06:29+00:00,138,138,7,7,24551,https://www.bestfightodds.com/events/ufc-268-usman-vs-covington-2-2246
UFC 267: Brachowicz vs. Teixeira,2021-10-30,Tai Tuivasa,Walt Harris,-200,165,-200,165,-200,165,2021-08-04T13:36:23+00:00,2021-08-04T13:36:23+00:00,2021-08-04T13:36:23+00:00,2021-08-04T13:36:23+00:00,1,1,1,1,23910,https://www.bestfightodds.com/events/ufc-267-brachowicz-vs-teixeira-2217
UFC 267: Brachowicz vs. Teixeira,2021-10-30,Islam Makhachev,Rafael Dos Anjos,-500,375,-500,360,-500,360,2021-08-04T13:36:23+00:00,2021-08-04T13:36:23+00:00,2021-09-26T17:56:22+00:00,2021-09-26T17:56:22+00:00,4,4,1,1,23936,https://www.bestfightodds.com/events/ufc-267-brachowicz-vs-teixeira-2217
UFC 267: Brachowicz vs. Teixeira,2021-10-30,Glover Teixeira,Jan Blachowicz,165,-190,227,-283,227,-283,2021-03-07T16:30:02+00:00,2021-03-07T16:30:02+00:00,2021-10-30T21:03:28+00:00,2021-10-30T21:03:28+00:00,232,232,7,7,22169,https://www.bestfightodds.com/events/ufc-267-brachowicz-vs-teixeira-2217
UFC 267: Brachowicz vs. Teixeira,2021-10-30,Cory Sandhagen,Petr Yan,250,-300,209,-259,209,-259,2021-09-28T22:52:09+00:00,2021-09-28T22:52:09+00:00,2021-10-30T20:11:28+00:00,2021-10-30T20:11:28+00:00,204,204,7,7,24657,https://www.bestfightodds.com/events/ufc-267-brachowicz-vs-teixeira-2217
UFC 267: Brachowicz vs. Teixeira,2021-10-30,Daniel Hooker,Islam Makhachev,250,-300,389,-525,389,-525,2021-09-30T19:42:10+00:00,2021-09-30T19:42:10+00:00,2021-10-30T19:42:28+00:00,2021-10-30T19:42:28+00:00,178,178,7,7,24722,https://www.bestfightodds.com/events/ufc-267-brachowicz-vs-teixeira-2217
UFC 267: Brachowicz vs. Teixeira,2021-10-30,Alexander Volkov,Marcin Tybura,-210,180,-291,232,-291,232,2021-10-08T21:44:07+00:00,2021-10-08T21:44:07+00:00,2021-10-30T19:12:28+00:00,2021-10-30T19:12:28+00:00,200,200,7,7,24821,https://www.bestfightodds.com/events/ufc-267-brachowicz-vs-teixeira-2217
UFC 267: Brachowicz vs. Teixeira,2021-10-30,Khamzat Chimaev,Li Jingliang,-260,210,-509,376,-509,376,2021-07-09T15:51:19+00:00,2021-07-09T15:51:19+00:00,2021-10-30T18:54:14+00:00,2021-10-30T18:54:14+00:00,193,193,7,7,23476,https://www.bestfightodds.com/events/ufc-267-brachowicz-vs-teixeira-2217
UFC 267: Brachowicz vs. Teixeira,2021-10-30,Magomed Ankalaev,Volkan Oezdemir,-290,235,-338,261,-338,261,2021-08-22T07:18:22+00:00,2021-08-22T07:18:22+00:00,2021-10-30T18:16:29+00:00,2021-10-30T18:16:29+00:00,173,173,7,7,23584,https://www.bestfightodds.com/events/ufc-267-brachowicz-vs-teixeira-2217
UFC 267: Brachowicz vs. Teixeira,2021-10-30,Amanda Ribas,Virna Jandiroba,-120,-110,-167,138,-167,138,2021-08-03T14:26:07+00:00,2021-08-03T14:26:07+00:00,2021-10-30T17:40:29+00:00,2021-10-30T17:40:29+00:00,253,253,7,7,23465,https://www.bestfightodds.com/events/ufc-267-brachowicz-vs-teixeira-2217
UFC 267: Brachowicz vs. Teixeira,2021-10-30,Ricardo Ramos,Zubaira Tukhugov,-110,-110,139,-167,139,-167,2021-10-08T21:44:07+00:00,2021-10-08T21:44:07+00:00,2021-10-30T17:14:28+00:00,2021-10-30T17:14:28+00:00,143,143,7,7,24822,https://www.bestfightodds.com/events/ufc-267-brachowicz-vs-teixeira-2217
UFC 267: Brachowicz vs. Teixeira,2021-10-30,Albert Duraev,Roman Kopylov,-180,155,-388,293,-388,293,2021-10-08T21:44:07+00:00,2021-10-08T21:44:07+00:00,2021-10-30T16:58:28+00:00,2021-10-30T16:58:28+00:00,155,155,7,7,24619,https://www.bestfightodds.com/events/ufc-267-brachowicz-vs-teixeira-2217
UFC 267: Brachowicz vs. Teixeira,2021-10-30,Benoit St.Denis,Elizeu Zaleski Dos Santos,190,-225,263,-276,263,-276,2021-10-24T16:22:04+00:00,2021-10-24T16:22:04+00:00,2021-10-30T16:34:29+00:00,2021-10-30T16:34:29+00:00,78,78,7,7,24771,https://www.bestfightodds.com/events/ufc-267-brachowicz-vs-teixeira-2217
UFC 267: Brachowicz vs. Teixeira,2021-10-30,Michar Oleksiejczuk,Shamil Gamzatov,130,-150,-107,-114,-107,-114,2021-10-08T21:46:07+00:00,2021-10-08T21:46:07+00:00,2021-10-30T15:54:29+00:00,2021-10-30T15:54:29+00:00,162,162,7,7,24077,https://www.bestfightodds.com/events/ufc-267-brachowicz-vs-teixeira-2217
UFC 267: Brachowicz vs. Teixeira,2021-10-30,Lerone Murphy,Makwan Amirkhani,-300,250,-294,231,-294,231,2021-10-08T21:46:07+00:00,2021-10-08T21:46:07+00:00,2021-10-30T15:34:42+00:00,2021-10-30T15:34:42+00:00,116,116,7,7,24712,https://www.bestfightodds.com/events/ufc-267-brachowicz-vs-teixeira-2217
UFC 267: Brachowicz vs. Teixeira,2021-10-30,Andre Petroski.,Hu Yaozong,-110,-110,-232,185,-232,185,2021-10-24T15:38:03+00:00,2021-10-24T15:38:03+00:00,2021-10-30T15:10:36+00:00,2021-10-30T15:10:36+00:00,72,72,7,7,24932,https://www.bestfightodds.com/events/ufc-267-brachowicz-vs-teixeira-2217
UFC 267: Brachowicz vs. Teixeira,2021-10-30,Allan Nascimento,Tagir Ulanbekov,250,-300,298,-387,298,-387,2021-10-08T21:46:07+00:00,2021-10-08T21:46:07+00:00,2021-10-30T14:40:29+00:00,2021-10-30T14:40:29+00:00,78,78,7,7,24078,https://www.bestfightodds.com/events/ufc-267-brachowicz-vs-teixeira-2217
UFC Fight Night: Costa vs. Vettori,2021-10-23,Marvin Vettori,Paulo Costa,130,-150,-193,160,-193,160,2021-08-05T01:14:08+00:00,2021-08-05T01:14:08+00:00,2021-10-23T22:36:28+00:00,2021-10-23T22:36:28+00:00,322,322,7,7,23990,https://www.bestfightodds.com/events/ufc-fight-night-costa-vs-vettori-2203
UFC Fight Night: Costa vs. Vettori,2021-10-23,Grant Dawson,Rick Glenn,-400,300,-509,375,-509,375,2021-10-06T02:20:07+00:00,2021-10-06T02:20:07+00:00,2021-10-23T22:02:28+00:00,2021-10-23T22:02:28+00:00,131,131,7,7,24640,https://www.bestfightodds.com/events/ufc-fight-night-costa-vs-vettori-2203
UFC Fight Night: Costa vs. Vettori,2021-10-23,Jessica-Rose Clark,Joselyne Edwards,-150,130,-159,131,-159,131,2021-10-06T02:20:07+00:00,2021-10-06T02:20:07+00:00,2021-10-23T21:34:28+00:00,2021-10-23T21:34:28+00:00,221,221,7,7,23872,https://www.bestfightodds.com/events/ufc-fight-night-costa-vs-vettori-2203
UFC Fight Night: Costa vs. Vettori,2021-10-23,Alex Caceres,Seung Woo Choi,155,-180,215,-269,215,-269,2021-10-06T02:20:07+00:00,2021-10-06T02:20:07+00:00,2021-10-23T21:08:29+00:00,2021-10-23T21:08:29+00:00,115,115,7,7,24429,https://www.bestfightodds.com/events/ufc-fight-night-costa-vs-vettori-2203
UFC Fight Night: Costa vs. Vettori,2021-10-23,Dwight Grant,Francisco Trinaldo,140,-160,111,-134,111,-134,2021-10-06T02:20:07+00:00,2021-10-06T02:20:07+00:00,2021-10-23T20:36:29+00:00,2021-10-23T20:36:29+00:00,119,119,7,7,24628,https://www.bestfightodds.com/events/ufc-fight-night-costa-vs-vettori-2203
UFC Fight Night: Costa vs. Vettori,2021-10-23,Ike Villanueva,Nicolae Negumereanu,250,-300,195,-244,195,-244,2021-10-06T02:20:07+00:00,2021-10-06T02:20:07+00:00,2021-10-23T20:15:28+00:00,2021-10-23T20:15:28+00:00,105,105,7,7,24381,https://www.bestfightodds.com/events/ufc-fight-night-costa-vs-vettori-2203
UFC Fight Night: Costa vs. Vettori,2021-10-23,Gregory Rodrigues,Jun Yong Park,145,-170,-135,111,-135,111,2021-10-06T02:20:07+00:00,2021-10-06T02:20:07+00:00,2021-10-23T19:48:28+00:00,2021-10-23T19:48:28+00:00,161,161,7,7,24066,https://www.bestfightodds.com/events/ufc-fight-night-costa-vs-vettori-2203
UFC Fight Night: Costa vs. Vettori,2021-10-23,David Onama,Mason Jones,450,-700,333,-437,333,-437,2021-10-19T23:40:08+00:00,2021-10-19T23:40:08+00:00,2021-10-23T19:20:28+00:00,2021-10-23T19:20:28+00:00,88,88,7,7,24957,https://www.bestfightodds.com/events/ufc-fight-night-costa-vs-vettori-2203
UFC Fight Night: Costa vs. Vettori,2021-10-23,Maria de Oliveira Neta,Tabatha Ricci,155,-180,214,-266,214,-266,2021-10-06T02:20:07+00:00,2021-10-06T02:20:07+00:00,2021-10-23T18:55:29+00:00,2021-10-23T18:55:29+00:00,89,89,7,7,24511,https://www.bestfightodds.com/events/ufc-fight-night-costa-vs-vettori-2203
UFC Fight Night: Costa vs. Vettori,2021-10-23,Jamie Pickett,Laureano Staropoli,200,-240,174,-211,174,-211,2021-10-09T17:37:12+00:00,2021-10-09T17:37:12+00:00,2021-10-23T18:29:28+00:00,2021-10-23T18:29:28+00:00,99,99,7,7,24818,https://www.bestfightodds.com/events/ufc-fight-night-costa-vs-vettori-2203
UFC Fight Night: Costa vs. Vettori,2021-10-23,Jai Herbert,Khama Worthy,-105,-115,-173,145,-173,145,2021-10-06T02:20:07+00:00,2021-10-06T02:20:07+00:00,2021-10-23T18:12:28+00:00,2021-10-23T18:12:28+00:00,95,95,7,7,24773,https://www.bestfightodds.com/events/ufc-fight-night-costa-vs-vettori-2203
UFC Fight Night: Costa vs. Vettori,2021-10-23,Daniel Lacerda,Jeff Molina,145,-170,137,-164,137,-164,2021-10-06T02:20:07+00:00,2021-10-06T02:20:07+00:00,2021-10-23T17:55:28+00:00,2021-10-23T17:55:28+00:00,98,98,7,7,23813,https://www.bestfightodds.com/events/ufc-fight-night-costa-vs-vettori-2203
UFC Fight Night: Costa vs. Vettori,2021-10-23,Livia Renata Souza,Randa Markos,-150,130,-133,110,-133,110,2021-10-06T02:20:07+00:00,2021-10-06T02:20:07+00:00,2021-10-23T17:29:29+00:00,2021-10-23T17:29:29+00:00,167,167,7,7,23593,https://www.bestfightodds.com/events/ufc-fight-night-costa-vs-vettori-2203
UFC Fight Night: Costa vs. Vettori,2021-10-23,Jonathan Martinez,Zviad Lazishvili,140,-170,-108,-112,-108,-112,2021-10-20T21:50:27+00:00,2021-10-20T21:50:27+00:00,2021-10-23T17:04:29+00:00,2021-10-23T17:04:29+00:00,144,144,7,7,24962,https://www.bestfightodds.com/events/ufc-fight-night-costa-vs-vettori-2203
UFC Fight Night: Costa vs. Vettori,2021-10-23,Aaron Phillips,Jonathan Martinez,260,-350,260,-350,260,-350,2021-10-07T18:44:22+00:00,2021-10-07T18:44:22+00:00,2021-10-07T18:44:22+00:00,2021-10-07T18:44:22+00:00,1,1,1,1,24792,https://www.bestfightodds.com/events/ufc-fight-night-costa-vs-vettori-2203
UFC Fight Night: Ladd vs. Dumont,2021-10-16,Aspen Ladd,Norma Dumont,-160,140,-142,119,-142,119,2021-10-07T12:08:06+00:00,2021-10-07T12:08:06+00:00,2021-10-17T01:11:28+00:00,2021-10-17T01:11:28+00:00,251,251,7,7,24797,https://www.bestfightodds.com/events/ufc-fight-night-ladd-vs-dumont-2178
UFC Fight Night: Ladd vs. Dumont,2021-10-16,Andrei Arlovski,Carlos Felipe,-160,140,100,-121,100,-121,2021-09-28T21:22:09+00:00,2021-09-28T21:22:09+00:00,2021-10-17T00:38:28+00:00,2021-10-17T00:38:28+00:00,278,278,7,7,24453,https://www.bestfightodds.com/events/ufc-fight-night-ladd-vs-dumont-2178
UFC Fight Night: Ladd vs. Dumont,2021-10-16,Erick Gonzalez,Jim Miller,160,-185,225,-280,225,-280,2021-10-07T21:00:08+00:00,2021-10-07T21:00:08+00:00,2021-10-17T00:15:28+00:00,2021-10-17T00:15:28+00:00,131,131,7,7,24800,https://www.bestfightodds.com/events/ufc-fight-night-ladd-vs-dumont-2178
UFC Fight Night: Ladd vs. Dumont,2021-10-16,Manon Fiorot,Mayra Bueno,-220,185,-297,238,-297,238,2021-09-28T21:22:09+00:00,2021-09-28T21:22:09+00:00,2021-10-16T23:44:28+00:00,2021-10-16T23:44:28+00:00,190,190,7,7,24627,https://www.bestfightodds.com/events/ufc-fight-night-ladd-vs-dumont-2178
UFC Fight Night: Ladd vs. Dumont,2021-10-16,Ludovit Klein,Nate Landwehr,-220,185,-377,289,-377,289,2021-09-28T21:22:09+00:00,2021-09-28T21:22:09+00:00,2021-10-16T23:14:28+00:00,2021-10-16T23:14:28+00:00,154,154,7,7,24670,https://www.bestfightodds.com/events/ufc-fight-night-ladd-vs-dumont-2178
UFC Fight Night: Ladd vs. Dumont,2021-10-16,Andrew Sanchez,Bruno Silva,-120,100,131,-158,131,-158,2021-09-28T21:22:09+00:00,2021-09-28T21:22:09+00:00,2021-10-16T22:37:28+00:00,2021-10-16T22:37:28+00:00,189,189,7,7,24457,https://www.bestfightodds.com/events/ufc-fight-night-ladd-vs-dumont-2178
UFC Fight Night: Ladd vs. Dumont,2021-10-16,Danny Roberts,Ramazan Emeev,250,-300,251,-322,251,-322,2021-09-28T21:22:09+00:00,2021-09-28T21:22:09+00:00,2021-10-16T22:10:28+00:00,2021-10-16T22:10:28+00:00,177,177,7,7,24671,https://www.bestfightodds.com/events/ufc-fight-night-ladd-vs-dumont-2178
UFC Fight Night: Ladd vs. Dumont,2021-10-16,Luana Carolina,Lupita Godinez,225,-285,187,-231,187,-231,2021-10-13T22:02:29+00:00,2021-10-13T22:02:29+00:00,2021-10-16T21:38:26+00:00,2021-10-16T21:38:26+00:00,165,165,7,7,24900,https://www.bestfightodds.com/events/ufc-fight-night-ladd-vs-dumont-2178
UFC Fight Night: Ladd vs. Dumont,2021-10-16,Brandon Davis,Danaa Batgerel,250,-300,125,-151,125,-151,2021-10-07T21:00:08+00:00,2021-10-07T21:00:08+00:00,2021-10-16T21:12:28+00:00,2021-10-16T21:12:28+00:00,122,122,7,7,24772,https://www.bestfightodds.com/events/ufc-fight-night-ladd-vs-dumont-2178
UFC Fight Night: Ladd vs. Dumont,2021-10-16,Ariane Carnelossi,Istela Nunes,-175,150,-141,117,-141,117,2021-09-28T21:22:09+00:00,2021-09-28T21:22:09+00:00,2021-10-16T20:43:28+00:00,2021-10-16T20:43:28+00:00,164,164,7,7,24454,https://www.bestfightodds.com/events/ufc-fight-night-ladd-vs-dumont-2178
UFC Fight Night: Ladd vs. Dumont,2021-10-16,Holly Holm,Norma Dumont,-225,185,-225,185,-225,185,2021-09-30T18:24:24+00:00,2021-09-30T18:24:24+00:00,2021-09-30T18:24:24+00:00,2021-09-30T18:24:24+00:00,1,1,1,1,24455,https://www.bestfightodds.com/events/ufc-fight-night-ladd-vs-dumont-2178
UFC Fight Night: Ladd vs. Dumont,2021-10-16,Daniel Santos,Marcelo Rojo,-155,130,-155,130,-155,130,2021-09-30T18:32:24+00:00,2021-09-30T18:32:24+00:00,2021-09-30T18:32:24+00:00,2021-09-30T18:32:24+00:00,1,1,1,1,24582,https://www.bestfightodds.com/events/ufc-fight-night-ladd-vs-dumont-2178
UFC 266: Volkanovski vs. Ortega,2021-09-25,Alexander Volkanovski,Brian Ortega,-185,160,-187,156,-187,156,2021-06-30T20:40:05+00:00,2021-06-30T20:40:05+00:00,2021-09-26T04:37:28+00:00,2021-09-26T04:37:28+00:00,356,356,7,7,23178,https://www.bestfightodds.com/events/ufc-266-volkanovski-vs-ortega-2177
UFC 266: Volkanovski vs. Ortega,2021-09-25,Lauren Murphy,Valentina Shevchenko,520,-720,832,-1491,832,-1491,2021-07-14T08:46:29+00:00,2021-07-14T08:46:29+00:00,2021-09-26T03:52:27+00:00,2021-09-26T03:52:27+00:00,208,208,7,7,23534,https://www.bestfightodds.com/events/ufc-266-volkanovski-vs-ortega-2177
UFC 266: Volkanovski vs. Ortega,2021-09-25,Nick Diaz,Robbie Lawler,210,-250,137,-163,137,-163,2021-07-07T20:56:10+00:00,2021-07-07T20:56:10+00:00,2021-09-26T03:17:28+00:00,2021-09-26T03:17:28+00:00,345,345,7,7,23464,https://www.bestfightodds.com/events/ufc-266-volkanovski-vs-ortega-2177
UFC 266: Volkanovski vs. Ortega,2021-09-25,Curtis Blaydes,Jairzinho Rozenstruik,-240,198,-331,257,-331,257,2021-07-14T09:05:28+00:00,2021-07-14T09:05:28+00:00,2021-09-26T02:43:28+00:00,2021-09-26T02:43:28+00:00,183,183,7,7,23225,https://www.bestfightodds.com/events/ufc-266-volkanovski-vs-ortega-2177
UFC 266: Volkanovski vs. Ortega,2021-09-25,Cynthia Calvillo,Jessica Andrade,195,-230,180,-223,180,-223,2021-08-12T20:48:13+00:00,2021-08-12T20:48:13+00:00,2021-09-26T02:21:28+00:00,2021-09-26T02:21:28+00:00,177,177,7,7,23560,https://www.bestfightodds.com/events/ufc-266-volkanovski-vs-ortega-2177
UFC 266: Volkanovski vs. Ortega,2021-09-25,Marlon Moraes,Merab Dvalishvili,-110,-110,229,-287,229,-287,2021-08-20T23:08:11+00:00,2021-08-20T23:08:11+00:00,2021-09-26T01:40:29+00:00,2021-09-26T01:40:29+00:00,206,206,7,7,23191,https://www.bestfightodds.com/events/ufc-266-volkanovski-vs-ortega-2177
UFC 266: Volkanovski vs. Ortega,2021-09-25,Daniel Hooker,Nasrat Haqparast,-150,130,-153,128,-153,128,2021-08-20T23:08:11+00:00,2021-08-20T23:08:11+00:00,2021-09-26T01:10:30+00:00,2021-09-26T01:10:30+00:00,237,237,7,7,24132,https://www.bestfightodds.com/events/ufc-266-volkanovski-vs-ortega-2177
UFC 266: Volkanovski vs. Ortega,2021-09-25,Chris Daukaus,Shamil Abdurakhimov,-140,120,-215,175,-215,175,2021-08-22T23:28:04+00:00,2021-08-22T23:28:04+00:00,2021-09-26T00:40:27+00:00,2021-09-26T00:40:27+00:00,180,180,7,7,23784,https://www.bestfightodds.com/events/ufc-266-volkanovski-vs-ortega-2177
UFC 266: Volkanovski vs. Ortega,2021-09-25,Roxanne Modafferi,Taila Santos,190,-225,316,-412,316,-412,2021-08-22T23:28:04+00:00,2021-08-22T23:28:04+00:00,2021-09-26T00:12:29+00:00,2021-09-26T00:12:29+00:00,126,126,7,7,24179,https://www.bestfightodds.com/events/ufc-266-volkanovski-vs-ortega-2177
UFC 266: Volkanovski vs. Ortega,2021-09-25,Jalin Turner,Uros Medic,160,-185,100,-122,100,-122,2021-08-22T23:28:04+00:00,2021-08-22T23:28:04+00:00,2021-09-25T23:39:28+00:00,2021-09-25T23:39:28+00:00,179,179,7,7,22945,https://www.bestfightodds.com/events/ufc-266-volkanovski-vs-ortega-2177
UFC 266: Volkanovski vs. Ortega,2021-09-25,Cody Brundage,Nick Maximov,275,-350,115,-140,115,-140,2021-09-22T23:04:07+00:00,2021-09-22T23:04:07+00:00,2021-09-25T23:05:31+00:00,2021-09-25T23:05:31+00:00,185,185,7,7,24622,https://www.bestfightodds.com/events/ufc-266-volkanovski-vs-ortega-2177
UFC 266: Volkanovski vs. Ortega,2021-09-25,Martin Sano Jr.,Matthew Semelsberger,140,-160,383,-524,383,-524,2021-08-22T23:28:04+00:00,2021-08-22T23:28:04+00:00,2021-09-25T22:38:29+00:00,2021-09-25T22:38:29+00:00,147,147,7,7,24089,https://www.bestfightodds.com/events/ufc-266-volkanovski-vs-ortega-2177
UFC 266: Volkanovski vs. Ortega,2021-09-25,Jonathan Pearce,Omar Morales,165,-190,130,-156,130,-156,2021-08-22T23:28:05+00:00,2021-08-22T23:28:05+00:00,2021-09-25T22:16:28+00:00,2021-09-25T22:16:28+00:00,153,153,7,7,24180,https://www.bestfightodds.com/events/ufc-266-volkanovski-vs-ortega-2177
UFC Fight Night: Smith vs. Spann,2021-09-18,Anthony Smith,Ryan Spann,-160,140,-154,129,-154,129,2021-08-30T02:56:04+00:00,2021-08-30T02:56:04+00:00,2021-09-19T01:40:28+00:00,2021-09-19T01:40:28+00:00,180,180,7,7,24284,https://www.bestfightodds.com/events/ufc-fight-night-smith-vs-spann-2171
UFC Fight Night: Smith vs. Spann,2021-09-18,Devin Clark,Ion Curelaba,-115,-105,139,-166,139,-166,2021-08-30T02:56:04+00:00,2021-08-30T02:56:04+00:00,2021-09-19T01:06:28+00:00,2021-09-19T01:06:28+00:00,164,164,7,7,24103,https://www.bestfightodds.com/events/ufc-fight-night-smith-vs-spann-2171
UFC Fight Night: Smith vs. Spann,2021-09-18,Ariane Lipski,Mandy Bohm,100,-125,-129,106,-129,106,2021-08-30T11:48:47+00:00,2021-08-30T11:48:47+00:00,2021-09-19T00:38:28+00:00,2021-09-19T00:38:28+00:00,153,153,7,7,23911,https://www.bestfightodds.com/events/ufc-fight-night-smith-vs-spann-2171
UFC Fight Night: Smith vs. Spann,2021-09-18,Arman Tsarukyan,Christos Giagos,-300,250,-869,560,-869,560,2021-08-30T02:56:04+00:00,2021-08-30T02:56:04+00:00,2021-09-19T00:20:28+00:00,2021-09-19T00:20:28+00:00,118,118,7,7,24108,https://www.bestfightodds.com/events/ufc-fight-night-smith-vs-spann-2171
UFC Fight Night: Smith vs. Spann,2021-09-18,Nate Maness,Tony Gravely,190,-225,170,-207,170,-207,2021-08-30T02:56:04+00:00,2021-08-30T02:56:04+00:00,2021-09-18T23:52:28+00:00,2021-09-18T23:52:28+00:00,123,123,7,7,24133,https://www.bestfightodds.com/events/ufc-fight-night-smith-vs-spann-2171
UFC Fight Night: Smith vs. Spann,2021-09-18,Jp Buys.,Montel Jackson,400,-600,455,-655,455,-655,2021-08-30T03:30:03+00:00,2021-08-30T03:30:03+00:00,2021-09-18T21:28:29+00:00,2021-09-18T21:28:29+00:00,91,91,7,7,24166,https://www.bestfightodds.com/events/ufc-fight-night-smith-vs-spann-2171
UFC Fight Night: Smith vs. Spann,2021-09-18,Antonio Arroyo,Joaquin Buckley,165,-190,162,-194,162,-194,2021-08-30T02:56:04+00:00,2021-08-30T02:56:04+00:00,2021-09-18T23:23:28+00:00,2021-09-18T23:23:28+00:00,115,115,7,7,24106,https://www.bestfightodds.com/events/ufc-fight-night-smith-vs-spann-2171
UFC Fight Night: Smith vs. Spann,2021-09-18,Mike Rodriguez,Tafon Nchukwi,-110,-110,102,-124,102,-124,2021-08-30T02:56:04+00:00,2021-08-30T02:56:04+00:00,2021-09-18T22:48:29+00:00,2021-09-18T22:48:29+00:00,167,167,7,7,24102,https://www.bestfightodds.com/events/ufc-fight-night-smith-vs-spann-2171
UFC Fight Night: Smith vs. Spann,2021-09-18,Pannie Kianzad,Raquel Pennington,-105,-115,110,-133,110,-133,2021-08-30T02:56:04+00:00,2021-08-30T02:56:04+00:00,2021-09-18T22:22:29+00:00,2021-09-18T22:22:29+00:00,179,179,7,7,24105,https://www.bestfightodds.com/events/ufc-fight-night-smith-vs-spann-2171
UFC Fight Night: Smith vs. Spann,2021-09-18,Brandon Jenkins,Zhu Rong,170,-200,196,-242,196,-242,2021-09-15T20:56:11+00:00,2021-09-15T20:56:11+00:00,2021-09-18T21:54:30+00:00,2021-09-18T21:54:30+00:00,112,112,6,6,24513,https://www.bestfightodds.com/events/ufc-fight-night-smith-vs-spann-2171
UFC Fight Night: Smith vs. Spann,2021-09-18,Erin Blanchfield,Sarah Alpar,-180,155,-401,306,-401,306,2021-08-30T02:56:04+00:00,2021-08-30T02:56:04+00:00,2021-09-18T21:02:28+00:00,2021-09-18T21:02:28+00:00,133,133,7,7,22930,https://www.bestfightodds.com/events/ufc-fight-night-smith-vs-spann-2171
UFC Fight Night: Smith vs. Spann,2021-09-18,Carlston Harris,Impa Kasanganay,130,-150,-108,-112,-108,-112,2021-08-30T02:56:04+00:00,2021-08-30T02:56:04+00:00,2021-09-18T20:46:28+00:00,2021-09-18T20:46:28+00:00,189,189,7,7,24104,https://www.bestfightodds.com/events/ufc-fight-night-smith-vs-spann-2171
UFC Fight Night: Smith vs. Spann,2021-09-18,Gustavo Lopez,Heili Alateng,-110,-110,113,-136,113,-136,2021-08-30T02:56:04+00:00,2021-08-30T02:56:04+00:00,2021-09-18T20:18:30+00:00,2021-09-18T20:18:30+00:00,130,130,7,7,24286,https://www.bestfightodds.com/events/ufc-fight-night-smith-vs-spann-2171
UFC Fight Night: Smith vs. Spann,2021-09-18,Emily Whitmire,Hannah Goldy,-180,155,-126,104,-126,104,2021-08-30T02:56:04+00:00,2021-08-30T02:56:04+00:00,2021-09-18T20:03:29+00:00,2021-09-18T20:03:29+00:00,121,121,7,7,24230,https://www.bestfightodds.com/events/ufc-fight-night-smith-vs-spann-2171
UFC Fight Night: Smith vs. Spann,2021-09-18,Jim Miller,Nikolas Motta,-120,100,-120,100,-120,100,2021-09-16T07:14:24+00:00,2021-09-16T07:14:24+00:00,2021-09-16T07:14:24+00:00,2021-09-16T07:14:24+00:00,1,1,1,1,24516,https://www.bestfightodds.com/events/ufc-fight-night-smith-vs-spann-2171
UFC on ESPN: Cannonier vs. Gastelum,2021-08-21,Jared Cannonier,Kelvin Gastelum,-240,195,-150,125,-150,125,2021-06-05T18:40:42+00:00,2021-06-05T18:40:42+00:00,2021-08-22T04:50:28+00:00,2021-08-22T04:50:28+00:00,270,270,7,7,23096,https://www.bestfightodds.com/events/ufc-on-espn-cannonier-vs-gastelum-2166
UFC on ESPN: Cannonier vs. Gastelum,2021-08-21,Clay Guida,Mark Madsen,210,-250,144,-173,144,-173,2021-08-04T12:10:07+00:00,2021-08-04T12:10:07+00:00,2021-08-22T04:17:28+00:00,2021-08-22T04:17:28+00:00,215,215,7,7,22944,https://www.bestfightodds.com/events/ufc-on-espn-cannonier-vs-gastelum-2166
UFC on ESPN: Cannonier vs. Gastelum,2021-08-21,Chase Sherman,Parker Porter,-155,135,-207,170,-207,170,2021-08-04T12:16:06+00:00,2021-08-04T12:16:06+00:00,2021-08-22T03:41:28+00:00,2021-08-22T03:41:28+00:00,130,130,7,7,22863,https://www.bestfightodds.com/events/ufc-on-espn-cannonier-vs-gastelum-2166
UFC on ESPN: Cannonier vs. Gastelum,2021-08-21,Saidyokub Kakharamonov,Trevin Jones,250,-300,132,-158,132,-158,2021-08-18T23:14:10+00:00,2021-08-18T23:14:10+00:00,2021-08-22T03:09:27+00:00,2021-08-22T03:09:27+00:00,87,87,7,7,24143,https://www.bestfightodds.com/events/ufc-on-espn-cannonier-vs-gastelum-2166
UFC on ESPN: Cannonier vs. Gastelum,2021-08-21,Austin Hubbard,Vinc Pichel,140,-160,120,-144,120,-144,2021-08-04T12:10:07+00:00,2021-08-04T12:10:07+00:00,2021-08-22T02:36:47+00:00,2021-08-22T02:36:47+00:00,181,181,7,7,22817,https://www.bestfightodds.com/events/ufc-on-espn-cannonier-vs-gastelum-2166
UFC on ESPN: Cannonier vs. Gastelum,2021-08-21,Alexandre Pantoja,Brandon Royval,-125,105,-168,140,-168,140,2021-08-04T12:08:07+00:00,2021-08-04T12:08:07+00:00,2021-08-22T02:14:28+00:00,2021-08-22T02:14:28+00:00,132,132,7,7,22847,https://www.bestfightodds.com/events/ufc-on-espn-cannonier-vs-gastelum-2166
UFC on ESPN: Cannonier vs. Gastelum,2021-08-21,Austin Lingo,Luis Saldana,110,-130,-104,-117,-104,-117,2021-08-04T12:16:06+00:00,2021-08-04T12:16:06+00:00,2021-08-22T01:38:27+00:00,2021-08-22T01:38:27+00:00,161,161,7,7,22848,https://www.bestfightodds.com/events/ufc-on-espn-cannonier-vs-gastelum-2166
UFC on ESPN: Cannonier vs. Gastelum,2021-08-21,Brian Kelleher,Domingo Pilarte,-140,120,-187,156,-187,156,2021-08-04T12:10:07+00:00,2021-08-04T12:10:07+00:00,2021-08-22T01:06:29+00:00,2021-08-22T01:06:29+00:00,119,119,7,7,22898,https://www.bestfightodds.com/events/ufc-on-espn-cannonier-vs-gastelum-2166
UFC on ESPN: Cannonier vs. Gastelum,2021-08-21,Bea Malecki,Josiane Nunes,-130,110,-165,139,-165,139,2021-08-04T12:12:08+00:00,2021-08-04T12:12:08+00:00,2021-08-22T00:42:27+00:00,2021-08-22T00:42:27+00:00,168,168,7,7,23053,https://www.bestfightodds.com/events/ufc-on-espn-cannonier-vs-gastelum-2166
UFC on ESPN: Cannonier vs. Gastelum,2021-08-21,Fabio Cherant,William Knight,275,-325,151,-181,151,-181,2021-08-04T12:10:07+00:00,2021-08-04T12:10:07+00:00,2021-08-22T00:14:28+00:00,2021-08-22T00:14:28+00:00,140,140,7,7,22815,https://www.bestfightodds.com/events/ufc-on-espn-cannonier-vs-gastelum-2166
UFC on ESPN: Cannonier vs. Gastelum,2021-08-21,Ignacio Bahamondes,Roosevelt Roberts,-160,140,136,-164,136,-164,2021-08-04T12:12:08+00:00,2021-08-04T12:12:08+00:00,2021-08-21T23:44:28+00:00,2021-08-21T23:44:28+00:00,149,149,7,7,23179,https://www.bestfightodds.com/events/ufc-on-espn-cannonier-vs-gastelum-2166
UFC on ESPN: Cannonier vs. Gastelum,2021-08-21,Ramiz Brahimaj,Sasha Palatnikov,-110,-110,-180,149,-180,149,2021-08-04T12:10:08+00:00,2021-08-04T12:10:08+00:00,2021-08-21T23:21:28+00:00,2021-08-21T23:21:28+00:00,197,197,7,7,23052,https://www.bestfightodds.com/events/ufc-on-espn-cannonier-vs-gastelum-2166
UFC 265: Lewis vs. Gane,2021-08-07,Ciryl Gane,Derrick Lewis,-325,275,-333,259,-333,259,2021-06-28T20:50:04+00:00,2021-06-28T20:50:04+00:00,2021-08-08T04:29:27+00:00,2021-08-08T04:29:27+00:00,272,272,7,7,23371,https://www.bestfightodds.com/events/ufc-265-lewis-vs-gane-2142
UFC 265: Lewis vs. Gane,2021-08-07,Jose Aldo,Pedro Munhoz,-138,115,-114,-106,-114,-106,2021-05-21T14:13:08+00:00,2021-05-21T14:13:08+00:00,2021-08-08T03:52:27+00:00,2021-08-08T03:52:27+00:00,240,240,7,7,22927,https://www.bestfightodds.com/events/ufc-265-lewis-vs-gane-2142
UFC 265: Lewis vs. Gane,2021-08-07,Michael Chiesa,Vicente Luque,140,-160,-111,-110,-111,-110,2021-07-23T01:50:08+00:00,2021-07-23T01:50:08+00:00,2021-08-08T03:28:28+00:00,2021-08-08T03:28:28+00:00,222,222,7,7,23189,https://www.bestfightodds.com/events/ufc-265-lewis-vs-gane-2142
UFC 265: Lewis vs. Gane,2021-08-07,Angela Hill,Tecia Torres,-120,100,131,-156,131,-156,2021-07-23T01:50:08+00:00,2021-07-23T01:50:08+00:00,2021-08-08T02:55:28+00:00,2021-08-08T02:55:28+00:00,146,146,7,7,23187,https://www.bestfightodds.com/events/ufc-265-lewis-vs-gane-2142
UFC 265: Lewis vs. Gane,2021-08-07,Casey Kenney,Song Yadong,105,-125,-128,107,-128,107,2021-07-23T01:50:08+00:00,2021-07-23T01:50:08+00:00,2021-08-08T02:22:27+00:00,2021-08-08T02:22:27+00:00,175,175,7,7,23111,https://www.bestfightodds.com/events/ufc-265-lewis-vs-gane-2142
UFC 265: Lewis vs. Gane,2021-08-07,Bobby Green,Rafael Fiziev,125,-145,231,-292,231,-292,2021-07-23T01:50:08+00:00,2021-07-23T01:50:08+00:00,2021-08-08T01:41:27+00:00,2021-08-08T01:41:27+00:00,294,294,7,7,23613,https://www.bestfightodds.com/events/ufc-265-lewis-vs-gane-2142
UFC 265: Lewis vs. Gane,2021-08-07,Drako Rodriguez,Vince Morales,155,-180,-113,-108,-113,-108,2021-07-23T01:50:08+00:00,2021-07-23T01:50:08+00:00,2021-08-08T01:10:28+00:00,2021-08-08T01:10:28+00:00,147,147,7,7,22810,https://www.bestfightodds.com/events/ufc-265-lewis-vs-gane-2142
UFC 265: Lewis vs. Gane,2021-08-07,Alonzo Menifield,Ed Herman,-140,120,-270,219,-270,219,2021-07-23T01:50:08+00:00,2021-07-23T01:50:08+00:00,2021-08-08T00:38:27+00:00,2021-08-08T00:38:27+00:00,113,113,7,7,23612,https://www.bestfightodds.com/events/ufc-265-lewis-vs-gane-2142
UFC 265: Lewis vs. Gane,2021-08-07,Jessica Penne,Karolina Kowalkiewicz,155,-180,119,-144,119,-144,2021-07-23T01:50:08+00:00,2021-07-23T01:50:08+00:00,2021-08-08T00:12:28+00:00,2021-08-08T00:12:28+00:00,146,146,7,7,23324,https://www.bestfightodds.com/events/ufc-265-lewis-vs-gane-2142
UFC 265: Lewis vs. Gane,2021-08-07,Manel Kape,Oder Osbourne,-200,170,-209,171,-209,171,2021-07-23T01:50:08+00:00,2021-07-23T01:50:08+00:00,2021-08-07T23:39:27+00:00,2021-08-07T23:39:27+00:00,116,116,7,7,23424,https://www.bestfightodds.com/events/ufc-265-lewis-vs-gane-2142
UFC 265: Lewis vs. Gane,2021-08-07,Anderson Dos Santos,Miles Johns,170,-200,182,-225,182,-225,2021-07-23T02:10:06+00:00,2021-07-23T02:10:06+00:00,2021-08-07T23:14:28+00:00,2021-08-07T23:14:28+00:00,110,110,7,7,23614,https://www.bestfightodds.com/events/ufc-265-lewis-vs-gane-2142
UFC 265: Lewis vs. Gane,2021-08-07,Melissa Gatto,Victoria Leonardo,-110,-110,-115,-106,-115,-106,2021-07-23T01:50:08+00:00,2021-07-23T01:50:08+00:00,2021-08-07T22:45:28+00:00,2021-08-07T22:45:28+00:00,169,169,7,7,23182,https://www.bestfightodds.com/events/ufc-265-lewis-vs-gane-2142
UFC 265: Lewis vs. Gane,2021-08-07,Jamey Simmons,Johnny Munoz,130,-150,250,-322,250,-322,2021-07-23T01:50:08+00:00,2021-07-23T01:50:08+00:00,2021-08-07T22:22:28+00:00,2021-08-07T22:22:28+00:00,126,126,7,7,22819,https://www.bestfightodds.com/events/ufc-265-lewis-vs-gane-2142
UFC on ESPN: Sandhagen vs. Dillashaw,2021-07-24,Cory Sandhagen,T.J. Dillashaw,-164,136,-207,170,-207,170,2021-05-19T09:00:22+00:00,2021-05-19T09:00:22+00:00,2021-07-25T01:26:28+00:00,2021-07-25T01:26:28+00:00,220,220,7,7,22913,https://www.bestfightodds.com/events/ufc-on-espn-sandhagen-vs-dillashaw-2137
UFC on ESPN: Sandhagen vs. Dillashaw,2021-07-24,Kyler Phillips,Raulian Paiva,-150,130,-310,243,-310,243,2021-06-30T18:42:04+00:00,2021-06-30T18:42:04+00:00,2021-07-25T00:46:29+00:00,2021-07-25T00:46:29+00:00,219,219,7,7,23402,https://www.bestfightodds.com/events/ufc-on-espn-sandhagen-vs-dillashaw-2137
UFC on ESPN: Sandhagen vs. Dillashaw,2021-07-24,Darren Elkins,Darrick Minner,-150,130,133,-160,133,-160,2021-06-30T18:42:04+00:00,2021-06-30T18:42:04+00:00,2021-07-25T00:17:28+00:00,2021-07-25T00:17:28+00:00,192,192,7,7,22935,https://www.bestfightodds.com/events/ufc-on-espn-sandhagen-vs-dillashaw-2137
UFC on ESPN: Sandhagen vs. Dillashaw,2021-07-24,Maycee Barber,Miranda Maverick,-210,180,130,-157,130,-157,2021-04-07T12:20:12+00:00,2021-04-07T12:20:12+00:00,2021-07-24T23:41:28+00:00,2021-07-24T23:41:28+00:00,231,231,7,7,22527,https://www.bestfightodds.com/events/ufc-on-espn-sandhagen-vs-dillashaw-2137
UFC on ESPN: Sandhagen vs. Dillashaw,2021-07-24,Adrian Yanez,Randy Costa,-170,145,-236,190,-236,190,2021-06-30T18:42:04+00:00,2021-06-30T18:42:04+00:00,2021-07-24T23:20:29+00:00,2021-07-24T23:20:29+00:00,139,139,7,7,22713,https://www.bestfightodds.com/events/ufc-on-espn-sandhagen-vs-dillashaw-2137
UFC on ESPN: Sandhagen vs. Dillashaw,2021-07-24,Brendan Allen,Puna Soriano,185,-220,-103,-117,-103,-117,2021-06-30T18:42:04+00:00,2021-06-30T18:42:04+00:00,2021-07-24T22:38:28+00:00,2021-07-24T22:38:28+00:00,206,206,7,7,23003,https://www.bestfightodds.com/events/ufc-on-espn-sandhagen-vs-dillashaw-2137
UFC on ESPN: Sandhagen vs. Dillashaw,2021-07-24,Ian Heinisch,Nassourdine Imavov,-115,-105,-158,132,-158,132,2021-06-30T18:42:04+00:00,2021-06-30T18:42:04+00:00,2021-07-24T22:10:28+00:00,2021-07-24T22:10:28+00:00,140,140,7,7,22809,https://www.bestfightodds.com/events/ufc-on-espn-sandhagen-vs-dillashaw-2137
UFC on ESPN: Sandhagen vs. Dillashaw,2021-07-24,Jordan Williams,Mickey Gall,-150,130,-176,146,-176,146,2021-06-30T18:42:04+00:00,2021-06-30T18:42:04+00:00,2021-07-24T21:44:28+00:00,2021-07-24T21:44:28+00:00,148,148,7,7,22712,https://www.bestfightodds.com/events/ufc-on-espn-sandhagen-vs-dillashaw-2137
UFC on ESPN: Sandhagen vs. Dillashaw,2021-07-24,Andre Ewell,Julio Arce,155,-180,174,-212,174,-212,2021-06-30T18:42:04+00:00,2021-06-30T18:42:04+00:00,2021-07-24T21:15:28+00:00,2021-07-24T21:15:28+00:00,98,98,7,7,22915,https://www.bestfightodds.com/events/ufc-on-espn-sandhagen-vs-dillashaw-2137
UFC on ESPN: Sandhagen vs. Dillashaw,2021-07-24,Elise Reed,Sijara Eubanks,190,-225,315,-418,315,-418,2021-06-30T18:42:04+00:00,2021-06-30T18:42:04+00:00,2021-07-24T20:54:29+00:00,2021-07-24T20:54:29+00:00,153,153,6,6,23387,https://www.bestfightodds.com/events/ufc-on-espn-sandhagen-vs-dillashaw-2137
UFC on ESPN: Sandhagen vs. Dillashaw,2021-07-24,Diana Belbita,Hannah Goldy,160,-195,-110,-110,-110,-110,2021-07-16T22:16:29+00:00,2021-07-16T22:16:29+00:00,2021-07-24T20:25:28+00:00,2021-07-24T20:25:28+00:00,192,192,7,7,23475,https://www.bestfightodds.com/events/ufc-on-espn-sandhagen-vs-dillashaw-2137
UFC 264: Poirier vs. McGregor 3,2021-07-10,Conor McGregor,Dustin Poirier,-140,120,105,-129,105,-129,2021-01-24T19:52:13+00:00,2021-01-24T19:52:13+00:00,2021-07-11T04:22:27+00:00,2021-07-11T04:22:27+00:00,354,354,7,7,21773,https://www.bestfightodds.com/events/ufc-264-poirier-vs-mcgregor-3-2127
UFC 264: Poirier vs. McGregor 3,2021-07-10,Gilbert Burns,Stephen Thompson,-155,135,134,-162,134,-162,2021-04-03T19:38:04+00:00,2021-04-03T19:38:04+00:00,2021-07-11T03:43:29+00:00,2021-07-11T03:43:29+00:00,292,292,7,7,22453,https://www.bestfightodds.com/events/ufc-264-poirier-vs-mcgregor-3-2127
UFC 264: Poirier vs. McGregor 3,2021-07-10,Greg Hardy,Tai Tuivasa,145,-170,101,-125,101,-125,2021-06-15T03:00:09+00:00,2021-06-15T03:00:09+00:00,2021-07-11T03:17:29+00:00,2021-07-11T03:17:29+00:00,153,153,7,7,22531,https://www.bestfightodds.com/events/ufc-264-poirier-vs-mcgregor-3-2127
UFC 264: Poirier vs. McGregor 3,2021-07-10,Irene Aldana,Yana Kunitskaya,-125,105,-102,-119,-102,-119,2021-06-15T03:00:09+00:00,2021-06-15T03:00:09+00:00,2021-07-11T02:59:06+00:00,2021-07-11T02:59:06+00:00,169,169,7,7,23185,https://www.bestfightodds.com/events/ufc-264-poirier-vs-mcgregor-3-2127
UFC 264: Poirier vs. McGregor 3,2021-07-10,Kris Moutinho,Sean Omalley,375,-500,614,-994,614,-994,2021-06-30T20:32:05+00:00,2021-06-30T20:32:05+00:00,2021-07-11T02:23:09+00:00,2021-07-11T02:23:09+00:00,82,82,7,7,23425,https://www.bestfightodds.com/events/ufc-264-poirier-vs-mcgregor-3-2127
UFC 264: Poirier vs. McGregor 3,2021-07-10,Carlos Condit,Max Griffin,150,-175,151,-184,151,-184,2021-06-15T13:40:08+00:00,2021-06-15T13:40:08+00:00,2021-07-11T01:39:27+00:00,2021-07-11T01:39:27+00:00,110,110,7,7,23192,https://www.bestfightodds.com/events/ufc-264-poirier-vs-mcgregor-3-2127
UFC 264: Poirier vs. McGregor 3,2021-07-10,Michel Pereira,Niko Price,-175,150,-191,157,-191,157,2021-06-15T13:40:08+00:00,2021-06-15T13:40:08+00:00,2021-07-11T01:05:29+00:00,2021-07-11T01:05:29+00:00,162,162,7,7,23193,https://www.bestfightodds.com/events/ufc-264-poirier-vs-mcgregor-3-2127
UFC 264: Poirier vs. McGregor 3,2021-07-10,Ilia Topuria,Ryan Hall,-220,185,-225,179,-225,179,2021-06-15T03:00:09+00:00,2021-06-15T03:00:09+00:00,2021-07-11T00:41:27+00:00,2021-07-11T00:41:27+00:00,157,157,7,7,22630,https://www.bestfightodds.com/events/ufc-264-poirier-vs-mcgregor-3-2127
UFC 264: Poirier vs. McGregor 3,2021-07-10,Dricus Du Plessis,Trevin Giles,110,-130,-118,-106,-118,-106,2021-06-15T03:00:09+00:00,2021-06-15T03:00:09+00:00,2021-07-11T00:13:28+00:00,2021-07-11T00:13:28+00:00,142,142,7,7,22649,https://www.bestfightodds.com/events/ufc-264-poirier-vs-mcgregor-3-2127
UFC 264: Poirier vs. McGregor 3,2021-07-10,Jennifer Maia,Jessica Eye,-175,150,-206,168,-206,168,2021-03-24T06:34:07+00:00,2021-03-24T06:34:07+00:00,2021-07-10T23:41:27+00:00,2021-07-10T23:41:27+00:00,117,117,7,7,22351,https://www.bestfightodds.com/events/ufc-264-poirier-vs-mcgregor-3-2127
UFC 264: Poirier vs. McGregor 3,2021-07-10,Brad Tavares,Omari Akhmedov,-190,165,-153,126,-153,126,2021-06-15T13:40:08+00:00,2021-06-15T13:40:08+00:00,2021-07-10T23:09:22+00:00,2021-07-10T23:09:22+00:00,157,157,7,7,23194,https://www.bestfightodds.com/events/ufc-264-poirier-vs-mcgregor-3-2127
UFC 264: Poirier vs. McGregor 3,2021-07-10,Jerome Rivera,Zhalgas Zhumagulov,300,-400,236,-298,236,-298,2021-06-15T03:00:09+00:00,2021-06-15T03:00:09+00:00,2021-07-10T22:44:23+00:00,2021-07-10T22:44:23+00:00,115,115,7,7,22631,https://www.bestfightodds.com/events/ufc-264-poirier-vs-mcgregor-3-2127
UFC 264: Poirier vs. McGregor 3,2021-07-10,Alen Amedovski,Hu Yaozong,-175,150,-123,101,-123,101,2021-06-15T03:00:09+00:00,2021-06-15T03:00:09+00:00,2021-07-10T21:31:12+00:00,2021-07-10T21:31:12+00:00,129,129,7,7,22948,https://www.bestfightodds.com/events/ufc-264-poirier-vs-mcgregor-3-2127
UFC Fight Night 190: Gane vs. Volkov,2021-06-26,Alexander Volkov,Ciryl Gane,115,-135,131,-159,131,-159,2021-04-03T19:44:04+00:00,2021-04-03T19:44:04+00:00,2021-06-26T22:44:13+00:00,2021-06-26T22:44:13+00:00,679,679,7,7,22454,https://www.bestfightodds.com/events/ufc-fight-night-190-gane-vs-volkov-2109
UFC Fight Night 190: Gane vs. Volkov,2021-06-26,Ovince St. Preux,Tanner Boser,-105,-115,173,-206,173,-206,2021-06-20T02:12:03+00:00,2021-06-20T02:12:03+00:00,2021-06-26T22:13:31+00:00,2021-06-26T22:13:31+00:00,124,124,7,7,23299,https://www.bestfightodds.com/events/ufc-fight-night-190-gane-vs-volkov-2109
UFC Fight Night 190: Gane vs. Volkov,2021-06-26,Raoni Barcelos,Timur Valiev,-150,130,-230,184,-230,184,2021-06-07T15:54:04+00:00,2021-06-07T15:54:04+00:00,2021-06-26T21:44:27+00:00,2021-06-26T21:44:27+00:00,111,111,7,7,22467,https://www.bestfightodds.com/events/ufc-fight-night-190-gane-vs-volkov-2109
UFC Fight Night 190: Gane vs. Volkov,2021-06-26,Andre Fili,Daniel Pineda,-185,160,-261,270,-261,270,2021-06-16T20:04:10+00:00,2021-06-16T20:04:10+00:00,2021-06-26T21:10:09+00:00,2021-06-26T21:10:09+00:00,64,64,7,7,23254,https://www.bestfightodds.com/events/ufc-fight-night-190-gane-vs-volkov-2109
UFC Fight Night 190: Gane vs. Volkov,2021-06-26,Nicolas Dalby,Tim Means,170,-200,125,-144,125,-144,2021-06-16T20:06:08+00:00,2021-06-16T20:06:08+00:00,2021-06-26T20:42:26+00:00,2021-06-26T20:42:26+00:00,148,148,7,7,23252,https://www.bestfightodds.com/events/ufc-fight-night-190-gane-vs-volkov-2109
UFC Fight Night 190: Gane vs. Volkov,2021-06-26,Jai Herbert,Renato Moicano,165,-190,233,-264,233,-264,2021-06-07T15:42:04+00:00,2021-06-07T15:42:04+00:00,2021-06-26T20:14:18+00:00,2021-06-26T20:14:18+00:00,51,51,7,7,22562,https://www.bestfightodds.com/events/ufc-fight-night-190-gane-vs-volkov-2109
UFC Fight Night 190: Gane vs. Volkov,2021-06-26,Danilo Marques,Kennedy Nzechukwu,-115,-115,107,-125,107,-125,2021-06-14T21:24:07+00:00,2021-06-14T21:24:07+00:00,2021-06-26T19:43:30+00:00,2021-06-26T19:43:30+00:00,137,137,7,7,23188,https://www.bestfightodds.com/events/ufc-fight-night-190-gane-vs-volkov-2109
UFC Fight Night 190: Gane vs. Volkov,2021-06-26,Michel Prazeres,Shavkat Rakhmonov,130,-150,253,-322,253,-322,2021-06-07T15:52:03+00:00,2021-06-07T15:52:03+00:00,2021-06-26T19:16:29+00:00,2021-06-26T19:16:29+00:00,109,109,7,7,22452,https://www.bestfightodds.com/events/ufc-fight-night-190-gane-vs-volkov-2109
UFC Fight Night 190: Gane vs. Volkov,2021-06-26,Jeremiah Wells,Warlley Alves,165,-205,187,-220,187,-220,2021-06-21T20:09:28+00:00,2021-06-21T20:09:28+00:00,2021-06-26T18:59:21+00:00,2021-06-26T18:59:21+00:00,50,50,7,7,23308,https://www.bestfightodds.com/events/ufc-fight-night-190-gane-vs-volkov-2109
UFC Fight Night 190: Gane vs. Volkov,2021-06-26,Isaac Villanueva,Marcin Prachnio,168,-193,166,-167,166,-167,2021-06-07T15:58:04+00:00,2021-06-07T15:58:04+00:00,2021-06-26T18:39:19+00:00,2021-06-26T18:39:19+00:00,106,106,7,7,22544,https://www.bestfightodds.com/events/ufc-fight-night-190-gane-vs-volkov-2109
UFC Fight Night 190: Gane vs. Volkov,2021-06-26,Julia Avila,Julija Stoliarenko,-400,300,-365,276,-365,276,2021-06-16T20:04:10+00:00,2021-06-16T20:04:10+00:00,2021-06-26T18:09:28+00:00,2021-06-26T18:09:28+00:00,60,60,7,7,23113,https://www.bestfightodds.com/events/ufc-fight-night-190-gane-vs-volkov-2109
UFC Fight Night 190: Gane vs. Volkov,2021-06-26,Charles Rosa,Justin Jaynes,-170,145,-166,137,-166,137,2021-06-07T15:50:03+00:00,2021-06-07T15:50:03+00:00,2021-06-26T17:40:29+00:00,2021-06-26T17:40:29+00:00,67,67,7,7,22458,https://www.bestfightodds.com/events/ufc-fight-night-190-gane-vs-volkov-2109
UFC Fight Night 190: Gane vs. Volkov,2021-06-26,Damir Hadzovic,Yancy Medeiros,-128,108,-150,123,-150,123,2021-06-08T12:24:09+00:00,2021-06-08T12:24:09+00:00,2021-06-26T17:14:29+00:00,2021-06-26T17:14:29+00:00,54,54,7,7,23040,https://www.bestfightodds.com/events/ufc-fight-night-190-gane-vs-volkov-2109
UFC 263: Adesanya vs. Vettori 2,2021-06-12,Israel Adesanya,Marvin Vettori,-235,200,-245,199,-245,199,2021-04-23T21:12:15+00:00,2021-04-23T21:12:15+00:00,2021-06-13T04:45:28+00:00,2021-06-13T04:45:28+00:00,158,158,3,3,22661,https://www.bestfightodds.com/events/ufc-263-adesanya-vs-vettori-2-2115
UFC 263: Adesanya vs. Vettori 2,2021-06-12,Brandon Moreno,Deiveson Figueiredo,205,-240,171,-208,171,-208,2020-12-13T18:10:10+00:00,2020-12-13T18:10:10+00:00,2021-06-13T04:01:27+00:00,2021-06-13T04:01:27+00:00,114,114,3,3,21612,https://www.bestfightodds.com/events/ufc-263-adesanya-vs-vettori-2-2115
UFC 263: Adesanya vs. Vettori 2,2021-06-12,Leon Edwards,Nate Diaz,-275,220,-490,364,-490,364,2021-03-31T05:52:41+00:00,2021-03-31T05:52:41+00:00,2021-06-13T03:11:27+00:00,2021-06-13T03:11:27+00:00,94,94,3,3,22431,https://www.bestfightodds.com/events/ufc-263-adesanya-vs-vettori-2-2115
UFC 263: Adesanya vs. Vettori 2,2021-06-12,Belal Muhammad,Demian Maia,-220,185,-217,177,-217,177,2021-05-12T03:18:08+00:00,2021-05-12T03:18:08+00:00,2021-06-13T02:40:27+00:00,2021-06-13T02:40:27+00:00,78,78,3,3,22456,https://www.bestfightodds.com/events/ufc-263-adesanya-vs-vettori-2-2115
UFC 263: Adesanya vs. Vettori 2,2021-06-12,Jamahal Hill,Paul Craig,-300,250,-265,213,-265,213,2021-05-12T03:18:08+00:00,2021-05-12T03:18:08+00:00,2021-06-13T02:21:28+00:00,2021-06-13T02:21:28+00:00,93,93,3,3,22413,https://www.bestfightodds.com/events/ufc-263-adesanya-vs-vettori-2-2115
UFC 263: Adesanya vs. Vettori 2,2021-06-12,Brad Riddell,Drew Dober,120,-140,124,-150,124,-150,2021-05-12T03:18:08+00:00,2021-05-12T03:18:08+00:00,2021-06-13T01:40:28+00:00,2021-06-13T01:40:28+00:00,94,94,3,3,22585,https://www.bestfightodds.com/events/ufc-263-adesanya-vs-vettori-2-2115
UFC 263: Adesanya vs. Vettori 2,2021-06-12,Darren Stewart,Eryk Anders,-110,-110,123,-148,123,-148,2021-05-12T03:20:07+00:00,2021-05-12T03:20:07+00:00,2021-06-13T01:11:27+00:00,2021-06-13T01:11:27+00:00,67,67,3,3,22808,https://www.bestfightodds.com/events/ufc-263-adesanya-vs-vettori-2-2115
UFC 263: Adesanya vs. Vettori 2,2021-06-12,Joanne Calderwood,Lauren Murphy,-150,130,-142,117,-142,117,2021-05-12T03:18:08+00:00,2021-05-12T03:18:08+00:00,2021-06-13T00:41:28+00:00,2021-06-13T00:41:28+00:00,102,102,3,3,22414,https://www.bestfightodds.com/events/ufc-263-adesanya-vs-vettori-2-2115
UFC 263: Adesanya vs. Vettori 2,2021-06-12,Hakeem Dawodu,Movsar Evloev,240,-280,180,-219,180,-219,2021-05-12T03:18:08+00:00,2021-05-12T03:18:08+00:00,2021-06-13T00:12:28+00:00,2021-06-13T00:12:28+00:00,63,63,3,3,22260,https://www.bestfightodds.com/events/ufc-263-adesanya-vs-vettori-2-2115
UFC 263: Adesanya vs. Vettori 2,2021-06-12,Alexis Davis,Pannie Kianzad,200,-235,200,-245,200,-245,2021-05-18T01:12:10+00:00,2021-05-18T01:12:10+00:00,2021-06-12T23:36:27+00:00,2021-06-12T23:36:27+00:00,64,64,3,3,22845,https://www.bestfightodds.com/events/ufc-263-adesanya-vs-vettori-2-2115
UFC 263: Adesanya vs. Vettori 2,2021-06-12,Matt Frevola,Terrance McKinney,-430,320,-188,157,-188,157,2021-06-08T21:21:43+00:00,2021-06-08T21:21:43+00:00,2021-06-12T23:21:44+00:00,2021-06-12T23:21:44+00:00,57,57,3,3,23124,https://www.bestfightodds.com/events/ufc-263-adesanya-vs-vettori-2-2115
UFC 263: Adesanya vs. Vettori 2,2021-06-12,Chase Hooper,Steven Peterson,155,-180,-114,-106,-114,-106,2021-05-12T03:20:07+00:00,2021-05-12T03:20:07+00:00,2021-06-12T22:56:28+00:00,2021-06-12T22:56:28+00:00,144,144,3,3,22708,https://www.bestfightodds.com/events/ufc-263-adesanya-vs-vettori-2-2115
UFC 263: Adesanya vs. Vettori 2,2021-06-12,Fares Ziam,Luigi Vendramini,100,-120,-115,-105,-115,-105,2021-05-12T03:18:08+00:00,2021-05-12T03:18:08+00:00,2021-06-12T22:29:28+00:00,2021-06-12T22:29:28+00:00,95,95,3,3,22246,https://www.bestfightodds.com/events/ufc-263-adesanya-vs-vettori-2-2115
UFC 263: Adesanya vs. Vettori 2,2021-06-12,Carlos Felipe,Jake Collier,-200,170,-160,133,-160,133,2021-05-12T03:18:08+00:00,2021-05-12T03:18:08+00:00,2021-06-12T22:06:53+00:00,2021-06-12T22:06:53+00:00,97,97,3,3,22247,https://www.bestfightodds.com/events/ufc-263-adesanya-vs-vettori-2-2115
UFC Fight Night 189: Rozenstruik vs. Sakai,2021-06-05,Augusto Sakai,Jairzinho Rozenstruik,-140,120,108,-130,108,-130,2021-05-12T03:44:09+00:00,2021-05-12T03:44:09+00:00,2021-06-06T01:42:29+00:00,2021-06-06T01:42:29+00:00,89,89,3,3,22602,https://www.bestfightodds.com/events/ufc-fight-night-189-rozenstruik-vs-sakai-2108
UFC Fight Night 189: Rozenstruik vs. Sakai,2021-06-05,Marcin Tybura,Walt Harris,-150,130,-178,150,-178,150,2021-05-12T03:44:09+00:00,2021-05-12T03:44:09+00:00,2021-06-06T01:18:27+00:00,2021-06-06T01:18:27+00:00,76,76,3,3,22166,https://www.bestfightodds.com/events/ufc-fight-night-189-rozenstruik-vs-sakai-2108
UFC Fight Night 189: Rozenstruik vs. Sakai,2021-06-05,Laureano Staropoli,Roman Dolidze,-150,130,142,-168,142,-168,2021-05-24T00:02:02+00:00,2021-05-24T00:02:02+00:00,2021-06-06T00:45:28+00:00,2021-06-06T00:45:28+00:00,92,92,3,3,22946,https://www.bestfightodds.com/events/ufc-fight-night-189-rozenstruik-vs-sakai-2108
UFC Fight Night 189: Rozenstruik vs. Sakai,2021-06-05,Miguel Baeza,Santiago Ponzinibbio,120,-140,-157,131,-157,131,2021-05-12T03:44:09+00:00,2021-05-12T03:44:09+00:00,2021-06-06T00:11:27+00:00,2021-06-06T00:11:27+00:00,137,137,3,3,22568,https://www.bestfightodds.com/events/ufc-fight-night-189-rozenstruik-vs-sakai-2108
UFC Fight Night 189: Rozenstruik vs. Sakai,2021-06-05,Dusko Todorovic,Gregory Rodrigues,-250,210,-154,130,-154,130,2021-05-25T01:08:03+00:00,2021-05-25T01:08:03+00:00,2021-06-05T23:39:30+00:00,2021-06-05T23:39:30+00:00,88,88,3,3,22952,https://www.bestfightodds.com/events/ufc-fight-night-189-rozenstruik-vs-sakai-2108
UFC Fight Night 189: Rozenstruik vs. Sakai,2021-06-05,Ariane Lipski,Montana de La Rosa,120,-140,235,-294,235,-294,2021-05-12T03:44:09+00:00,2021-05-12T03:44:09+00:00,2021-06-05T23:12:28+00:00,2021-06-05T23:12:28+00:00,104,104,3,3,22309,https://www.bestfightodds.com/events/ufc-fight-night-189-rozenstruik-vs-sakai-2108
UFC Fight Night 189: Rozenstruik vs. Sakai,2021-06-05,Francisco Trinaldo,Muslim Salikhov,190,-250,188,-232,188,-232,2021-05-12T19:21:28+00:00,2021-05-12T19:21:28+00:00,2021-06-06T02:02:28+00:00,2021-06-06T02:02:28+00:00,60,60,3,3,22397,https://www.bestfightodds.com/events/ufc-fight-night-189-rozenstruik-vs-sakai-2108
UFC Fight Night 189: Rozenstruik vs. Sakai,2021-06-05,Ilir Latifi,Tanner Boser,155,-180,147,-175,147,-175,2021-05-12T03:44:09+00:00,2021-05-12T03:44:09+00:00,2021-06-05T22:36:28+00:00,2021-06-05T22:36:28+00:00,71,71,3,3,22308,https://www.bestfightodds.com/events/ufc-fight-night-189-rozenstruik-vs-sakai-2108
UFC Fight Night 189: Rozenstruik vs. Sakai,2021-06-05,Kamuela Kirk,Makwan Amirkhani,225,-305,163,-194,163,-194,2021-05-28T21:17:28+00:00,2021-05-28T21:17:28+00:00,2021-06-05T21:43:28+00:00,2021-06-05T21:43:28+00:00,50,50,3,3,23004,https://www.bestfightodds.com/events/ufc-fight-night-189-rozenstruik-vs-sakai-2108
UFC Fight Night 189: Rozenstruik vs. Sakai,2021-06-05,Alan Patrick,Mason Jones,210,-250,263,-333,263,-333,2021-05-12T03:44:09+00:00,2021-05-12T03:44:09+00:00,2021-06-05T21:23:28+00:00,2021-06-05T21:23:28+00:00,58,58,3,3,22625,https://www.bestfightodds.com/events/ufc-fight-night-189-rozenstruik-vs-sakai-2108
UFC Fight Night 189: Rozenstruik vs. Sakai,2021-06-05,Manon Fiorot,Tabatha Ricci,-450,350,-548,403,-548,403,2021-06-02T19:24:10+00:00,2021-06-02T19:24:10+00:00,2021-06-05T21:03:28+00:00,2021-06-05T21:03:28+00:00,43,43,3,3,23065,https://www.bestfightodds.com/events/ufc-fight-night-189-rozenstruik-vs-sakai-2108
UFC Fight Night 189: Rozenstruik vs. Sakai,2021-06-05,Sean Woodson,Youssef Zalal,-115,-105,-159,133,-159,133,2021-05-12T03:44:09+00:00,2021-05-12T03:44:09+00:00,2021-06-05T20:36:29+00:00,2021-06-05T20:36:29+00:00,104,104,3,3,22255,https://www.bestfightodds.com/events/ufc-fight-night-189-rozenstruik-vs-sakai-2108
UFC Fight Night 189: Rozenstruik vs. Sakai,2021-06-05,Claudio Puelles,Jordan Leavitt,250,-300,176,-214,176,-214,2021-05-18T01:12:10+00:00,2021-05-18T01:12:10+00:00,2021-06-05T20:11:29+00:00,2021-06-05T20:11:29+00:00,68,68,3,3,22626,https://www.bestfightodds.com/events/ufc-fight-night-189-rozenstruik-vs-sakai-2108
UFC Fight Night 188: Font vs. Garbrandt,2021-05-22,Cody Garbrandt,Rob Font,105,-125,105,-127,105,-127,2021-05-04T19:56:07+00:00,2021-05-04T19:56:07+00:00,2021-05-23T01:56:28+00:00,2021-05-23T01:56:28+00:00,120,120,3,3,22298,https://www.bestfightodds.com/events/ufc-fight-night-188-font-vs-garbrandt-2085
UFC Fight Night 188: Font vs. Garbrandt,2021-05-22,Carla Esparza,Yan Xiaonan,155,-180,110,-134,110,-134,2021-05-04T19:56:07+00:00,2021-05-04T19:56:07+00:00,2021-05-23T01:26:28+00:00,2021-05-23T01:26:28+00:00,136,136,3,3,22089,https://www.bestfightodds.com/events/ufc-fight-night-188-font-vs-garbrandt-2085
UFC Fight Night 188: Font vs. Garbrandt,2021-05-22,Jared Vanderaa,Justin Tafa,175,-205,158,-189,158,-189,2021-05-04T19:56:07+00:00,2021-05-04T19:56:07+00:00,2021-05-23T00:53:27+00:00,2021-05-23T00:53:27+00:00,54,54,3,3,22254,https://www.bestfightodds.com/events/ufc-fight-night-188-font-vs-garbrandt-2085
UFC Fight Night 188: Font vs. Garbrandt,2021-05-22,Felicia Spencer,Norma Dumont,-350,285,-188,157,-188,157,2021-05-11T20:02:07+00:00,2021-05-11T20:02:07+00:00,2021-05-23T00:16:28+00:00,2021-05-23T00:16:28+00:00,101,101,3,3,22800,https://www.bestfightodds.com/events/ufc-fight-night-188-font-vs-garbrandt-2085
UFC Fight Night 188: Font vs. Garbrandt,2021-05-22,Bill Algeo,Ricardo Ramos,-120,100,-133,111,-133,111,2021-05-04T19:56:07+00:00,2021-05-04T19:56:07+00:00,2021-05-22T23:46:28+00:00,2021-05-22T23:46:28+00:00,73,73,3,3,22624,https://www.bestfightodds.com/events/ufc-fight-night-188-font-vs-garbrandt-2085
UFC Fight Night 188: Font vs. Garbrandt,2021-05-22,Edmen Shahbazyan,Jack Hermansson,-105,-115,119,-142,119,-142,2021-03-20T13:16:09+00:00,2021-03-20T13:16:09+00:00,2021-05-22T23:14:30+00:00,2021-05-22T23:14:30+00:00,93,93,3,3,22306,https://www.bestfightodds.com/events/ufc-fight-night-188-font-vs-garbrandt-2085
UFC Fight Night 188: Font vs. Garbrandt,2021-05-22,Ben Rothwell,Chris Barnett,-245,185,-346,273,-346,273,2021-05-16T19:32:27+00:00,2021-05-16T19:32:27+00:00,2021-05-22T22:40:28+00:00,2021-05-22T22:40:28+00:00,48,48,3,3,22869,https://www.bestfightodds.com/events/ufc-fight-night-188-font-vs-garbrandt-2085
UFC Fight Night 188: Font vs. Garbrandt,2021-05-22,Claudio Silva,Court McGee,-150,130,-116,-104,-116,-104,2021-05-04T19:56:07+00:00,2021-05-04T19:56:07+00:00,2021-05-22T22:09:31+00:00,2021-05-22T22:09:31+00:00,91,91,3,3,22622,https://www.bestfightodds.com/events/ufc-fight-night-188-font-vs-garbrandt-2085
UFC Fight Night 188: Font vs. Garbrandt,2021-05-22,Bruno Silva,Victor Rodriguez,-300,250,-387,303,-387,303,2021-05-04T19:56:07+00:00,2021-05-04T19:56:07+00:00,2021-05-22T21:41:27+00:00,2021-05-22T21:41:27+00:00,61,61,3,3,22735,https://www.bestfightodds.com/events/ufc-fight-night-188-font-vs-garbrandt-2085
UFC Fight Night 188: Font vs. Garbrandt,2021-05-22,Josh Culibao,Yilan Sha,-225,190,-251,203,-251,203,2021-05-04T19:56:07+00:00,2021-05-04T19:56:07+00:00,2021-05-22T21:12:31+00:00,2021-05-22T21:12:31+00:00,39,39,3,3,22558,https://www.bestfightodds.com/events/ufc-fight-night-188-font-vs-garbrandt-2085
UFC Fight Night 188: Font vs. Garbrandt,2021-05-22,David Dvorak,Juancamilo Ronderos,-460,360,-565,420,-565,420,2021-05-21T17:43:20+00:00,2021-05-21T17:43:20+00:00,2021-05-22T20:49:28+00:00,2021-05-22T20:49:28+00:00,26,26,3,3,22932,https://www.bestfightodds.com/events/ufc-fight-night-188-font-vs-garbrandt-2085
UFC Fight Night 188: Font vs. Garbrandt,2021-05-22,Damir Ismagulov,Rafael Alves,-500,375,-561,418,-561,418,2021-04-26T21:20:04+00:00,2021-04-26T21:20:04+00:00,2021-05-22T20:20:38+00:00,2021-05-22T20:20:38+00:00,37,37,3,3,22402,https://www.bestfightodds.com/events/ufc-fight-night-188-font-vs-garbrandt-2085
UFC 262: Oliveira vs. Chandler,2021-05-15,Charles Oliveira,Michael Chandler,-178,146,-132,110,-132,110,2021-03-19T06:42:19+00:00,2021-03-19T06:42:19+00:00,2021-05-16T04:34:27+00:00,2021-05-16T04:34:27+00:00,138,138,3,3,22284,https://www.bestfightodds.com/events/ufc-262-oliveira-vs-chandler-2086
UFC 262: Oliveira vs. Chandler,2021-05-15,Beneil Dariush,Tony Ferguson,105,-125,-153,128,-153,128,2021-03-13T07:20:08+00:00,2021-03-13T07:20:08+00:00,2021-05-16T03:58:28+00:00,2021-05-16T03:58:28+00:00,135,135,3,3,22245,https://www.bestfightodds.com/events/ufc-262-oliveira-vs-chandler-2086
UFC 262: Oliveira vs. Chandler,2021-05-15,Matt Schnell,Rogerio Bontorin,-125,105,-175,145,-175,145,2021-04-26T21:20:04+00:00,2021-04-26T21:20:04+00:00,2021-05-16T03:20:27+00:00,2021-05-16T03:20:27+00:00,84,84,3,3,22614,https://www.bestfightodds.com/events/ufc-262-oliveira-vs-chandler-2086
UFC 262: Oliveira vs. Chandler,2021-05-15,Katlyn Chookagian,Viviane Araujo,-135,115,-132,109,-132,109,2021-04-26T21:18:04+00:00,2021-04-26T21:18:04+00:00,2021-05-16T02:48:28+00:00,2021-05-16T02:48:28+00:00,79,79,3,3,21959,https://www.bestfightodds.com/events/ufc-262-oliveira-vs-chandler-2086
UFC 262: Oliveira vs. Chandler,2021-05-15,Edson Barboza,Shane Burgos,100,-120,126,-150,126,-150,2021-04-26T21:18:04+00:00,2021-04-26T21:18:04+00:00,2021-05-16T02:19:28+00:00,2021-05-16T02:19:28+00:00,124,124,3,3,22147,https://www.bestfightodds.com/events/ufc-262-oliveira-vs-chandler-2086
UFC 262: Oliveira vs. Chandler,2021-05-15,Andre Muniz,Ronaldo Souza,100,-120,105,-127,105,-127,2021-04-26T21:20:04+00:00,2021-04-26T21:20:04+00:00,2021-05-16T01:38:27+00:00,2021-05-16T01:38:27+00:00,101,101,3,3,22396,https://www.bestfightodds.com/events/ufc-262-oliveira-vs-chandler-2086
UFC 262: Oliveira vs. Chandler,2021-05-15,Lando Vannata,Mike Grundy,115,-135,100,-121,100,-121,2021-04-26T21:20:04+00:00,2021-04-26T21:20:04+00:00,2021-05-16T01:02:28+00:00,2021-05-16T01:02:28+00:00,114,114,3,3,22441,https://www.bestfightodds.com/events/ufc-262-oliveira-vs-chandler-2086
UFC 262: Oliveira vs. Chandler,2021-05-15,Jamie Pickett,Jordan Wright,100,-120,-112,-108,-112,-108,2021-04-26T21:18:04+00:00,2021-04-26T21:18:04+00:00,2021-05-16T00:40:27+00:00,2021-05-16T00:40:27+00:00,47,47,3,3,22180,https://www.bestfightodds.com/events/ufc-262-oliveira-vs-chandler-2086
UFC 262: Oliveira vs. Chandler,2021-05-15,Andrea Lee,Antonina Shevchenko,120,-150,100,-122,100,-122,2021-04-26T21:18:04+00:00,2021-04-26T21:18:04+00:00,2021-05-16T00:13:27+00:00,2021-05-16T00:13:27+00:00,106,106,3,3,22078,https://www.bestfightodds.com/events/ufc-262-oliveira-vs-chandler-2086
UFC 262: Oliveira vs. Chandler,2021-05-15,Gina Mazany,Priscila Cachoeira,-300,250,-237,193,-237,193,2021-04-26T21:18:04+00:00,2021-04-26T21:18:04+00:00,2021-05-15T23:38:08+00:00,2021-05-15T23:38:08+00:00,82,82,3,3,21919,https://www.bestfightodds.com/events/ufc-262-oliveira-vs-chandler-2086
UFC 262: Oliveira vs. Chandler,2021-05-15,Kevin Aguilar,Tucker Lutz,-110,-110,109,-131,109,-131,2021-04-26T21:20:04+00:00,2021-04-26T21:20:04+00:00,2021-05-15T23:03:28+00:00,2021-05-15T23:03:28+00:00,70,70,3,3,22443,https://www.bestfightodds.com/events/ufc-262-oliveira-vs-chandler-2086
UFC 262: Oliveira vs. Chandler,2021-05-15,Christos Giagos,Sean Soriano,-225,175,-222,182,-222,182,2021-05-10T19:10:27+00:00,2021-05-10T19:10:27+00:00,2021-05-15T22:40:28+00:00,2021-05-15T22:40:28+00:00,61,61,3,3,22803,https://www.bestfightodds.com/events/ufc-262-oliveira-vs-chandler-2086
UFC on ESPN 24: Rodriguez vs. Waterson,2021-05-08,Marcos Rogerio de Lima,Maurice Greene,-180,155,-183,154,-183,154,2021-03-23T23:44:07+00:00,2021-03-23T23:44:07+00:00,2021-05-09T01:16:28+00:00,2021-05-09T01:16:28+00:00,83,83,3,3,22053,https://www.bestfightodds.com/events/ufc-on-espn-24-rodriguez-vs-waterson-2075
UFC on ESPN 24: Rodriguez vs. Waterson,2021-05-08,Carlston Harris,Christian Aguilera,120,-140,-201,167,-201,167,2021-03-23T23:46:07+00:00,2021-03-23T23:46:07+00:00,2021-05-08T22:38:28+00:00,2021-05-08T22:38:28+00:00,96,96,3,3,22077,https://www.bestfightodds.com/events/ufc-on-espn-24-rodriguez-vs-waterson-2075
UFC on ESPN 24: Rodriguez vs. Waterson,2021-05-08,Jun Yong Park,Tafon Nchukwi,160,-185,125,-150,125,-150,2021-03-23T23:46:07+00:00,2021-03-23T23:46:07+00:00,2021-05-08T23:06:28+00:00,2021-05-08T23:06:28+00:00,73,73,3,3,22146,https://www.bestfightodds.com/events/ufc-on-espn-24-rodriguez-vs-waterson-2075
UFC on ESPN 24: Rodriguez vs. Waterson,2021-05-08,Geoffrey Neal,Neil Magny,-250,210,-179,151,-179,151,2021-04-21T03:42:14+00:00,2021-04-21T03:42:14+00:00,2021-05-09T01:46:28+00:00,2021-05-09T01:46:28+00:00,88,88,3,3,22530,https://www.bestfightodds.com/events/ufc-on-espn-24-rodriguez-vs-waterson-2075
UFC on ESPN 24: Rodriguez vs. Waterson,2021-05-08,Ludovit Klein,Mike Trizano,-150,130,-253,206,-253,206,2021-04-21T03:42:14+00:00,2021-04-21T03:42:14+00:00,2021-05-08T23:40:27+00:00,2021-05-08T23:40:27+00:00,77,77,3,3,22543,https://www.bestfightodds.com/events/ufc-on-espn-24-rodriguez-vs-waterson-2075
UFC on ESPN 24: Rodriguez vs. Waterson,2021-05-08,Kyle Daukaus,Phil Hawes,-200,170,-147,123,-147,123,2021-04-21T03:42:14+00:00,2021-04-21T03:42:14+00:00,2021-05-09T00:15:28+00:00,2021-05-09T00:15:28+00:00,93,93,3,3,22573,https://www.bestfightodds.com/events/ufc-on-espn-24-rodriguez-vs-waterson-2075
UFC on ESPN 24: Rodriguez vs. Waterson,2021-05-08,Diego Ferreira,Gregor Gillespie,165,-190,122,-147,122,-147,2021-04-21T05:44:13+00:00,2021-04-21T05:44:13+00:00,2021-05-09T00:48:28+00:00,2021-05-09T00:48:28+00:00,108,108,3,3,22606,https://www.bestfightodds.com/events/ufc-on-espn-24-rodriguez-vs-waterson-2075
UFC on ESPN 24: Rodriguez vs. Waterson,2021-05-08,Marina Rodriguez,Michelle Waterson,-155,135,-228,186,-228,186,2021-05-02T12:32:03+00:00,2021-05-02T12:32:03+00:00,2021-05-09T02:45:28+00:00,2021-05-09T02:45:28+00:00,97,97,3,3,22745,https://www.bestfightodds.com/events/ufc-on-espn-24-rodriguez-vs-waterson-2075
UFC on ESPN 24: Rodriguez vs. Waterson,2021-05-08,Alex Morono,Donald Cerrone,130,-150,137,-162,137,-162,2021-05-04T19:30:07+00:00,2021-05-04T19:30:07+00:00,2021-05-09T02:17:28+00:00,2021-05-09T02:17:28+00:00,118,118,3,3,22752,https://www.bestfightodds.com/events/ufc-on-espn-24-rodriguez-vs-waterson-2075
UFC on ESPN 23: Reyes vs. Prochazka,2021-05-01,Dominick Reyes,Jiri Prochazka,110,-130,-110,-109,-110,-109,2021-04-02T02:24:06+00:00,2021-04-02T02:24:06+00:00,2021-05-02T04:17:27+00:00,2021-05-02T04:17:27+00:00,136,136,3,3,21897,https://www.bestfightodds.com/events/ufc-on-espn-23-reyes-vs-prochazka-2074
UFC on ESPN 23: Reyes vs. Prochazka,2021-05-01,Andreas Michailidis,K.B. Bhullar,-180,155,-213,177,-213,177,2021-04-02T02:26:06+00:00,2021-04-02T02:26:06+00:00,2021-05-01T23:49:28+00:00,2021-05-01T23:49:28+00:00,49,49,3,3,21918,https://www.bestfightodds.com/events/ufc-on-espn-23-reyes-vs-prochazka-2074
UFC on ESPN 23: Reyes vs. Prochazka,2021-05-01,Luana Pinheiro,Randa Markos,-185,160,-162,136,-162,136,2021-03-26T10:24:33+00:00,2021-03-26T10:24:33+00:00,2021-05-02T01:38:27+00:00,2021-05-02T01:38:27+00:00,82,82,3,3,22373,https://www.bestfightodds.com/events/ufc-on-espn-23-reyes-vs-prochazka-2074
UFC on ESPN 23: Reyes vs. Prochazka,2021-05-01,Kai Kamaka III,Tj Brown,-225,190,-156,130,-156,130,2021-04-02T02:26:06+00:00,2021-04-02T02:26:06+00:00,2021-05-02T01:11:28+00:00,2021-05-02T01:11:28+00:00,75,75,3,3,21859,https://www.bestfightodds.com/events/ufc-on-espn-23-reyes-vs-prochazka-2074
UFC on ESPN 23: Reyes vs. Prochazka,2021-05-01,Loma Lookboonmee,Sam Hughes,-310,260,-402,308,-402,308,2021-04-02T02:26:06+00:00,2021-04-02T02:26:06+00:00,2021-05-02T00:18:28+00:00,2021-05-02T00:18:28+00:00,50,50,3,3,21957,https://www.bestfightodds.com/events/ufc-on-espn-23-reyes-vs-prochazka-2074
UFC on ESPN 23: Reyes vs. Prochazka,2021-05-01,Krzysztof Jotko,Sean Strickland,170,-200,208,-257,208,-257,2021-04-02T02:26:06+00:00,2021-04-02T02:26:06+00:00,2021-05-02T02:47:27+00:00,2021-05-02T02:47:27+00:00,75,75,3,3,22054,https://www.bestfightodds.com/events/ufc-on-espn-23-reyes-vs-prochazka-2074
UFC on ESPN 23: Reyes vs. Prochazka,2021-05-01,Cub Swanson,Giga Chikadze,105,-125,168,-203,168,-203,2021-04-02T02:26:06+00:00,2021-04-02T02:26:06+00:00,2021-05-02T03:51:27+00:00,2021-05-02T03:51:27+00:00,128,128,3,3,22151,https://www.bestfightodds.com/events/ufc-on-espn-23-reyes-vs-prochazka-2074
UFC on ESPN 23: Reyes vs. Prochazka,2021-05-01,Cody Stamann,Merab Dvalishvili,120,-140,220,-270,220,-270,2021-04-02T02:26:06+00:00,2021-04-02T02:26:06+00:00,2021-05-02T02:14:28+00:00,2021-05-02T02:14:28+00:00,74,74,3,3,22233,https://www.bestfightodds.com/events/ufc-on-espn-23-reyes-vs-prochazka-2074
UFC on ESPN 23: Reyes vs. Prochazka,2021-05-01,Luana Carolina,Poliana Botelho,160,-185,203,-249,203,-249,2021-04-21T03:52:16+00:00,2021-04-21T03:52:16+00:00,2021-05-02T00:43:28+00:00,2021-05-02T00:43:28+00:00,74,74,3,3,22464,https://www.bestfightodds.com/events/ufc-on-espn-23-reyes-vs-prochazka-2074
UFC on ESPN 23: Reyes vs. Prochazka,2021-05-01,Dustin Jacoby,Ion Cutelaba,120,-140,111,-134,111,-134,2021-04-21T05:44:13+00:00,2021-04-21T05:44:13+00:00,2021-05-02T03:18:27+00:00,2021-05-02T03:18:27+00:00,81,81,3,3,22607,https://www.bestfightodds.com/events/ufc-on-espn-23-reyes-vs-prochazka-2074
UFC on ESPN 23: Reyes vs. Prochazka,2021-05-01,Felipe Colares,Luke Sanders,170,-200,114,-138,114,-138,2021-04-26T19:34:03+00:00,2021-04-26T19:34:03+00:00,2021-05-01T23:19:28+00:00,2021-05-01T23:19:28+00:00,55,55,3,3,22664,https://www.bestfightodds.com/events/ufc-on-espn-23-reyes-vs-prochazka-2074
UFC 261: Usman vs. Masvidal 2,2021-04-24,Jorge Masvidal,Kamaru Usman,250,-300,262,-341,262,-341,2021-02-15T21:32:12+00:00,2021-02-15T21:32:12+00:00,2021-04-25T04:10:28+00:00,2021-04-25T04:10:28+00:00,139,139,3,3,20613,https://www.bestfightodds.com/events/ufc-261-usman-vs-masvidal-2-2087
UFC 261: Usman vs. Masvidal 2,2021-04-24,Jessica Andrade,Valentina Shevchenko,275,-335,370,-494,370,-494,2021-02-25T08:12:06+00:00,2021-02-25T08:12:06+00:00,2021-04-25T03:11:28+00:00,2021-04-25T03:11:28+00:00,84,84,3,3,22049,https://www.bestfightodds.com/events/ufc-261-usman-vs-masvidal-2-2087
UFC 261: Usman vs. Masvidal 2,2021-04-24,Rose Namajunas,Weili Zhang,170,-200,170,-208,170,-208,2021-02-27T22:22:07+00:00,2021-02-27T22:22:07+00:00,2021-04-25T03:42:28+00:00,2021-04-25T03:42:28+00:00,103,103,3,3,20614,https://www.bestfightodds.com/events/ufc-261-usman-vs-masvidal-2-2087
UFC 261: Usman vs. Masvidal 2,2021-04-24,Anthony Smith,Jimmy Crute,135,-155,191,-233,191,-233,2021-03-18T20:02:08+00:00,2021-03-18T20:02:08+00:00,2021-04-25T02:22:27+00:00,2021-04-25T02:22:27+00:00,92,92,3,3,21890,https://www.bestfightodds.com/events/ufc-261-usman-vs-masvidal-2-2087
UFC 261: Usman vs. Masvidal 2,2021-04-24,Chris Weidman,Uriah Hall,115,-135,-155,130,-155,130,2021-03-18T20:02:08+00:00,2021-03-18T20:02:08+00:00,2021-04-25T02:46:28+00:00,2021-04-25T02:46:28+00:00,105,105,3,3,21914,https://www.bestfightodds.com/events/ufc-261-usman-vs-masvidal-2-2087
UFC 261: Usman vs. Masvidal 2,2021-04-24,Danaa Batgerel,Kevin Natividad,-150,130,-224,185,-224,185,2021-03-18T20:02:08+00:00,2021-03-18T20:02:08+00:00,2021-04-24T23:41:27+00:00,2021-04-24T23:41:27+00:00,67,67,3,3,21915,https://www.bestfightodds.com/events/ufc-261-usman-vs-masvidal-2-2087
UFC 261: Usman vs. Masvidal 2,2021-04-24,Brendan Allen,Karl Roberson,-205,175,-151,125,-151,125,2021-03-18T20:02:08+00:00,2021-03-18T20:02:08+00:00,2021-04-25T00:40:27+00:00,2021-04-25T00:40:27+00:00,91,91,3,3,22088,https://www.bestfightodds.com/events/ufc-261-usman-vs-masvidal-2-2087
UFC 261: Usman vs. Masvidal 2,2021-04-24,Jeffrey Molina,Qileng Aori,-105,-115,-117,-103,-117,-103,2021-03-18T20:02:08+00:00,2021-03-18T20:02:08+00:00,2021-04-24T22:47:28+00:00,2021-04-24T22:47:28+00:00,61,61,3,3,22142,https://www.bestfightodds.com/events/ufc-261-usman-vs-masvidal-2-2087
UFC 261: Usman vs. Masvidal 2,2021-04-24,Rodrigo Vargas,Zhu Rong,210,-250,187,-230,187,-230,2021-03-18T21:04:08+00:00,2021-03-18T21:04:08+00:00,2021-04-24T23:16:28+00:00,2021-04-24T23:16:28+00:00,55,55,3,3,22276,https://www.bestfightodds.com/events/ufc-261-usman-vs-masvidal-2-2087
UFC 261: Usman vs. Masvidal 2,2021-04-24,Ariane Carnelossi,Na Liang,-150,130,-224,182,-224,182,2021-03-18T21:04:08+00:00,2021-03-18T21:04:08+00:00,2021-04-24T22:22:27+00:00,2021-04-24T22:22:27+00:00,74,74,3,3,22277,https://www.bestfightodds.com/events/ufc-261-usman-vs-masvidal-2-2087
UFC 261: Usman vs. Masvidal 2,2021-04-24,Alex Oliveira,Randy Brown,125,-145,112,-137,112,-137,2021-04-15T22:48:16+00:00,2021-04-15T22:48:16+00:00,2021-04-25T01:39:28+00:00,2021-04-25T01:39:28+00:00,61,61,3,3,22393,https://www.bestfightodds.com/events/ufc-261-usman-vs-masvidal-2-2087
UFC 261: Usman vs. Masvidal 2,2021-04-24,Dwight Grant,Stefan Sekulic,-300,250,-192,162,-192,162,2021-04-15T22:50:15+00:00,2021-04-15T22:50:15+00:00,2021-04-25T01:06:28+00:00,2021-04-25T01:06:28+00:00,59,59,3,3,22395,https://www.bestfightodds.com/events/ufc-261-usman-vs-masvidal-2-2087
UFC 261: Usman vs. Masvidal 2,2021-04-24,Pat Sabatini,Tristan Connelly,105,-125,-235,192,-235,192,2021-04-15T22:50:15+00:00,2021-04-15T22:50:15+00:00,2021-04-25T00:11:28+00:00,2021-04-25T00:11:28+00:00,82,82,3,3,22470,https://www.bestfightodds.com/events/ufc-261-usman-vs-masvidal-2-2087
UFC on ESPN 22: Whittaker vs. Gastelum,2021-04-17,Kelvin Gastelum,Robert Whittaker,220,-275,217,-268,217,-268,2021-03-17T07:16:34+00:00,2021-03-17T07:16:34+00:00,2021-04-18T04:37:27+00:00,2021-04-18T04:37:27+00:00,80,80,3,3,22271,https://www.bestfightodds.com/events/ufc-on-espn-22-whittaker-vs-gastelum-2062
UFC on ESPN 22: Whittaker vs. Gastelum,2021-04-17,Bartosz Fabinski,Gerald Meerschaert,-150,130,-125,102,-125,102,2021-03-18T20:12:07+00:00,2021-03-18T20:12:07+00:00,2021-04-18T00:45:27+00:00,2021-04-18T00:45:27+00:00,72,72,3,3,21746,https://www.bestfightodds.com/events/ufc-on-espn-22-whittaker-vs-gastelum-2062
UFC on ESPN 22: Whittaker vs. Gastelum,2021-04-17,Justine Kish,Tracy Cortez,200,-235,253,-316,253,-316,2021-03-18T20:12:07+00:00,2021-03-18T20:12:07+00:00,2021-04-18T02:50:28+00:00,2021-04-18T02:50:28+00:00,65,65,3,3,21851,https://www.bestfightodds.com/events/ufc-on-espn-22-whittaker-vs-gastelum-2062
UFC on ESPN 22: Whittaker vs. Gastelum,2021-04-17,Alex Munoz,Luis Pena,150,-175,134,-160,134,-160,2021-03-18T21:04:08+00:00,2021-03-18T21:04:08+00:00,2021-04-18T02:14:27+00:00,2021-04-18T02:14:27+00:00,66,66,3,3,22278,https://www.bestfightodds.com/events/ufc-on-espn-22-whittaker-vs-gastelum-2062
UFC on ESPN 22: Whittaker vs. Gastelum,2021-04-17,Alexander Romanov,Juan Espino,-115,-115,-163,136,-163,136,2021-03-18T21:06:08+00:00,2021-03-18T21:06:08+00:00,2021-04-18T01:39:27+00:00,2021-04-18T01:39:27+00:00,125,125,3,3,22279,https://www.bestfightodds.com/events/ufc-on-espn-22-whittaker-vs-gastelum-2062
UFC on ESPN 22: Whittaker vs. Gastelum,2021-04-17,Anthony Birchak,Tony Gravely,175,-205,292,-386,292,-386,2021-03-31T00:04:04+00:00,2021-03-31T00:04:04+00:00,2021-04-17T23:43:28+00:00,2021-04-17T23:43:28+00:00,49,49,3,3,22400,https://www.bestfightodds.com/events/ufc-on-espn-22-whittaker-vs-gastelum-2062
UFC on ESPN 22: Whittaker vs. Gastelum,2021-04-17,Jessica Penne,Lupita Godinez,155,-185,223,-275,223,-275,2021-04-01T15:52:06+00:00,2021-04-01T15:52:06+00:00,2021-04-18T01:03:28+00:00,2021-04-18T01:03:28+00:00,55,55,3,3,22445,https://www.bestfightodds.com/events/ufc-on-espn-22-whittaker-vs-gastelum-2062
UFC on ESPN 22: Whittaker vs. Gastelum,2021-04-17,Abdul Razak Alhassan,Jacob Malkoun,-350,285,-317,251,-317,251,2021-04-04T00:24:03+00:00,2021-04-04T00:24:03+00:00,2021-04-18T03:21:27+00:00,2021-04-18T03:21:27+00:00,49,49,3,3,22439,https://www.bestfightodds.com/events/ufc-on-espn-22-whittaker-vs-gastelum-2062
UFC on ESPN 22: Whittaker vs. Gastelum,2021-04-17,Andrei Arlovski,Chase Sherman,-130,110,101,-120,101,-120,2021-04-10T22:00:02+00:00,2021-04-10T22:00:02+00:00,2021-04-18T03:59:28+00:00,2021-04-18T03:59:28+00:00,86,86,3,3,22532,https://www.bestfightodds.com/events/ufc-on-espn-22-whittaker-vs-gastelum-2062
UFC on ESPN 22: Whittaker vs. Gastelum,2021-04-17,Austin Hubbard,Dakota Bush,-175,145,-229,188,-229,188,2021-04-13T05:51:31+00:00,2021-04-13T05:51:31+00:00,2021-04-18T00:13:29+00:00,2021-04-18T00:13:29+00:00,46,46,3,3,22556,https://www.bestfightodds.com/events/ufc-on-espn-22-whittaker-vs-gastelum-2062
UFC 260: Miocic vs. Ngannou 2,2021-03-27,Francis Ngannou,Stipe Miocic,-225,190,-138,116,-138,116,2020-08-16T16:40:07+00:00,2020-08-16T16:40:07+00:00,2021-03-28T04:09:28+00:00,2021-03-28T04:09:28+00:00,172,172,3,3,20828,https://www.bestfightodds.com/events/ufc-260-miocic-vs-ngannou-2-2055
UFC 260: Miocic vs. Ngannou 2,2021-03-27,Sean O'Malley,Thomas Almeida,-250,210,-355,279,-355,279,2021-02-03T07:12:15+00:00,2021-02-03T07:12:15+00:00,2021-03-28T03:09:27+00:00,2021-03-28T03:09:27+00:00,55,55,3,3,21849,https://www.bestfightodds.com/events/ufc-260-miocic-vs-ngannou-2-2055
UFC 260: Miocic vs. Ngannou 2,2021-03-27,Tyron Woodley,Vicente Luque,205,-240,167,-199,167,-199,2021-02-03T07:12:15+00:00,2021-02-03T07:12:15+00:00,2021-03-28T03:42:28+00:00,2021-03-28T03:42:28+00:00,95,95,3,3,21850,https://www.bestfightodds.com/events/ufc-260-miocic-vs-ngannou-2-2055
UFC 260: Miocic vs. Ngannou 2,2021-03-27,Michal Oleksiejczuk,Modestas Bukauskas,-155,135,-181,152,-181,152,2021-02-18T13:08:19+00:00,2021-02-18T13:08:19+00:00,2021-03-28T00:45:28+00:00,2021-03-28T00:45:28+00:00,61,61,3,3,21744,https://www.bestfightodds.com/events/ufc-260-miocic-vs-ngannou-2-2055
UFC 260: Miocic vs. Ngannou 2,2021-03-27,Abu Azaitar,Marc-Andre Barriault,-155,135,102,-124,102,-124,2021-02-18T13:08:19+00:00,2021-02-18T13:08:19+00:00,2021-03-27T23:41:28+00:00,2021-03-27T23:41:28+00:00,110,110,3,3,21910,https://www.bestfightodds.com/events/ufc-260-miocic-vs-ngannou-2-2055
UFC 260: Miocic vs. Ngannou 2,2021-03-27,Jamie Mullarkey,Khama Worthy,165,-190,109,-133,109,-133,2021-02-18T13:16:19+00:00,2021-02-18T13:16:19+00:00,2021-03-28T02:21:27+00:00,2021-03-28T02:21:27+00:00,83,83,3,3,21954,https://www.bestfightodds.com/events/ufc-260-miocic-vs-ngannou-2-2055
UFC 260: Miocic vs. Ngannou 2,2021-03-27,Gillian Robertson,Miranda Maverick,150,-175,134,-159,134,-159,2021-02-25T13:14:08+00:00,2021-02-25T13:14:08+00:00,2021-03-28T02:37:27+00:00,2021-03-28T02:37:27+00:00,71,71,3,3,22051,https://www.bestfightodds.com/events/ufc-260-miocic-vs-ngannou-2-2055
UFC 260: Miocic vs. Ngannou 2,2021-03-27,Abubakar Nurmagomedov,Jared Gooden,-175,135,-230,184,-230,184,2021-03-14T21:05:28+00:00,2021-03-14T21:05:28+00:00,2021-03-28T01:12:28+00:00,2021-03-28T01:12:28+00:00,48,48,3,3,22231,https://www.bestfightodds.com/events/ufc-260-miocic-vs-ngannou-2-2055
UFC 260: Miocic vs. Ngannou 2,2021-03-27,Omar Morales,Shane Young,-180,155,-200,165,-200,165,2021-03-24T07:18:07+00:00,2021-03-24T07:18:07+00:00,2021-03-28T00:15:28+00:00,2021-03-28T00:15:28+00:00,56,56,3,3,22364,https://www.bestfightodds.com/events/ufc-260-miocic-vs-ngannou-2-2055
UFC 260: Miocic vs. Ngannou 2,2021-03-27,Alonzo Menifield,Fabio Cherant,-250,210,-282,228,-282,228,2021-03-24T20:40:06+00:00,2021-03-24T20:40:06+00:00,2021-03-28T01:40:28+00:00,2021-03-28T01:40:28+00:00,34,34,3,3,22372,https://www.bestfightodds.com/events/ufc-260-miocic-vs-ngannou-2-2055
UFC on ESPN 21: Brunson vs. Holland,2021-03-20,Derek Brunson,Kevin Holland,-120,100,172,-208,172,-208,2020-12-18T13:28:14+00:00,2020-12-18T13:28:14+00:00,2021-03-21T04:15:28+00:00,2021-03-21T04:15:28+00:00,129,129,3,3,21636,https://www.bestfightodds.com/events/ufc-on-espn-21-brunson-vs-holland-2053
UFC on ESPN 21: Brunson vs. Holland,2021-03-20,Jesse Strader,Montel Jackson,385,-500,474,-673,474,-673,2021-03-12T15:44:09+00:00,2021-03-12T15:44:09+00:00,2021-03-21T00:16:28+00:00,2021-03-21T00:16:28+00:00,41,41,3,3,22235,https://www.bestfightodds.com/events/ufc-on-espn-21-brunson-vs-holland-2053
UFC on ESPN 21: Brunson vs. Holland,2021-03-20,Bruno Silva,J.P. Buys,145,-170,119,-142,119,-142,2021-02-18T12:50:15+00:00,2021-02-18T12:50:15+00:00,2021-03-20T23:47:28+00:00,2021-03-20T23:47:28+00:00,129,129,3,3,21908,https://www.bestfightodds.com/events/ufc-on-espn-21-brunson-vs-holland-2053
UFC on ESPN 21: Brunson vs. Holland,2021-03-20,Macy Chiasson,Marion Reneau,-225,190,-235,191,-235,191,2020-12-29T20:10:11+00:00,2020-12-29T20:10:11+00:00,2021-03-21T01:43:27+00:00,2021-03-21T01:43:27+00:00,99,99,3,3,21441,https://www.bestfightodds.com/events/ufc-on-espn-21-brunson-vs-holland-2053
UFC on ESPN 21: Brunson vs. Holland,2021-03-20,Max Griffin,Song Kenan,-130,108,-214,177,-214,177,2021-02-16T13:34:06+00:00,2021-02-16T13:34:06+00:00,2021-03-21T03:49:27+00:00,2021-03-21T03:49:27+00:00,103,103,3,3,21728,https://www.bestfightodds.com/events/ufc-on-espn-21-brunson-vs-holland-2053
UFC on ESPN 21: Brunson vs. Holland,2021-03-20,Adrian Yanez,Gustavo Lopez,-200,168,-226,186,-226,186,2021-02-16T13:34:06+00:00,2021-02-16T13:34:06+00:00,2021-03-21T02:38:28+00:00,2021-03-21T02:38:28+00:00,44,44,3,3,21729,https://www.bestfightodds.com/events/ufc-on-espn-21-brunson-vs-holland-2053
UFC on ESPN 21: Brunson vs. Holland,2021-03-20,Grant Dawson,Leonardo Santos,-185,160,-197,164,-197,164,2021-02-18T12:50:15+00:00,2021-02-18T12:50:15+00:00,2021-03-21T01:12:27+00:00,2021-03-21T01:12:27+00:00,65,65,3,3,21754,https://www.bestfightodds.com/events/ufc-on-espn-21-brunson-vs-holland-2053
UFC on ESPN 21: Brunson vs. Holland,2021-03-20,Roman Dolidze,Trevin Giles,-150,130,-106,-114,-106,-114,2021-03-12T15:44:09+00:00,2021-03-12T15:44:09+00:00,2021-03-21T00:39:28+00:00,2021-03-21T00:39:28+00:00,100,100,3,3,22232,https://www.bestfightodds.com/events/ufc-on-espn-21-brunson-vs-holland-2053
UFC on ESPN 21: Brunson vs. Holland,2021-03-20,Cheyanne Buys,Montserrat Ruiz,-250,200,-292,233,-292,233,2021-03-13T16:38:09+00:00,2021-03-13T16:38:09+00:00,2021-03-21T03:10:27+00:00,2021-03-21T03:10:27+00:00,86,86,3,3,22256,https://www.bestfightodds.com/events/ufc-on-espn-21-brunson-vs-holland-2053
UFC on ESPN 21: Brunson vs. Holland,2021-03-20,Harry Hunsucker,Tai Tuivasa,265,-385,352,-462,352,-462,2021-03-18T07:02:33+00:00,2021-03-18T07:02:33+00:00,2021-03-21T02:20:28+00:00,2021-03-21T02:20:28+00:00,43,43,3,3,22273,https://www.bestfightodds.com/events/ufc-on-espn-21-brunson-vs-holland-2053
UFC Fight Night 187: Edwards vs. Muhammad,2021-03-13,Belal Muhammad,Leon Edwards,220,-270,223,-281,223,-281,2021-02-18T20:21:04+00:00,2021-02-18T20:21:04+00:00,2021-03-14T03:22:27+00:00,2021-03-14T03:22:27+00:00,89,89,3,3,21962,https://www.bestfightodds.com/events/ufc-fight-night-187-edwards-vs-muhammad-2048
UFC Fight Night 187: Edwards vs. Muhammad,2021-03-13,Rani Yahya,Ray Rodriguez,-310,260,-291,237,-291,237,2021-02-13T21:52:17+00:00,2021-02-13T21:52:17+00:00,2021-03-13T23:46:28+00:00,2021-03-13T23:46:28+00:00,49,49,3,3,21770,https://www.bestfightodds.com/events/ufc-fight-night-187-edwards-vs-muhammad-2048
UFC Fight Night 187: Edwards vs. Muhammad,2021-03-13,Nasrat Haqparast,Rafa Garcia,-385,265,-608,473,-608,473,2021-03-10T16:28:07+00:00,2021-03-10T16:28:07+00:00,2021-03-13T23:40:16+00:00,2021-03-13T23:40:16+00:00,63,63,2,3,22192,https://www.bestfightodds.com/events/ufc-fight-night-187-edwards-vs-muhammad-2048
UFC Fight Night 187: Edwards vs. Muhammad,2021-03-13,Darren Stewart,Eryk Anders,-185,160,-169,142,-169,142,2021-02-13T21:50:21+00:00,2021-02-13T21:50:21+00:00,2021-03-14T01:16:27+00:00,2021-03-14T01:16:27+00:00,75,75,3,3,21740,https://www.bestfightodds.com/events/ufc-fight-night-187-edwards-vs-muhammad-2048
UFC Fight Night 187: Edwards vs. Muhammad,2021-03-13,Davey Grant,Jonathan Martinez,245,-290,248,-314,248,-314,2021-02-13T21:52:17+00:00,2021-02-13T21:52:17+00:00,2021-03-14T02:10:28+00:00,2021-03-14T02:10:28+00:00,55,55,3,3,21606,https://www.bestfightodds.com/events/ufc-fight-night-187-edwards-vs-muhammad-2048
UFC Fight Night 187: Edwards vs. Muhammad,2021-03-13,Jason Witt,Matthew Semelsberger,-110,-110,104,-126,104,-126,2021-02-13T21:52:17+00:00,2021-02-13T21:52:17+00:00,2021-03-13T22:12:29+00:00,2021-03-13T22:12:29+00:00,48,48,3,3,21669,https://www.bestfightodds.com/events/ufc-fight-night-187-edwards-vs-muhammad-2048
UFC Fight Night 187: Edwards vs. Muhammad,2021-03-13,Gloria de Paula,Jinh Yu Frey,-125,105,-199,165,-199,165,2021-02-13T21:52:17+00:00,2021-02-13T21:52:17+00:00,2021-03-13T22:26:28+00:00,2021-03-13T22:26:28+00:00,61,61,3,3,21675,https://www.bestfightodds.com/events/ufc-fight-night-187-edwards-vs-muhammad-2048
UFC Fight Night 187: Edwards vs. Muhammad,2021-03-13,Misha Cirkunov,Ryan Spann,-125,105,-133,108,-133,108,2021-02-20T09:26:20+00:00,2021-02-20T09:26:20+00:00,2021-03-14T02:58:39+00:00,2021-03-14T02:58:39+00:00,113,113,3,3,21998,https://www.bestfightodds.com/events/ufc-fight-night-187-edwards-vs-muhammad-2048
UFC Fight Night 187: Edwards vs. Muhammad,2021-03-13,Charles Jourdain,Marcelo Rojo,-225,190,-284,231,-284,231,2021-02-28T21:18:03+00:00,2021-02-28T21:18:03+00:00,2021-03-14T00:10:28+00:00,2021-03-14T00:10:28+00:00,37,37,3,3,22050,https://www.bestfightodds.com/events/ufc-fight-night-187-edwards-vs-muhammad-2048
UFC Fight Night 187: Edwards vs. Muhammad,2021-03-13,Dan Ige,Gavin Tucker,-145,125,-183,152,-183,152,2021-02-28T21:24:03+00:00,2021-02-28T21:24:03+00:00,2021-03-14T02:36:27+00:00,2021-03-14T02:36:27+00:00,125,125,3,3,22039,https://www.bestfightodds.com/events/ufc-fight-night-187-edwards-vs-muhammad-2048
UFC Fight Night 187: Edwards vs. Muhammad,2021-03-13,Cortney Casey,J.J. Aldrich,145,-165,123,-148,123,-148,2021-02-28T21:26:03+00:00,2021-02-28T21:26:03+00:00,2021-03-13T22:55:27+00:00,2021-03-13T22:55:27+00:00,52,52,3,3,22073,https://www.bestfightodds.com/events/ufc-fight-night-187-edwards-vs-muhammad-2048
UFC Fight Night 187: Edwards vs. Muhammad,2021-03-13,Angela Hill,Ashley Yoder,-360,295,-336,263,-336,263,2021-03-01T08:04:03+00:00,2021-03-01T08:04:03+00:00,2021-03-14T00:39:28+00:00,2021-03-14T00:39:28+00:00,51,51,3,3,22091,https://www.bestfightodds.com/events/ufc-fight-night-187-edwards-vs-muhammad-2048
UFC Fight Night 187: Edwards vs. Muhammad,2021-03-13,Manel Kape,Matheus Nicolau,-115,-115,-136,112,-136,112,2021-03-07T14:12:03+00:00,2021-03-07T14:12:03+00:00,2021-03-14T01:38:28+00:00,2021-03-14T01:38:28+00:00,89,89,3,3,22150,https://www.bestfightodds.com/events/ufc-fight-night-187-edwards-vs-muhammad-2048
UFC 259: Blachowicz vs. Adesanya,2021-03-06,Israel Adesanya,Jan Blachowicz,-250,210,-250,203,-250,203,2020-11-01T15:00:14+00:00,2020-11-01T15:00:14+00:00,2021-03-07T05:50:32+00:00,2021-03-07T05:50:32+00:00,134,134,3,3,21326,https://www.bestfightodds.com/events/ufc-259-blachowicz-vs-adesanya-2038
UFC 259: Blachowicz vs. Adesanya,2021-03-06,Amanda Nunes,Megan Anderson,-1000,700,-836,556,-836,556,2020-12-23T21:36:09+00:00,2020-12-23T21:36:09+00:00,2021-03-07T05:24:08+00:00,2021-03-07T05:24:08+00:00,75,75,3,3,21649,https://www.bestfightodds.com/events/ufc-259-blachowicz-vs-adesanya-2038
UFC 259: Blachowicz vs. Adesanya,2021-03-06,Aljamain Sterling,Petr Yan,125,-145,102,-122,102,-122,2021-01-08T07:38:16+00:00,2021-01-08T07:38:16+00:00,2021-03-07T04:38:32+00:00,2021-03-07T04:38:32+00:00,163,163,3,3,21705,https://www.bestfightodds.com/events/ufc-259-blachowicz-vs-adesanya-2038
UFC 259: Blachowicz vs. Adesanya,2021-03-06,Drew Dober,Islam Makhachev,330,-400,346,-444,346,-444,2020-12-24T20:48:13+00:00,2020-12-24T20:48:13+00:00,2021-03-07T04:02:06+00:00,2021-03-07T04:02:06+00:00,92,92,3,3,21663,https://www.bestfightodds.com/events/ufc-259-blachowicz-vs-adesanya-2038
UFC 259: Blachowicz vs. Adesanya,2021-03-06,Aleksandar Rakic,Thiago Santos,-265,185,-191,159,-191,159,2020-12-19T01:14:03+00:00,2020-12-19T01:14:03+00:00,2021-03-07T03:24:07+00:00,2021-03-07T03:24:07+00:00,121,121,3,3,21516,https://www.bestfightodds.com/events/ufc-259-blachowicz-vs-adesanya-2038
UFC 259: Blachowicz vs. Adesanya,2021-03-06,Casey Kenney,Dominick Cruz,-105,-115,-135,111,-135,111,2020-12-24T20:46:09+00:00,2020-12-24T20:46:09+00:00,2021-03-07T02:42:06+00:00,2021-03-07T02:42:06+00:00,116,116,3,3,21572,https://www.bestfightodds.com/events/ufc-259-blachowicz-vs-adesanya-2038
UFC 259: Blachowicz vs. Adesanya,2021-03-06,Kyler Phillips,Song Yadong,165,-190,167,-204,167,-204,2021-01-10T14:24:16+00:00,2021-01-10T14:24:16+00:00,2021-03-07T02:10:03+00:00,2021-03-07T02:10:03+00:00,105,105,3,3,21709,https://www.bestfightodds.com/events/ufc-259-blachowicz-vs-adesanya-2038
UFC 259: Blachowicz vs. Adesanya,2021-03-06,Askar Askarov,Joseph Benavidez,130,-150,-148,124,-148,124,2020-12-24T20:46:09+00:00,2020-12-24T20:46:09+00:00,2021-03-07T01:42:02+00:00,2021-03-07T01:42:02+00:00,136,136,3,3,21531,https://www.bestfightodds.com/events/ufc-259-blachowicz-vs-adesanya-2038
UFC 259: Blachowicz vs. Adesanya,2021-03-06,Kai Kara France,Rogerio Bontorin,-205,175,-136,113,-136,113,2021-01-10T14:36:17+00:00,2021-01-10T14:36:17+00:00,2021-03-07T01:14:07+00:00,2021-03-07T01:14:07+00:00,70,70,3,3,21710,https://www.bestfightodds.com/events/ufc-259-blachowicz-vs-adesanya-2038
UFC 259: Blachowicz vs. Adesanya,2021-03-06,Jordan Espinosa,Tim Elliott,110,-130,124,-145,124,-145,2020-12-15T20:40:13+00:00,2020-12-15T20:40:13+00:00,2021-03-07T00:38:03+00:00,2021-03-07T00:38:03+00:00,99,99,3,3,21440,https://www.bestfightodds.com/events/ufc-259-blachowicz-vs-adesanya-2038
UFC 259: Blachowicz vs. Adesanya,2021-03-06,Carlos Ulberg,Kennedy Nzechukwu,-172,144,-232,192,-232,192,2021-02-16T13:34:06+00:00,2021-02-16T13:34:06+00:00,2021-03-07T00:06:03+00:00,2021-03-07T00:06:03+00:00,92,92,3,3,21835,https://www.bestfightodds.com/events/ufc-259-blachowicz-vs-adesanya-2038
UFC 259: Blachowicz vs. Adesanya,2021-03-06,Jake Matthews,Sean Brady,145,-170,179,-218,179,-218,2020-12-24T20:46:09+00:00,2020-12-24T20:46:09+00:00,2021-03-06T23:30:03+00:00,2021-03-06T23:30:03+00:00,83,83,3,3,21631,https://www.bestfightodds.com/events/ufc-259-blachowicz-vs-adesanya-2038
UFC 259: Blachowicz vs. Adesanya,2021-03-06,Amanda Lemos,Livinha Souza,165,-215,-227,187,-227,187,2021-01-24T20:54:06+00:00,2021-01-24T20:54:06+00:00,2021-03-06T23:08:02+00:00,2021-03-06T23:08:02+00:00,112,112,3,3,21708,https://www.bestfightodds.com/events/ufc-259-blachowicz-vs-adesanya-2038
UFC 259: Blachowicz vs. Adesanya,2021-03-06,Aalon Cruz,Uros Medic,-125,105,157,-188,157,-188,2020-12-24T20:46:09+00:00,2020-12-24T20:46:09+00:00,2021-03-06T22:50:04+00:00,2021-03-06T22:50:04+00:00,78,78,3,3,21518,https://www.bestfightodds.com/events/ufc-259-blachowicz-vs-adesanya-2038
UFC 259: Blachowicz vs. Adesanya,2021-03-06,Mario Bautista,Trevin Jones,-130,110,-233,191,-233,191,2021-02-25T12:58:07+00:00,2021-02-25T12:58:07+00:00,2021-03-06T22:26:07+00:00,2021-03-06T22:26:07+00:00,48,48,3,3,21993,https://www.bestfightodds.com/events/ufc-259-blachowicz-vs-adesanya-2038
UFC Fight Night 185: Blaydes vs. Lewis,2021-02-20,Curtis Blaydes,Derrick Lewis,-300,250,-413,318,-413,318,2020-11-30T09:44:13+00:00,2020-11-30T09:44:13+00:00,2021-02-21T03:51:06+00:00,2021-02-21T03:51:06+00:00,72,72,3,3,21515,https://www.bestfightodds.com/events/ufc-fight-night-185-blaydes-vs-lewis-2035
UFC Fight Night 185: Blaydes vs. Lewis,2021-02-20,Ketlen Vieira,Yana Kunitskaya,-275,235,-282,230,-282,230,2021-01-13T23:20:14+00:00,2021-01-13T23:20:14+00:00,2021-02-21T03:15:03+00:00,2021-02-21T03:15:03+00:00,72,72,3,3,21734,https://www.bestfightodds.com/events/ufc-fight-night-185-blaydes-vs-lewis-2035
UFC Fight Night 185: Blaydes vs. Lewis,2021-02-20,Charles Rosa,Darrick Minner,-145,125,-187,155,-187,155,2021-01-13T22:58:17+00:00,2021-01-13T22:58:17+00:00,2021-02-21T02:39:50+00:00,2021-02-21T02:39:50+00:00,56,56,3,3,21640,https://www.bestfightodds.com/events/ufc-fight-night-185-blaydes-vs-lewis-2035
UFC Fight Night 185: Blaydes vs. Lewis,2021-02-20,Aleksei Oleinik,Chris Daukaus,120,-140,164,-197,164,-197,2021-01-13T22:58:17+00:00,2021-01-13T22:58:17+00:00,2021-02-21T02:18:03+00:00,2021-02-21T02:18:03+00:00,85,85,3,3,21530,https://www.bestfightodds.com/events/ufc-fight-night-185-blaydes-vs-lewis-2035
UFC Fight Night 185: Blaydes vs. Lewis,2021-02-20,Nassourdine Imavov,Phil Hawes,-105,-115,104,-127,104,-127,2021-01-27T21:14:19+00:00,2021-01-27T21:14:19+00:00,2021-02-21T01:42:05+00:00,2021-02-21T01:42:05+00:00,74,74,3,3,21752,https://www.bestfightodds.com/events/ufc-fight-night-185-blaydes-vs-lewis-2035
UFC Fight Night 185: Blaydes vs. Lewis,2021-02-20,Andrei Arlovski,Tom Aspinall,235,-275,229,-279,229,-279,2021-01-13T22:58:17+00:00,2021-01-13T22:58:17+00:00,2021-02-21T01:18:03+00:00,2021-02-21T01:18:03+00:00,59,59,3,3,21703,https://www.bestfightodds.com/events/ufc-fight-night-185-blaydes-vs-lewis-2035
UFC Fight Night 185: Blaydes vs. Lewis,2021-02-20,Danny Chavez,Jared Gordon,155,-180,-127,105,-127,105,2021-01-13T22:58:17+00:00,2021-01-13T22:58:17+00:00,2021-02-21T00:42:03+00:00,2021-02-21T00:42:03+00:00,114,114,3,3,21497,https://www.bestfightodds.com/events/ufc-fight-night-185-blaydes-vs-lewis-2035
UFC Fight Night 185: Blaydes vs. Lewis,2021-02-20,Eddie Wineland,John Castaneda,-150,130,104,-126,104,-126,2021-01-13T23:20:14+00:00,2021-01-13T23:20:14+00:00,2021-02-21T00:09:07+00:00,2021-02-21T00:09:07+00:00,66,66,3,3,21733,https://www.bestfightodds.com/events/ufc-fight-night-185-blaydes-vs-lewis-2035
UFC Fight Night 185: Blaydes vs. Lewis,2021-02-20,Julian Erosa,Nate Landwehr,130,-150,118,-139,118,-139,2021-01-27T21:14:19+00:00,2021-01-27T21:14:19+00:00,2021-02-20T23:39:07+00:00,2021-02-20T23:39:07+00:00,78,78,3,3,21739,https://www.bestfightodds.com/events/ufc-fight-night-185-blaydes-vs-lewis-2035
UFC Fight Night 185: Blaydes vs. Lewis,2021-02-20,Casey O'Neill,Shana Dobson,-185,160,-159,133,-159,133,2021-01-13T22:58:17+00:00,2021-01-13T22:58:17+00:00,2021-02-20T23:12:03+00:00,2021-02-20T23:12:03+00:00,81,81,3,3,21589,https://www.bestfightodds.com/events/ufc-fight-night-185-blaydes-vs-lewis-2035
UFC Fight Night 185: Blaydes vs. Lewis,2021-02-20,Aiemann Zahabi,Drako Rodriguez,170,-200,168,-201,168,-201,2021-01-27T21:14:19+00:00,2021-01-27T21:14:19+00:00,2021-02-20T22:36:04+00:00,2021-02-20T22:36:04+00:00,52,52,3,3,21751,https://www.bestfightodds.com/events/ufc-fight-night-185-blaydes-vs-lewis-2035
UFC Fight Night 185: Blaydes vs. Lewis,2021-02-20,Jared Vanderaa,Sergey Spivak,190,-225,209,-256,209,-256,2021-01-13T23:18:33+00:00,2021-01-13T23:18:33+00:00,2021-02-20T22:12:07+00:00,2021-02-20T22:12:07+00:00,38,38,3,3,21732,https://www.bestfightodds.com/events/ufc-fight-night-185-blaydes-vs-lewis-2035
UFC 258: Usman vs. Burns,2021-02-13,Gilbert Burns,Kamaru Usman,190,-225,225,-272,225,-272,2020-09-02T15:36:23+00:00,2020-09-02T15:36:23+00:00,2021-02-14T05:44:07+00:00,2021-02-14T05:44:07+00:00,115,115,1,1,20593,https://www.bestfightodds.com/events/ufc-258-usman-vs-burns-2033
UFC 258: Usman vs. Burns,2021-02-13,Alexa Grasso,Maycee Barber,110,-130,-107,-113,-107,-113,2020-12-23T21:30:09+00:00,2020-12-23T21:30:09+00:00,2021-02-14T05:04:32+00:00,2021-02-14T05:04:32+00:00,195,195,1,1,21453,https://www.bestfightodds.com/events/ufc-258-usman-vs-burns-2033
UFC 258: Usman vs. Burns,2021-02-13,Ian Heinisch,Kelvin Gastelum,165,-190,167,-198,167,-198,2020-12-23T21:54:08+00:00,2020-12-23T21:54:08+00:00,2021-02-14T04:32:03+00:00,2021-02-14T04:32:03+00:00,70,70,1,1,21432,https://www.bestfightodds.com/events/ufc-258-usman-vs-burns-2033
UFC 258: Usman vs. Burns,2021-02-13,Julian Marquez,Maki Pitolo,-185,160,-168,141,-168,141,2020-12-23T21:54:08+00:00,2020-12-23T21:54:08+00:00,2021-02-14T03:20:04+00:00,2021-02-14T03:20:04+00:00,59,59,1,1,21662,https://www.bestfightodds.com/events/ufc-258-usman-vs-burns-2033
UFC 258: Usman vs. Burns,2021-02-13,Anthony Hernandez,Rodolfo Vieira,300,-400,384,-519,384,-519,2021-01-10T14:38:17+00:00,2021-01-10T14:38:17+00:00,2021-02-14T02:42:07+00:00,2021-02-14T02:42:07+00:00,33,33,1,1,21711,https://www.bestfightodds.com/events/ufc-258-usman-vs-burns-2033
UFC 258: Usman vs. Burns,2021-02-13,Belal Muhammad,Dhiego Lima,-350,285,-462,355,-462,355,2021-02-07T13:14:15+00:00,2021-02-07T13:14:15+00:00,2021-02-14T02:12:06+00:00,2021-02-14T02:12:06+00:00,49,49,1,1,21707,https://www.bestfightodds.com/events/ufc-258-usman-vs-burns-2033
UFC 258: Usman vs. Burns,2021-02-13,Mallory Martin,Polyana Viana,-125,105,-115,-107,-115,-107,2020-12-23T21:32:10+00:00,2020-12-23T21:32:10+00:00,2021-02-14T01:48:04+00:00,2021-02-14T01:48:04+00:00,72,72,1,1,21661,https://www.bestfightodds.com/events/ufc-258-usman-vs-burns-2033
UFC 258: Usman vs. Burns,2021-02-13,Andre Ewell,Chris Gutierrez,165,-190,106,-130,106,-130,2021-02-09T08:06:17+00:00,2021-02-09T08:06:17+00:00,2021-02-14T01:14:06+00:00,2021-02-14T01:14:06+00:00,55,55,1,1,21869,https://www.bestfightodds.com/events/ufc-258-usman-vs-burns-2033
UFC 258: Usman vs. Burns,2021-02-13,Gabe Green,Phil Rowe,-145,125,-137,114,-137,114,2020-12-23T21:46:13+00:00,2020-12-23T21:46:13+00:00,2021-02-14T00:34:55+00:00,2021-02-14T00:34:55+00:00,64,64,1,1,21500,https://www.bestfightodds.com/events/ufc-258-usman-vs-burns-2033
UFC 258: Usman vs. Burns,2021-02-13,Brian Kelleher,Ricky Simon,240,-300,203,-246,203,-246,2021-02-02T20:10:07+00:00,2021-02-02T20:10:07+00:00,2021-02-14T03:58:06+00:00,2021-02-14T03:58:06+00:00,55,55,1,1,21837,https://www.bestfightodds.com/events/ufc-258-usman-vs-burns-2033
UFC Fight Night 184: Overeem vs. Volkov,2021-02-06,Alexander Volkov,Alistair Overeem,105,-125,-171,147,-171,147,2020-12-29T20:06:12+00:00,2020-12-29T20:06:12+00:00,2021-02-07T03:46:07+00:00,2021-02-07T03:46:07+00:00,95,95,1,1,21433,https://www.bestfightodds.com/events/ufc-fight-night-184-overeem-vs-volkov-2029
UFC Fight Night 184: Overeem vs. Volkov,2021-02-06,Cory Sandhagen,Frankie Edgar,-300,250,-366,293,-366,293,2020-12-29T20:06:12+00:00,2020-12-29T20:06:12+00:00,2021-02-07T03:18:07+00:00,2021-02-07T03:18:07+00:00,52,52,1,1,21638,https://www.bestfightodds.com/events/ufc-fight-night-184-overeem-vs-volkov-2029
UFC Fight Night 184: Overeem vs. Volkov,2021-02-06,Clay Guida,Michael Johnson,285,-350,167,-200,167,-200,2020-12-29T20:06:12+00:00,2020-12-29T20:06:12+00:00,2021-02-07T02:46:03+00:00,2021-02-07T02:46:03+00:00,53,53,1,1,21522,https://www.bestfightodds.com/events/ufc-fight-night-184-overeem-vs-volkov-2029
UFC Fight Night 184: Overeem vs. Volkov,2021-02-06,Alexandre Pantoja,Manel Kape,-130,110,-115,-106,-115,-106,2021-01-01T22:26:15+00:00,2021-01-01T22:26:15+00:00,2021-02-07T02:16:07+00:00,2021-02-07T02:16:07+00:00,76,76,1,1,21677,https://www.bestfightodds.com/events/ufc-fight-night-184-overeem-vs-volkov-2029
UFC Fight Night 184: Overeem vs. Volkov,2021-02-06,Askar Askar,Cody Stamann,275,-365,395,-541,395,-541,2021-02-02T20:40:09+00:00,2021-02-02T20:40:09+00:00,2021-02-06T19:40:03+00:00,2021-02-06T19:40:03+00:00,36,36,1,1,21848,https://www.bestfightodds.com/events/ufc-fight-night-184-overeem-vs-volkov-2029
UFC Fight Night 184: Overeem vs. Volkov,2021-02-06,Beneil Dariush,Diego Ferreira,105,-125,-124,104,-124,104,2020-12-29T20:06:12+00:00,2020-12-29T20:06:12+00:00,2021-02-07T01:38:07+00:00,2021-02-07T01:38:07+00:00,91,91,1,1,21523,https://www.bestfightodds.com/events/ufc-fight-night-184-overeem-vs-volkov-2029
UFC Fight Night 184: Overeem vs. Volkov,2021-02-06,Danilo Marques,Mike Rodriguez,205,-240,201,-245,201,-245,2021-01-01T22:26:15+00:00,2021-01-01T22:26:15+00:00,2021-02-07T01:14:03+00:00,2021-02-07T01:14:03+00:00,43,43,1,1,21678,https://www.bestfightodds.com/events/ufc-fight-night-184-overeem-vs-volkov-2029
UFC Fight Night 184: Overeem vs. Volkov,2021-02-06,Devonte Smith,Justin Jaynes,-285,225,-355,281,-355,281,2021-02-02T19:36:08+00:00,2021-02-02T19:36:08+00:00,2021-02-07T00:40:03+00:00,2021-02-07T00:40:03+00:00,36,36,1,1,21845,https://www.bestfightodds.com/events/ufc-fight-night-184-overeem-vs-volkov-2029
UFC Fight Night 184: Overeem vs. Volkov,2021-02-06,Joselyne Edwards,Karol Rosa,175,-205,169,-200,169,-200,2021-01-27T13:44:16+00:00,2021-01-27T13:44:16+00:00,2021-02-07T00:14:07+00:00,2021-02-07T00:14:07+00:00,112,112,1,1,21807,https://www.bestfightodds.com/events/ufc-fight-night-184-overeem-vs-volkov-2029
UFC Fight Night 184: Overeem vs. Volkov,2021-02-06,Lara Procopio,Molly McCann,300,-400,101,-122,101,-122,2020-12-29T20:12:12+00:00,2020-12-29T20:12:12+00:00,2021-02-06T23:46:08+00:00,2021-02-06T23:46:08+00:00,80,80,1,1,21462,https://www.bestfightodds.com/events/ufc-fight-night-184-overeem-vs-volkov-2029
UFC Fight Night 184: Overeem vs. Volkov,2021-02-06,Seung Woo Choi,Youssef Zalal,130,-150,199,-242,199,-242,2021-01-28T08:46:18+00:00,2021-01-28T08:46:18+00:00,2021-02-06T23:14:05+00:00,2021-02-06T23:14:05+00:00,45,45,1,1,21808,https://www.bestfightodds.com/events/ufc-fight-night-184-overeem-vs-volkov-2029
UFC Fight Night 184: Overeem vs. Volkov,2021-02-06,Martin Day,Timur Valiev,315,-410,359,-460,359,-460,2021-02-02T19:36:08+00:00,2021-02-02T19:36:08+00:00,2021-02-06T22:40:07+00:00,2021-02-06T22:40:07+00:00,49,49,1,1,21836,https://www.bestfightodds.com/events/ufc-fight-night-184-overeem-vs-volkov-2029
UFC Fight Night 184: Overeem vs. Volkov,2021-02-06,Jerome Rivera,Ode Osbourne,230,-270,171,-201,171,-201,2021-02-03T07:14:13+00:00,2021-02-03T07:14:13+00:00,2021-02-06T22:16:20+00:00,2021-02-06T22:16:20+00:00,38,38,1,1,21852,https://www.bestfightodds.com/events/ufc-fight-night-184-overeem-vs-volkov-2029
UFC 257: Poirier vs. McGregor 2,2021-01-23,Conor McGregor,Dustin Poirier,-175,150,-314,250,-314,250,2020-10-01T22:18:26+00:00,2020-10-01T22:18:26+00:00,2021-01-24T05:30:07+00:00,2021-01-24T05:30:07+00:00,133,133,1,1,21142,https://www.bestfightodds.com/events/ufc-257-poirier-vs-mcgregor-2-2016
UFC 257: Poirier vs. McGregor 2,2021-01-23,Dan Hooker,Michael Chandler,-160,140,-159,133,-159,133,2020-12-23T08:58:12+00:00,2020-12-23T08:58:12+00:00,2021-01-24T05:04:31+00:00,2021-01-24T05:04:31+00:00,120,120,1,1,21650,https://www.bestfightodds.com/events/ufc-257-poirier-vs-mcgregor-2-2016
UFC 257: Poirier vs. McGregor 2,2021-01-23,Jessica Eye,Joanne Calderwood,120,-140,110,-133,110,-133,2020-12-15T20:42:15+00:00,2020-12-15T20:42:15+00:00,2021-01-24T04:28:32+00:00,2021-01-24T04:28:32+00:00,88,88,1,1,21258,https://www.bestfightodds.com/events/ufc-257-poirier-vs-mcgregor-2-2016
UFC 257: Poirier vs. McGregor 2,2021-01-23,Amanda Ribas,Marina Rodriguez,-270,230,-342,270,-342,270,2020-12-15T20:42:15+00:00,2020-12-15T20:42:15+00:00,2021-01-24T03:28:07+00:00,2021-01-24T03:28:07+00:00,82,82,1,1,21595,https://www.bestfightodds.com/events/ufc-257-poirier-vs-mcgregor-2-2016
UFC 257: Poirier vs. McGregor 2,2021-01-23,Andrew Sanchez,Makhmud Muradov,-185,155,169,-201,169,-201,2020-12-26T10:08:07+00:00,2020-12-26T10:08:07+00:00,2021-01-24T03:54:07+00:00,2021-01-24T03:54:07+00:00,93,93,1,1,21667,https://www.bestfightodds.com/events/ufc-257-poirier-vs-mcgregor-2-2016
UFC 257: Poirier vs. McGregor 2,2021-01-23,Arman Tsarukyan,Matt Frevola,-650,475,-656,465,-656,465,2021-01-22T19:06:28+00:00,2021-01-22T19:06:28+00:00,2021-01-24T02:44:02+00:00,2021-01-24T02:44:02+00:00,34,34,1,1,21757,https://www.bestfightodds.com/events/ufc-257-poirier-vs-mcgregor-2-2016
UFC 257: Poirier vs. McGregor 2,2021-01-23,Antonio Carlos Junior,Brad Tavares,100,-120,-126,104,-126,104,2020-12-15T20:42:15+00:00,2020-12-15T20:42:15+00:00,2021-01-24T02:16:02+00:00,2021-01-24T02:16:02+00:00,77,77,1,1,21482,https://www.bestfightodds.com/events/ufc-257-poirier-vs-mcgregor-2-2016
UFC 257: Poirier vs. McGregor 2,2021-01-23,Julianna Pena,Sara McMann,-140,120,-104,-118,-104,-118,2020-12-15T20:40:14+00:00,2020-12-15T20:40:14+00:00,2021-01-24T01:46:07+00:00,2021-01-24T01:46:07+00:00,105,105,1,1,21569,https://www.bestfightodds.com/events/ufc-257-poirier-vs-mcgregor-2-2016
UFC 257: Poirier vs. McGregor 2,2021-01-23,Khalil Rountree,Marcin Prachnio,-300,250,-393,306,-393,306,2020-12-15T20:42:15+00:00,2020-12-15T20:42:15+00:00,2021-01-24T01:14:03+00:00,2021-01-24T01:14:03+00:00,58,58,1,1,21610,https://www.bestfightodds.com/events/ufc-257-poirier-vs-mcgregor-2-2016
UFC 257: Poirier vs. McGregor 2,2021-01-23,Movsar Evloev,Nik Lentz,-400,300,-647,469,-647,469,2021-01-11T03:18:12+00:00,2021-01-11T03:18:12+00:00,2021-01-24T00:40:02+00:00,2021-01-24T00:40:02+00:00,47,47,1,1,21712,https://www.bestfightodds.com/events/ufc-257-poirier-vs-mcgregor-2-2016
UFC 257: Poirier vs. McGregor 2,2021-01-23,Amir Albazi,Zhalgas Zhumagulov,-105,-115,-115,-106,-115,-106,2020-12-15T20:46:17+00:00,2020-12-15T20:46:17+00:00,2021-01-24T00:12:02+00:00,2021-01-24T00:12:02+00:00,66,66,1,1,21626,https://www.bestfightodds.com/events/ufc-257-poirier-vs-mcgregor-2-2016
UFC on ESPN 20: Chiesa vs. Magny,2021-01-20,Michael Chiesa,Neil Magny,130,-150,126,-150,126,-150,2020-12-24T21:12:13+00:00,2020-12-24T21:12:13+00:00,2021-01-20T20:00:07+00:00,2021-01-20T20:00:07+00:00,85,85,1,1,21657,https://www.bestfightodds.com/events/ufc-on-espn-20-chiesa-vs-magny-2044
UFC on ESPN 20: Chiesa vs. Magny,2021-01-20,Mounir Lazzez,Warlley Alves,-115,-115,-260,216,-260,216,2021-01-06T13:46:17+00:00,2021-01-06T13:46:17+00:00,2021-01-20T19:40:07+00:00,2021-01-20T19:40:07+00:00,63,63,1,1,21700,https://www.bestfightodds.com/events/ufc-on-espn-20-chiesa-vs-magny-2044
UFC on ESPN 20: Chiesa vs. Magny,2021-01-20,Isaac Villanueva,Vinicius Moreira,-150,130,-118,-104,-118,-104,2020-12-24T21:12:13+00:00,2020-12-24T21:12:13+00:00,2021-01-20T19:12:06+00:00,2021-01-20T19:12:06+00:00,45,45,1,1,21266,https://www.bestfightodds.com/events/ufc-on-espn-20-chiesa-vs-magny-2044
UFC on ESPN 20: Chiesa vs. Magny,2021-01-20,Roxanne Modafferi,Viviane Araujo,190,-225,255,-322,255,-322,2020-12-18T13:16:14+00:00,2020-12-18T13:16:14+00:00,2021-01-20T18:38:07+00:00,2021-01-20T18:38:07+00:00,74,74,1,1,21216,https://www.bestfightodds.com/events/ufc-on-espn-20-chiesa-vs-magny-2044
UFC on ESPN 20: Chiesa vs. Magny,2021-01-20,Matt Schnell,Tyson Nam,110,-130,-105,-116,-105,-116,2020-12-15T20:48:07+00:00,2020-12-15T20:48:07+00:00,2021-01-20T18:04:03+00:00,2021-01-20T18:04:03+00:00,71,71,1,1,21622,https://www.bestfightodds.com/events/ufc-on-espn-20-chiesa-vs-magny-2044
UFC on ESPN 20: Chiesa vs. Magny,2021-01-20,Omari Akhmedov,Tom Breese,120,-140,130,-155,130,-155,2020-12-15T20:40:13+00:00,2020-12-15T20:40:13+00:00,2021-01-20T17:10:06+00:00,2021-01-20T17:10:06+00:00,91,91,1,1,21590,https://www.bestfightodds.com/events/ufc-on-espn-20-chiesa-vs-magny-2044
UFC on ESPN 20: Chiesa vs. Magny,2021-01-20,Douglas Silva de Andrade,Lerone Murphy,190,-225,259,-323,259,-323,2020-12-18T13:28:14+00:00,2020-12-18T13:28:14+00:00,2021-01-20T17:32:07+00:00,2021-01-20T17:32:07+00:00,59,59,1,1,21635,https://www.bestfightodds.com/events/ufc-on-espn-20-chiesa-vs-magny-2044
UFC on ESPN 20: Chiesa vs. Magny,2021-01-20,Su Mudaerji,Zarrukh Adashev,-265,205,-522,390,-522,390,2021-01-07T19:34:06+00:00,2021-01-07T19:34:06+00:00,2021-01-20T16:10:08+00:00,2021-01-20T16:10:08+00:00,47,47,1,1,21699,https://www.bestfightodds.com/events/ufc-on-espn-20-chiesa-vs-magny-2044
UFC on ESPN 20: Chiesa vs. Magny,2021-01-20,Gaetano Pirrello,Ricky Simon,225,-285,376,-492,376,-492,2021-01-08T19:06:07+00:00,2021-01-08T19:06:07+00:00,2021-01-20T16:38:03+00:00,2021-01-20T16:38:03+00:00,51,51,1,1,21706,https://www.bestfightodds.com/events/ufc-on-espn-20-chiesa-vs-magny-2044
UFC on ESPN 20: Chiesa vs. Magny,2021-01-20,Dalcha Lungiambula,Markus Perez,-350,260,-165,139,-165,139,2021-01-07T19:26:07+00:00,2021-01-07T19:26:07+00:00,2021-01-20T15:44:07+00:00,2021-01-20T15:44:07+00:00,58,58,1,1,21685,https://www.bestfightodds.com/events/ufc-on-espn-20-chiesa-vs-magny-2044
UFC on ESPN 20: Chiesa vs. Magny,2021-01-20,Francisco Figueredo,Jerome Rivera,105,-125,-153,128,-153,128,2020-12-24T21:10:13+00:00,2020-12-24T21:10:13+00:00,2021-01-20T15:18:03+00:00,2021-01-20T15:18:03+00:00,54,54,1,1,21563,https://www.bestfightodds.com/events/ufc-on-espn-20-chiesa-vs-magny-2044
UFC on ESPN 20: Chiesa vs. Magny,2021-01-20,Mason Jones,Mike Davis,250,-300,135,-160,135,-160,2020-12-30T21:18:15+00:00,2020-12-30T21:18:15+00:00,2021-01-20T14:52:04+00:00,2021-01-20T14:52:04+00:00,64,64,1,1,21671,https://www.bestfightodds.com/events/ufc-on-espn-20-chiesa-vs-magny-2044
UFC on ESPN 20: Chiesa vs. Magny,2021-01-20,Sergey Morozov,Umar Nurmagomedov,450,-625,408,-540,408,-540,2020-12-15T20:50:15+00:00,2020-12-15T20:50:15+00:00,2021-01-20T14:22:18+00:00,2021-01-20T14:22:18+00:00,37,37,1,1,21627,https://www.bestfightodds.com/events/ufc-on-espn-20-chiesa-vs-magny-2044
UFC on ESPN 20: Chiesa vs. Magny,2021-01-20,Manon Fiorot,Victoria Leonardo,-110,-110,-217,180,-217,180,2020-12-30T21:00:16+00:00,2020-12-30T21:00:16+00:00,2021-01-20T14:08:07+00:00,2021-01-20T14:08:07+00:00,95,95,1,1,21672,https://www.bestfightodds.com/events/ufc-on-espn-20-chiesa-vs-magny-2044
UFC on ABC 1: Holloway vs. Kattar,2021-01-16,Calvin Kattar,Max Holloway,115,-135,139,-163,139,-163,2020-11-17T21:30:01+00:00,2020-11-17T21:30:01+00:00,2021-01-16T22:24:06+00:00,2021-01-16T22:24:06+00:00,112,112,1,1,21450,https://www.bestfightodds.com/events/ufc-on-abc-1-holloway-vs-kattar-2009
UFC on ABC 1: Holloway vs. Kattar,2021-01-16,Carlos Condit,Matt Brown,-110,-110,-202,168,-202,168,2020-12-24T21:12:13+00:00,2020-12-24T21:12:13+00:00,2021-01-16T21:34:17+00:00,2021-01-16T21:34:17+00:00,67,67,1,1,21430,https://www.bestfightodds.com/events/ufc-on-abc-1-holloway-vs-kattar-2009
UFC on ABC 1: Holloway vs. Kattar,2021-01-16,Jingliang Li,Santiago Ponzinibbio,235,-275,261,-330,261,-330,2020-12-25T20:04:14+00:00,2020-12-25T20:04:14+00:00,2021-01-16T21:10:05+00:00,2021-01-16T21:10:05+00:00,59,59,1,1,21665,https://www.bestfightodds.com/events/ufc-on-abc-1-holloway-vs-kattar-2009
UFC on ABC 1: Holloway vs. Kattar,2021-01-16,Alessio Di Chirico,Joaquin Buckley,235,-275,227,-288,227,-288,2020-12-28T13:28:14+00:00,2020-12-28T13:28:14+00:00,2021-01-16T20:46:05+00:00,2021-01-16T20:46:05+00:00,49,49,1,1,21668,https://www.bestfightodds.com/events/ufc-on-abc-1-holloway-vs-kattar-2009
UFC on ABC 1: Holloway vs. Kattar,2021-01-16,Dusko Todorovic,Punahele Soriano,-150,130,-170,144,-170,144,2020-12-15T20:40:14+00:00,2020-12-15T20:40:14+00:00,2021-01-16T20:16:06+00:00,2021-01-16T20:16:06+00:00,99,99,1,1,21464,https://www.bestfightodds.com/events/ufc-on-abc-1-holloway-vs-kattar-2009
UFC on ABC 1: Holloway vs. Kattar,2021-01-16,Joselyne Edwards,Wu Yanan,205,-240,-114,-106,-114,-106,2021-01-08T13:34:16+00:00,2021-01-08T13:34:16+00:00,2021-01-16T19:42:04+00:00,2021-01-16T19:42:04+00:00,62,62,1,1,21704,https://www.bestfightodds.com/events/ufc-on-abc-1-holloway-vs-kattar-2009
UFC on ABC 1: Holloway vs. Kattar,2021-01-16,Carlos Felipe,Justin Tafa,-115,-105,-199,163,-199,163,2020-12-15T20:40:13+00:00,2020-12-15T20:40:13+00:00,2021-01-16T19:14:03+00:00,2021-01-16T19:14:03+00:00,58,58,1,1,21243,https://www.bestfightodds.com/events/ufc-on-abc-1-holloway-vs-kattar-2009
UFC on ABC 1: Holloway vs. Kattar,2021-01-16,Sarah Moras,Vanessa Melo,-190,165,-193,159,-193,159,2020-12-15T20:46:17+00:00,2020-12-15T20:46:17+00:00,2021-01-16T18:14:33+00:00,2021-01-16T18:14:33+00:00,59,59,1,1,21625,https://www.bestfightodds.com/events/ufc-on-abc-1-holloway-vs-kattar-2009
UFC on ABC 1: Holloway vs. Kattar,2021-01-16,David Zawada,Ramazan Emeev,180,-210,235,-295,235,-295,2020-12-15T20:40:14+00:00,2020-12-15T20:40:14+00:00,2021-01-16T18:44:08+00:00,2021-01-16T18:44:08+00:00,45,45,1,1,21596,https://www.bestfightodds.com/events/ufc-on-abc-1-holloway-vs-kattar-2009
UFC on ABC 1: Holloway vs. Kattar,2021-01-16,Austin Lingo,Jacob Kilburn,-265,225,-241,191,-241,191,2020-12-15T20:40:14+00:00,2020-12-15T20:40:14+00:00,2021-01-16T17:42:03+00:00,2021-01-16T17:42:03+00:00,49,49,1,1,21439,https://www.bestfightodds.com/events/ufc-on-abc-1-holloway-vs-kattar-2009
LFA 101: The Undefeated,2021-03-12,Jalin Fuller,Treston Vines,120,-150,145,-180,145,-180,2021-03-08T20:12:04+00:00,2021-03-08T20:12:04+00:00,2021-03-13T03:46:27+00:00,2021-03-13T03:46:27+00:00,31,31,1,1,22056,https://www.bestfightodds.com/events/lfa-101-the-undefeated-2101
LFA 101: The Undefeated,2021-03-12,Anthony Kalani,Tee Cummins,-200,160,-147,115,-147,115,2021-03-08T20:12:04+00:00,2021-03-08T20:12:04+00:00,2021-03-13T03:54:27+00:00,2021-03-13T03:54:27+00:00,19,19,1,1,22058,https://www.bestfightodds.com/events/lfa-101-the-undefeated-2101
LFA 101: The Undefeated,2021-03-12,A.J. Nichols,Miguel Jacob,200,-260,168,-215,168,-215,2021-03-08T20:12:04+00:00,2021-03-08T20:12:04+00:00,2021-03-13T02:32:08+00:00,2021-03-13T02:32:08+00:00,32,32,1,1,22059,https://www.bestfightodds.com/events/lfa-101-the-undefeated-2101
LFA 101: The Undefeated,2021-03-12,Jaqueline Amorim,Taisha Gandy,-400,300,-1509,817,-1509,817,2021-03-08T20:12:04+00:00,2021-03-08T20:12:04+00:00,2021-03-13T02:36:08+00:00,2021-03-13T02:36:08+00:00,19,19,1,1,22061,https://www.bestfightodds.com/events/lfa-101-the-undefeated-2101
LFA 101: The Undefeated,2021-03-12,Hunter Colvin,Obinwa Ikebunna,-500,375,-414,308,-414,308,2021-03-08T20:12:04+00:00,2021-03-08T20:12:04+00:00,2021-03-13T02:05:28+00:00,2021-03-13T02:05:28+00:00,34,34,1,1,22062,https://www.bestfightodds.com/events/lfa-101-the-undefeated-2101
LFA 101: The Undefeated,2021-03-12,Mark Climaco,Pololu Nakanelua,-205,165,-372,273,-372,273,2021-03-08T20:48:04+00:00,2021-03-08T20:48:04+00:00,2021-03-13T02:58:09+00:00,2021-03-13T02:58:09+00:00,20,20,1,1,22176,https://www.bestfightodds.com/events/lfa-101-the-undefeated-2101
LFA 101: The Undefeated,2021-03-12,Alden Coria,Rashaard Robinson,-245,195,-429,320,-429,320,2021-03-08T20:48:04+00:00,2021-03-08T20:48:04+00:00,2021-03-13T02:22:08+00:00,2021-03-13T02:22:08+00:00,25,25,1,1,22177,https://www.bestfightodds.com/events/lfa-101-the-undefeated-2101
