name,nickname,wins,losses,draws,height_cm,weight_in_kg,reach_in_cm,stance,date_of_birth,significant_strikes_landed_per_minute,significant_striking_accuracy,significant_strikes_absorbed_per_minute,significant_strike_defence,average_takedowns_landed_per_15_minutes,takedown_accuracy,takedown_defense,average_submissions_attempted_per_15_minutes
Tom Aaron,,5,3,0,,70.31,,,1978-07-13,0.0,0.0,0.0,0.0,0.0,0.0,0.0,0.0
Danny Abbadi,The Assassin,4,6,0,180.34,70.31,,Orthodox,1983-07-03,3.29,38.0,4.41,57.0,0.0,0.0,77.0,0.0
Nariman Abbasov,Bayraktar,28,4,0,172.72,70.31,167.64,Orthodox,1994-02-01,3.0,20.0,5.67,46.0,0.0,0.0,66.0,0.0
Darion Abbey,,9,5,0,187.96,120.2,203.2,Orthodox,1993-02-25,8.44,50.0,14.06,28.0,0.0,0.0,0.0,0.0
David Abbott,Tank,10,15,0,182.88,120.2,,Switch,1965-04-26,1.35,30.0,3.55,38.0,1.07,33.0,66.0,0.0
Hamdy Abdelwahab,The Hammer,7,1,01,187.96,120.2,182.88,Southpaw,1993-01-22,4.27,55.0,3.67,51.0,3.25,65.0,100.0,0.0
Farida Abdueva,,6,1,0,,52.16,,,2004-05-15,0.0,0.0,0.0,0.0,0.0,0.0,0.0,0.0
Mansur Abdul-Malik,,9,1,1,187.96,83.91,203.2,Orthodox,1997-10-07,3.28,44.0,4.49,46.0,1.65,41.0,83.0,0.3
Shamil Abdurakhimov,Abrek,20,8,0,190.5,106.59,193.04,Orthodox,1981-09-02,2.41,44.0,3.02,55.0,1.01,23.0,45.0,0.1
Hiroyuki Abe,Abe Ani,8,15,31,167.64,65.77,,Orthodox,1970-02-09,1.71,36.0,3.11,63.0,0.0,0.0,33.0,0.0
Daichi Abe,,6,2,0,180.34,77.11,180.34,Orthodox,1991-11-27,3.8,33.0,4.49,56.0,0.33,50.0,0.0,0.0
Papy Abedi,Makambo,10,4,0,180.34,83.91,,Southpaw,1978-06-30,2.8,55.0,3.15,48.0,3.47,57.0,50.0,1.3
Ricardo Abreu,Demente,5,1,0,180.34,83.91,,Orthodox,1984-04-27,3.79,31.0,3.98,68.0,2.13,42.0,100.0,0.7
Klidson Abreu,White Bear,15,4,01,182.88,92.99,187.96,Orthodox,1992-12-24,2.05,40.0,2.9,55.0,0.64,20.0,80.0,0.0
Cyborg Abreu,,0,0,0,,,,,1980-12-20,0.0,0.0,0.0,0.0,0.0,0.0,0.0,0.0
Daniel Acacio,,30,18,0,172.72,81.65,,Orthodox,1977-12-27,3.52,36.0,2.85,62.0,0.33,20.0,81.0,0.0
John Adajar,The Outlaw,6,2,0,175.26,77.11,190.5,Orthodox,1991-06-22,3.9,52.0,6.28,44.0,0.0,0.0,0.0,0.0
Scott Adams,,8,1,0,182.88,102.06,,Southpaw,,0.0,0.0,0.0,0.0,0.0,0.0,0.0,0.0
Juan Adams,The Kraken,5,3,0,195.58,120.2,203.2,Orthodox,1992-01-16,7.09,55.0,4.06,34.0,0.91,66.0,57.0,0.0
Anthony Adams,Sugafoot,8,2,0,185.42,83.91,193.04,Orthodox,1988-01-13,3.17,41.0,5.93,44.0,0.0,0.0,0.0,0.0
Zarrukh Adashev,The Lion,4,4,0,165.1,56.7,165.1,Southpaw,1992-07-29,3.65,40.0,3.04,64.0,0.0,0.0,100.0,0.5
Israel Adesanya,The Last Stylebender,24,6,0,193.04,83.91,203.2,Switch,1989-07-22,4.03,48.0,3.22,55.0,0.05,9.0,76.0,0.1
Sam Adkins,The Experience,7,20,2,190.5,102.06,,Orthodox,1965-04-26,0.0,0.0,0.0,0.0,0.0,0.0,0.0,0.0
Mohamed Ado,,5,1,0,180.34,77.11,193.04,Switch,2000-05-03,1.66,83.0,0.33,75.0,4.97,50.0,50.0,5.0
Nick Agallar,,24,6,0,172.72,70.31,,Orthodox,1979-01-13,0.69,11.0,4.56,42.0,0.0,0.0,0.0,0.0
Mariya Agapova,Money Mashka,10,5,0,167.64,56.7,172.72,Southpaw,1997-04-07,4.43,54.0,3.62,52.0,0.55,66.0,45.0,0.8
Kantharaj Agasa,Kannadiga,12,3,0,,61.23,,,1992-02-16,0.0,0.0,0.0,0.0,0.0,0.0,0.0,0.0
Marcelo Aguiar,,2,3,1,177.8,77.11,,Orthodox,1969-01-20,0.0,0.0,0.0,0.0,0.0,0.0,0.0,0.0
Fabio Aguiar,,17,1,0,182.88,83.91,,,1988-02-10,0.0,0.0,0.0,0.0,0.0,0.0,0.0,0.0
Edwin Aguilar,Tigre,26,19,01,177.8,83.91,,,1972-01-01,0.0,0.0,0.0,0.0,0.0,0.0,0.0,0.0
Jessica Aguilar,Jag,20,8,0,160.02,52.16,160.02,Orthodox,1982-05-08,4.93,50.0,7.19,53.0,0.94,25.0,50.0,0.2
Kevin Aguilar,Angel of Death,17,5,0,170.18,70.31,185.42,Orthodox,1988-09-07,3.96,40.0,4.81,52.0,0.16,16.0,78.0,0.0
Jesus Aguilar,,12,4,0,162.56,56.7,157.48,Orthodox,1996-03-13,2.54,38.0,2.29,61.0,1.52,29.0,45.0,1.1
Christian Aguilera,The Beast,14,8,0,175.26,77.11,182.88,Switch,1991-11-25,2.54,37.0,4.04,48.0,0.0,0.0,60.0,0.0
Nick Aguirre,Slick,7,2,0,175.26,61.23,187.96,Southpaw,1996-01-15,0.73,33.0,2.89,45.0,1.16,20.0,33.0,0.6
Agulali,,13,2,0,175.26,56.7,170.18,Switch,2005-04-07,2.74,60.0,2.19,59.0,0.0,0.0,100.0,0.0
Ahejiang Ailinuer,,15,3,0,,65.77,,,,0.0,0.0,0.0,0.0,0.0,0.0,0.0,0.0
Mike Aina,Iron,14,6,11,175.26,70.31,,Orthodox,1980-12-25,2.87,33.0,6.33,59.0,0.0,0.0,71.0,0.0
Ashiek Ajim,Peak Physique,6,2,0,172.72,61.23,180.34,Switch,1994-06-19,5.0,40.0,11.25,25.0,0.0,0.0,0.0,0.0
Hitomi Akano,Girlfight Monster,18,10,0,162.56,61.23,,Southpaw,1974-07-27,0.59,45.0,2.58,55.0,0.0,0.0,8.0,0.5
Omari Akhmedov,Wolverine,21,6,1,182.88,83.91,185.42,Orthodox,1987-10-12,2.97,34.0,2.84,55.0,2.58,45.0,65.0,0.2
Yoshihiro Akiyama,,14,6,02,177.8,77.11,190.5,Orthodox,1975-07-29,3.1,41.0,3.62,57.0,2.29,67.0,92.0,1.0
Rostem Akman,,6,2,0,177.8,77.11,182.88,Switch,1991-12-19,1.8,25.0,3.97,57.0,1.0,40.0,87.0,0.0
Razak Al-Hassan,,13,5,0,187.96,92.99,,Orthodox,1982-05-14,3.27,39.0,3.14,60.0,0.65,14.0,57.0,0.0
Abdul-Kareem Al-Selwady,Pride of Palestine,16,4,0,172.72,70.31,175.26,Orthodox,1995-04-10,4.61,41.0,3.43,60.0,1.47,23.0,54.0,0.0
Mostapha Al-Turk,,6,6,0,187.96,111.13,195.58,Orthodox,1973-07-14,1.36,19.0,3.61,53.0,0.0,0.0,0.0,0.0
Herdem Alacabek,,5,1,0,187.96,92.99,190.5,Orthodox,1991-06-07,3.84,65.0,6.66,23.0,2.06,50.0,42.0,0.0
Javi Alanis,,0,4,0,167.64,61.23,,,,0.0,0.0,0.0,0.0,0.0,0.0,0.0,0.0
Alatengheili,The Mongolian Knight,17,10,2,165.1,61.23,167.64,Orthodox,1991-12-14,2.82,32.0,5.12,57.0,1.74,43.0,75.0,0.0
Amir Albazi,The Prince,17,3,0,165.1,56.7,172.72,Orthodox,1993-10-27,2.47,33.0,3.88,59.0,1.18,25.0,62.0,0.4
Brett Albee,,3,2,0,,102.06,,,,0.0,0.0,0.0,0.0,0.0,0.0,0.0,0.0
John Albert,Prince,6,5,0,172.72,61.23,172.72,Orthodox,1986-10-13,3.05,49.0,2.82,35.0,0.0,0.0,50.0,6.1
Junior Albini,Baby,14,6,0,190.5,119.75,187.96,Orthodox,1991-03-15,3.98,51.0,6.08,52.0,1.54,37.0,100.0,0.0
Wes Albritton,,0,1,0,177.8,85.28,,Orthodox,,0.0,0.0,0.0,0.0,0.0,0.0,0.0,0.0
Aleksandra Albu,Stitch,3,2,0,157.48,52.16,160.02,Orthodox,1990-07-14,4.83,47.0,5.56,38.0,2.27,50.0,77.0,0.4
Israel Albuquerque,,0,3,0,,83.91,,Orthodox,,0.32,13.0,3.34,25.0,0.0,0.0,0.0,0.0
Juan Alcain,,1,2,0,,,,,,0.0,0.0,0.0,0.0,0.0,0.0,0.0,0.0
Iuri Alcantara,Marajo,35,10,01,175.26,61.23,180.34,Southpaw,1980-08-04,2.72,45.0,2.79,49.0,1.44,62.0,60.0,0.8
Ildemar Alcantara,Marajo,21,11,0,187.96,83.91,198.12,Orthodox,1982-11-18,1.93,38.0,2.63,50.0,2.0,68.0,81.0,0.9
Alfonso Alcarez,,1,3,1,160.02,65.77,,,1970-06-10,0.0,0.0,0.0,0.0,0.0,0.0,0.0,0.0
Gilbert Aldana,El Peligro,6,2,0,185.42,113.4,,Orthodox,1977-08-25,2.91,54.0,6.26,26.0,2.57,40.0,33.0,0.0
Irene Aldana,,15,8,0,175.26,61.23,172.72,Orthodox,1988-03-26,5.19,39.0,6.64,56.0,0.15,50.0,77.0,0.2
Hector Aldana,,4,3,0,180.34,77.11,182.88,Orthodox,1988-08-17,3.59,38.0,5.08,59.0,0.93,100.0,0.0,0.0
Jose Alday,Pochito,14,6,1,170.18,61.23,172.72,Orthodox,1991-09-14,3.13,44.0,3.13,58.0,0.0,0.0,57.0,0.0
Jose Aldo,,32,10,0,170.18,61.23,177.8,Orthodox,1986-09-09,3.65,46.0,3.81,60.0,0.47,51.0,92.0,0.1
JJ Aldrich,,15,7,0,165.1,56.7,170.18,Southpaw,1992-09-29,3.92,46.0,4.34,61.0,0.7,25.0,67.0,0.0
Irina Alekseeva,Russian Ronda,5,4,0,172.72,61.23,170.18,Orthodox,1990-06-27,3.42,38.0,5.02,45.0,0.38,20.0,50.0,0.4
Talita Alencar,Problem Child,8,1,1,154.94,52.16,147.32,Orthodox,1990-10-17,3.09,36.0,3.67,51.0,3.01,29.0,66.0,0.5
Jim Alers,The Beast,13,3,01,175.26,65.77,180.34,Orthodox,1986-10-14,2.9,40.0,4.38,56.0,2.26,41.0,80.0,0.3
John Alessio,The Natural,35,17,02,177.8,70.31,182.88,Orthodox,1979-07-05,2.1,39.0,2.91,54.0,1.85,38.0,70.0,1.2
Houston Alexander,The Assassin,17,15,12,182.88,92.99,182.88,Orthodox,1972-03-22,3.06,54.0,3.2,52.0,1.19,57.0,33.0,0.0
Kenneth Alexander,The Machine,7,6,01,175.26,70.31,,Orthodox,1977-09-25,0.88,19.0,2.2,66.0,4.71,26.0,0.0,0.0
Lucas Alexander,The Lion,8,5,0,180.34,65.77,185.42,Orthodox,1995-07-28,4.69,57.0,2.87,56.0,0.0,0.0,60.0,0.0
Marcio Alexandre Junior,Lyoto,17,4,0,182.88,83.91,190.5,Southpaw,1989-05-05,1.61,45.0,2.89,42.0,0.35,20.0,66.0,0.7
Olaf Alfonso,,8,12,0,187.96,77.11,,Orthodox,1974-08-06,1.65,38.0,4.77,53.0,0.37,7.0,22.0,0.7
Pablo Alfonso,The Hurricane,9,7,0,172.72,65.77,,,1983-05-09,0.0,0.0,0.0,0.0,0.0,0.0,0.0,0.0
Levi Alford,,1,7,0,,,,,,0.0,0.0,0.0,0.0,0.0,0.0,0.0,0.0
Bill Algeo,Senor Perfecto,18,9,0,182.88,65.77,185.42,Switch,1989-06-09,5.88,51.0,4.38,47.0,1.03,50.0,55.0,0.1
Royce Alger,,3,2,0,177.8,90.26,,Orthodox,1965-03-06,0.0,0.0,0.0,0.0,0.0,0.0,0.0,0.0
Amir Aliakbari,,10,1,0,190.5,113.4,,,1984-06-10,0.0,0.0,0.0,0.0,0.0,0.0,0.0,0.0
Sultan Aliev,,15,3,0,180.34,77.11,187.96,Orthodox,1984-09-17,1.41,45.0,2.2,56.0,1.76,38.0,100.0,0.0
Nurullo Aliev,Tajik Eagle,11,0,0,177.8,70.31,182.88,Orthodox,2000-12-08,2.72,44.0,1.63,58.0,2.12,43.0,80.0,0.3
Kimbert Alintozon,The Hunter,7,3,0,,61.23,,,1999-01-21,0.0,0.0,0.0,0.0,0.0,0.0,0.0,0.0
Ikram Aliskerov,,17,2,0,182.88,83.91,193.04,Southpaw,1992-12-07,6.86,64.0,5.47,41.0,3.2,60.0,100.0,0.5
Leon Aliu,The Albanian Lion,10,2,0,182.88,83.91,187.96,Orthodox,1989-07-14,6.32,50.0,10.11,38.0,0.0,0.0,0.0,0.0
John Allan,,13,7,01,185.42,92.99,190.5,Orthodox,1993-02-22,3.56,42.0,5.74,52.0,1.4,71.0,50.0,0.8
George Allen,,13,19,2,187.96,92.99,,Open Stance,1967-01-13,0.8,38.0,3.1,43.0,0.0,0.0,50.0,0.0
Arnold Allen,Almighty,20,4,0,172.72,65.77,177.8,Southpaw,1994-01-22,3.47,42.0,3.04,60.0,0.86,47.0,71.0,0.3
Brendan Allen,All In,26,7,0,187.96,83.91,190.5,Orthodox,1995-12-28,3.59,53.0,3.62,47.0,1.56,42.0,56.0,1.1
Daniel Allen,,5,0,0,182.88,70.31,190.5,Southpaw,1992-08-10,7.6,51.0,5.87,53.0,2.0,66.0,100.0,0.0
Ben Alloway,Blanco,18,8,0,180.34,77.11,193.04,Orthodox,1981-02-19,1.28,49.0,1.9,59.0,0.62,50.0,26.0,0.0
Asu Almabayev,Zulfikar,23,3,0,162.56,56.7,165.1,Orthodox,1994-01-25,2.31,50.0,1.99,53.0,4.46,42.0,44.0,1.5
Bekzat Almakhan,The Turan Warrior,12,3,0,170.18,61.23,172.72,Orthodox,1997-10-08,1.61,34.0,3.73,36.0,0.0,0.0,41.0,0.0
John Dave Almanza,The Striker,6,1,0,170.18,56.7,170.18,Southpaw,2004-03-22,1.92,41.0,5.75,27.0,0.0,0.0,0.0,0.0
Ricardo Almeida,Big Dog,13,5,0,182.88,77.11,187.96,Orthodox,1976-11-29,2.02,49.0,1.2,61.0,3.74,38.0,31.0,1.2
Magno Almeida,,10,3,01,182.88,70.31,,,1985-06-06,1.67,36.0,2.6,41.0,0.0,0.0,40.0,5.0
Thomas Almeida,Thominhas,22,5,0,170.18,65.77,177.8,Southpaw,1991-07-31,4.84,43.0,4.93,61.0,0.17,14.0,75.0,0.0
Ericka Almeida,,7,3,0,167.64,52.16,,Orthodox,1989-03-05,1.07,39.0,3.33,43.0,0.5,33.0,37.0,0.0
Estefani Almeida,,7,3,0,162.56,56.7,,Orthodox,1988-10-17,3.13,37.0,6.07,42.0,0.0,0.0,0.0,0.0
Jailton Almeida,Malhadinho,22,5,0,190.5,102.06,200.66,Orthodox,1991-06-26,2.23,62.0,1.3,43.0,5.64,55.0,60.0,1.7
Lucas Almeida,,15,5,0,180.34,65.77,180.34,Orthodox,1991-01-31,4.94,39.0,5.36,44.0,0.0,0.0,53.0,0.0
Cesar Almeida,Cesinha,7,2,0,185.42,83.91,187.96,Orthodox,1988-03-28,3.46,58.0,2.03,46.0,0.0,0.0,52.0,0.2
Mauricio Alonso,,13,7,01,187.96,77.11,,,1980-02-27,5.74,34.0,1.91,67.0,0.0,0.0,0.0,0.0
Sarah Alpar,Too Sweet,9,6,0,162.56,61.23,160.02,Southpaw,1991-06-01,2.36,44.0,6.06,38.0,1.61,26.0,20.0,0.4
Ali AlQaisi,The Royal Fighter,8,5,0,167.64,61.23,172.72,Orthodox,1990-09-23,2.43,42.0,1.97,56.0,3.5,29.0,60.0,1.0
Rico Altamirano,,4,3,0,177.8,77.11,,,,0.0,0.0,0.0,0.0,0.0,0.0,0.0,0.0
Victor Altamirano,El Magnifico,12,5,0,172.72,56.7,177.8,Switch,1991-01-23,4.58,53.0,3.82,53.0,2.88,38.0,63.0,0.0
Mike Altman,,1,4,0,177.8,83.91,,Orthodox,,1.56,20.0,2.08,75.0,0.0,0.0,0.0,0.0
Patricia Alujas,The Angel,9,3,0,162.56,52.16,162.56,Orthodox,1996-05-08,5.83,31.0,9.25,44.0,0.0,0.0,0.0,0.0
Sean Alvarez,,4,3,0,182.88,106.59,,Orthodox,1971-07-14,0.89,37.0,3.25,47.0,0.0,0.0,0.0,0.0
Eddie Alvarez,,29,6,01,175.26,70.31,175.26,Orthodox,1984-01-11,4.32,41.0,4.39,55.0,2.92,36.0,92.0,0.5
Jaime Alvarez,,6,1,0,172.72,56.7,175.26,Orthodox,1988-03-08,2.73,40.0,4.53,56.0,1.0,33.0,50.0,0.0
Joel Alvarez,El Fenomeno,23,3,0,190.5,77.11,195.58,Orthodox,1993-03-02,4.78,55.0,3.07,54.0,0.19,33.0,47.0,1.1
Thiago Alves,Pitbull,23,15,0,175.26,77.11,177.8,Orthodox,1983-10-03,3.73,41.0,3.42,62.0,0.71,60.0,63.0,0.3
Anthony Alves,,1,4,0,,,,,,0.0,0.0,0.0,0.0,0.0,0.0,0.0,0.0
Amilcar Alves,,15,12,0,182.88,77.11,,Southpaw,1988-08-08,0.5,46.0,2.02,30.0,0.0,0.0,53.0,0.0
Warlley Alves,,15,8,0,180.34,83.91,182.88,Orthodox,1991-01-04,3.04,48.0,3.95,50.0,1.22,50.0,62.0,0.8
Rafael Alves,The Turn,20,12,0,172.72,70.31,172.72,Orthodox,1990-11-14,1.85,48.0,3.3,58.0,0.29,25.0,44.0,1.5
Sam Alvey,Smile'N,33,18,11,187.96,83.91,190.5,Southpaw,1986-05-06,3.28,44.0,3.63,52.0,0.06,14.0,82.0,0.1
Christopher Alvidrez,The Newborn,7,1,0,182.88,77.11,187.96,Orthodox,1996-12-27,6.97,62.0,2.11,50.0,0.0,0.0,100.0,0.0
Mahamed Aly,,4,1,0,187.96,92.99,198.12,Orthodox,1994-01-11,6.0,66.0,12.0,33.0,0.0,0.0,0.0,0.0
Andre Amado,Dida,6,4,1,182.88,69.85,,Orthodox,1983-10-09,2.27,24.0,5.91,63.0,0.0,0.0,20.0,0.0
Adlan Amagov,Borz,14,2,1,187.96,77.11,193.04,Orthodox,1986-10-30,3.29,47.0,0.82,78.0,5.84,56.0,100.0,0.0
Maiara Amanajas dos Santos,,7,3,0,165.1,52.16,,Southpaw,1987-07-11,5.53,35.0,24.47,33.0,0.0,0.0,100.0,0.0
Chris Amarante,,2,0,0,,83.91,,,,0.0,0.0,0.0,0.0,0.0,0.0,0.0,0.0
Jimmy Ambriz,The Titan,17,21,1,187.96,142.88,,Southpaw,1970-01-26,0.83,29.0,3.76,40.0,3.13,57.0,100.0,0.8
JJ Ambrose,,28,7,02,177.8,77.11,,Orthodox,1987-02-06,3.16,69.0,6.32,33.0,0.0,0.0,50.0,0.0
Alen Amedovski,,8,4,0,177.8,83.91,187.96,Orthodox,1988-04-06,0.99,30.0,3.85,46.0,0.0,0.0,0.0,0.0
Hyder Amil,The Hurricane,11,2,0,175.26,65.77,177.8,Switch,1990-05-28,5.81,52.0,3.95,51.0,0.56,18.0,65.0,0.8
Hamid Amiri,The Storm,9,0,0,,65.77,,,2003-06-15,0.0,0.0,0.0,0.0,0.0,0.0,0.0,0.0
Makwan Amirkhani,Mr. Finland,17,9,0,177.8,65.77,182.88,Southpaw,1988-11-08,1.33,44.0,2.98,46.0,3.96,43.0,35.0,1.1
Jaqueline Amorim,,10,2,0,160.02,52.16,172.72,Orthodox,1995-06-24,2.43,50.0,2.16,54.0,2.16,36.0,0.0,3.8
Yaroslav Amosov,,29,1,0,182.88,77.11,190.5,Orthodox,1993-09-09,2.78,47.0,1.55,54.0,4.64,50.0,0.0,4.6
Bertrand Amoussou,,1,1,0,172.72,86.18,,Orthodox,1966-05-28,6.75,39.0,2.01,83.0,0.0,0.0,0.0,0.0
Karl Amoussou,The Psycho,27,7,2,180.34,83.91,,Orthodox,1985-11-21,1.47,34.0,2.67,54.0,0.0,0.0,25.0,1.0
Eryk Anders,Ya Boi,18,9,01,185.42,83.91,190.5,Southpaw,1987-04-21,3.44,47.0,4.03,50.0,1.83,25.0,80.0,0.1
Matt Andersen,,14,8,1,187.96,104.33,,Southpaw,1971-05-29,0.0,0.0,0.0,0.0,0.0,0.0,0.0,0.0
Andy Anderson,The Hammer,0,1,0,167.64,108.86,,,1974-07-16,0.0,0.0,0.0,0.0,0.0,0.0,0.0,0.0
Lowell Anderson,,0,1,0,167.64,72.57,,Orthodox,,0.0,0.0,0.0,0.0,0.0,0.0,0.0,0.0
Corey Anderson,Overtime,14,5,0,190.5,92.99,200.66,Orthodox,1989-09-22,4.43,46.0,2.22,59.0,4.89,50.0,83.0,0.0
Derek Anderson,Barbaric,14,3,01,182.88,70.31,,,1990-02-02,3.97,37.0,3.08,61.0,0.34,14.0,60.0,0.0
Megan Anderson,,11,5,0,182.88,65.77,182.88,Orthodox,1990-02-11,1.76,46.0,3.35,37.0,0.52,25.0,53.0,0.5
Liam Anderson,,6,3,0,190.5,83.91,190.5,Orthodox,1995-01-13,3.0,52.0,6.53,31.0,1.0,20.0,50.0,0.0
Tatsuya Ando,Kirinji,14,4,1,162.56,65.77,172.72,Southpaw,1990-04-26,0.93,19.0,4.93,50.0,0.0,0.0,0.0,0.0
Alex Andrade,El Toro,10,5,0,180.34,90.72,,Orthodox,1974-05-14,0.2,36.0,2.6,53.0,0.0,0.0,25.0,0.8
Jessica Andrade,Bate Estaca,26,15,0,154.94,52.16,157.48,Orthodox,1991-09-25,6.37,48.0,5.58,54.0,2.1,54.0,75.0,0.3
Viscardi Andrade,,19,6,0,180.34,77.11,190.5,Orthodox,1984-03-08,3.26,42.0,2.77,63.0,1.93,50.0,66.0,0.3
Jermaine Andre,,14,4,0,170.18,90.72,,Orthodox,1973-07-16,0.0,0.0,0.0,0.0,0.0,0.0,0.0,0.0
Fellipe Andrew,,0,0,0,,,,,1994-10-24,0.0,0.0,0.0,0.0,0.0,0.0,0.0,0.0
Dylan Andrews,The Villain,18,7,01,185.42,83.91,187.96,Switch,1979-11-15,2.21,50.0,2.72,46.0,2.83,50.0,57.0,0.4
Reese Andy,Riptide,7,3,0,182.88,92.99,,Orthodox,1973-03-31,2.87,50.0,3.5,58.0,0.67,20.0,40.0,0.0
Angga,The Hitman,13,3,0,170.18,65.77,172.72,Orthodox,1989-01-13,3.56,38.0,3.77,53.0,0.0,0.0,33.0,0.0
Julius Anglickas,,5,1,0,190.5,92.99,,Orthodox,1991-07-23,4.62,78.0,1.86,50.0,4.47,50.0,60.0,1.1
Collin Anglin,,8,3,0,175.26,65.77,180.34,Orthodox,1993-02-20,4.59,48.0,5.54,51.0,2.28,66.0,100.0,0.0
Chad Anheliger,The Monster,13,8,0,167.64,61.23,162.56,Orthodox,1986-12-01,3.11,46.0,2.76,53.0,0.68,30.0,38.0,0.5
Yoji Anjo,Mr. 200%,0,5,1,180.34,92.99,,Orthodox,1967-03-28,0.0,0.0,3.13,25.0,0.0,0.0,0.0,0.0
Magomed Ankalaev,,21,2,11,190.5,92.99,190.5,Orthodox,1992-06-02,3.65,52.0,2.59,56.0,0.79,22.0,87.0,0.0
Gadzhimurad Antigulov,,20,8,0,180.34,92.99,177.8,Orthodox,1987-02-09,2.08,55.0,4.21,40.0,5.08,36.0,0.0,1.4
Adam Antolin,Captain Chaos,12,3,0,165.1,56.7,160.02,Orthodox,1982-02-28,5.73,52.0,5.0,69.0,0.0,0.0,100.0,0.0
Angelo Antonio,,1,4,0,,92.99,,Orthodox,1998-10-04,1.09,50.0,7.64,50.0,0.0,0.0,0.0,0.0
Vanilto Antunes,,16,7,0,182.88,77.11,182.88,Orthodox,1994-12-28,5.49,48.0,14.27,43.0,0.0,0.0,0.0,0.0
Azunna Anyanwu,Zulu,14,5,0,185.42,113.85,,Orthodox,1981-08-05,2.47,42.0,2.47,69.0,0.65,100.0,0.0,0.0
Shinsho Anzai,Animal,10,3,0,170.18,77.11,177.8,Orthodox,1985-12-01,3.23,58.0,3.75,45.0,1.83,16.0,75.0,0.0
Jin Aoi,,14,6,1,167.64,65.77,172.72,Orthodox,1997-01-21,1.6,29.0,5.8,51.0,0.0,0.0,71.0,0.0
Shinya Aoki,Tobikan Judan,39,7,01,180.34,69.85,,Southpaw,1983-05-09,0.97,58.0,1.25,58.0,2.54,41.0,60.0,4.0
Aoriqileng,The Mongolian Murderer,26,12,01,170.18,61.23,175.26,Orthodox,1993-06-25,4.69,49.0,5.47,48.0,1.2,46.0,58.0,0.0
Josh Appelt,,15,7,0,177.8,115.67,,Southpaw,1983-06-19,1.35,40.0,11.5,32.0,0.0,0.0,33.0,0.0
Erik Apple,,10,3,0,182.88,77.11,,Orthodox,1977-08-26,0.0,0.0,0.54,81.0,0.0,0.0,0.0,8.1
Kenji Arai,,15,15,5,177.8,65.77,,Southpaw,1979-10-05,8.79,27.0,10.29,39.0,0.0,0.0,0.0,0.0
Romie Aram,,7,1,0,177.8,77.11,,Orthodox,1977-12-02,1.8,35.0,2.83,50.0,2.5,62.0,83.0,0.0
Felipe Arantes,Sertanejo,18,10,12,172.72,61.23,185.42,Orthodox,1988-02-09,2.37,45.0,2.66,64.0,0.93,47.0,41.0,0.7
Igor Araujo,,25,9,01,185.42,77.11,195.58,Orthodox,1980-12-06,1.52,42.0,2.86,49.0,0.86,15.0,22.0,0.6
Viviane Araujo,Vivi,13,7,0,162.56,56.7,172.72,Orthodox,1986-11-21,3.84,47.0,4.83,55.0,1.72,43.0,75.0,0.6
Julio Arce,,19,6,0,170.18,65.77,177.8,Southpaw,1989-10-27,4.36,36.0,3.05,68.0,0.46,28.0,96.0,0.3
Art Arciniega,King Arthur,15,7,0,172.72,65.77,,,1981-10-15,1.53,46.0,2.73,51.0,0.0,0.0,50.0,1.0
Alice Ardelean,,11,7,0,160.02,52.16,157.48,Orthodox,1992-04-19,7.35,45.0,5.2,62.0,1.0,44.0,85.0,0.0
Tristan Arenal,,7,4,0,,70.31,,,1985-03-06,0.0,0.0,0.0,0.0,0.0,0.0,0.0,0.0
Gabriel Arges,,0,0,0,,77.11,,,1993-01-29,0.0,0.0,0.0,0.0,0.0,0.0,0.0,0.0
Dan Argueta,The Determined,9,3,02,170.18,61.23,172.72,Southpaw,1993-08-13,2.48,43.0,3.44,50.0,4.36,35.0,55.0,1.4
Reza Arianto,The Crazy Lion,5,0,0,,70.31,,,,0.0,0.0,0.0,0.0,0.0,0.0,0.0,0.0
Ryoga Arimoto,,10,1,2,,56.7,,,1998-12-07,0.0,0.0,0.0,0.0,0.0,0.0,0.0,0.0
Hashem Arkhagha,,6,1,0,187.96,83.91,190.5,Orthodox,1989-09-11,1.84,44.0,8.97,43.0,0.0,0.0,50.0,0.0
Andrei Arlovski,The Pitbull,34,24,02,190.5,108.86,195.58,Orthodox,1979-02-04,3.82,45.0,3.22,57.0,0.37,35.0,76.0,0.2
Garrett Armfield,,10,5,0,167.64,61.23,177.8,Orthodox,1996-10-09,5.35,53.0,3.64,56.0,1.1,50.0,64.0,0.6
Joey Armstrong,,5,2,0,,,,,,0.0,0.0,0.0,0.0,0.0,0.0,0.0,0.0
Austin Arnett,,16,6,0,182.88,65.77,182.88,Orthodox,1991-10-22,4.52,41.0,6.38,62.0,0.44,18.0,57.0,0.2
Ricardo Arona,The Brazilian Tiger,14,5,0,180.34,92.99,,Orthodox,1978-07-17,1.66,48.0,1.15,57.0,2.41,48.0,58.0,1.2
Eli Aronov,The Israeli Tank,6,1,0,177.8,83.91,182.88,Orthodox,1996-06-06,8.92,68.0,6.49,38.0,12.16,100.0,0.0,0.0
Chalid Arrab,Die Faust,7,3,0,180.34,92.99,,Orthodox,1975-05-28,1.56,34.0,1.63,56.0,3.05,75.0,37.0,1.0
Akbarh Arreola,El Caballero,23,11,1,177.8,70.31,180.34,Southpaw,1983-01-14,2.32,45.0,4.01,56.0,1.07,100.0,33.0,0.4
Matt Arroyo,No Regard,3,3,0,177.8,77.11,182.88,Orthodox,1982-09-01,1.62,47.0,2.01,58.0,2.12,36.0,100.0,5.3
Antonio Arroyo,,9,5,0,190.5,83.91,185.42,Orthodox,1989-07-01,2.82,66.0,2.02,50.0,1.14,41.0,41.0,0.2
Gilles Arsene,,1,1,0,175.26,86.18,,Southpaw,1970-12-23,0.06,10.0,2.45,32.0,0.0,0.0,0.0,0.0
Veta Arteaga,,3,1,0,170.18,56.7,,,,3.2,36.0,1.92,65.0,0.0,0.0,40.0,0.0
Cesar Arzamendia,Goku,8,3,0,180.34,70.31,,Orthodox,1991-01-31,5.37,45.0,5.2,56.0,7.32,75.0,0.0,2.4
Kai Asakura,,21,6,0,172.72,61.23,175.26,Orthodox,1993-10-31,2.27,32.0,3.53,52.0,0.0,0.0,50.0,0.0
Teddy Ash,Bear,14,5,0,185.42,83.91,185.42,Switch,1989-12-27,7.27,61.0,6.8,28.0,0.0,0.0,100.0,0.0
Arman Ashimov,Mustafa Ozturik,11,3,1,167.64,56.7,,,1992-01-14,0.0,0.0,0.0,0.0,0.0,0.0,0.0,0.0
Yanal Ashmouz,Red Fox,8,2,0,175.26,70.31,175.26,Orthodox,1995-03-31,2.88,50.0,4.78,50.0,3.24,38.0,64.0,0.0
Asjabharan,,7,6,0,167.64,61.23,,,1992-07-31,0.0,0.0,0.0,0.0,0.0,0.0,0.0,0.0
Askar Askar,AK-47,11,1,0,170.18,65.77,175.26,Orthodox,1994-08-19,0.0,0.0,0.0,0.0,0.0,0.0,0.0,0.0
Askar Askarov,Bullet,14,1,1,167.64,56.7,170.18,Orthodox,1992-10-09,3.05,54.0,2.8,57.0,2.6,24.0,66.0,0.4
Cyril Asker,Silverback,9,4,0,182.88,112.04,187.96,Orthodox,1985-12-24,3.35,39.0,5.82,35.0,4.41,62.0,100.0,0.9
Khusein Askhabov,Nohcho,23,1,0,172.72,65.77,175.26,Orthodox,1995-02-13,2.0,26.0,4.13,56.0,0.0,0.0,66.0,0.0
Scott Askham,,14,4,0,190.5,83.91,190.5,Southpaw,1988-05-20,3.03,46.0,3.52,52.0,0.44,18.0,65.0,0.7
Ben Askren,Funky,19,2,01,180.34,77.11,185.42,Orthodox,1984-07-18,3.64,49.0,5.66,36.0,4.33,55.0,0.0,0.9
Ibo Aslan,The Last Ottoman,14,4,0,190.5,92.99,195.58,Orthodox,1996-04-23,5.75,48.0,3.96,56.0,0.0,0.0,87.0,0.0
Tom Aspinall,,15,3,01,195.58,115.67,198.12,Orthodox,1993-04-11,7.63,67.0,3.62,56.0,2.62,80.0,100.0,1.3
Steven Asplund,Concrete,7,2,0,195.58,117.93,198.12,Orthodox,1998-07-16,10.05,51.0,6.64,50.0,0.0,0.0,100.0,0.0
Bruno Assis,Brunao,8,4,0,187.96,83.91,,Orthodox,1992-05-23,1.27,43.0,3.2,36.0,2.0,50.0,66.0,1.0
Junior Assuncao,,16,6,0,175.26,65.77,182.88,Orthodox,1981-06-24,3.31,62.0,2.06,44.0,2.43,24.0,66.0,0.7
Raphael Assuncao,,28,10,0,165.1,61.23,167.64,Orthodox,1982-07-19,3.22,42.0,2.5,66.0,1.65,39.0,78.0,0.2
Michael Aswell Jr.,The Texas Kid,11,4,0,172.72,65.77,175.26,Orthodox,2000-09-27,7.79,42.0,7.43,51.0,0.32,100.0,57.0,0.0
Bazigit Atajev,Volk,17,1,0,185.42,104.33,,Orthodox,1979-03-12,0.87,41.0,3.14,49.0,1.0,33.0,0.0,0.0
Rich Attonito,The Raging Bull,10,5,0,177.8,77.11,182.88,Orthodox,1977-06-16,2.28,47.0,2.13,59.0,0.74,37.0,75.0,0.0
Olivier Aubin-Mercier,The Canadian Gangster,11,5,0,175.26,70.31,177.8,Southpaw,1989-02-23,2.48,51.0,2.97,55.0,2.36,33.0,70.0,0.5
Pat Audinwood,Awesomely Awesome,11,2,1,182.88,70.31,,Orthodox,1986-04-16,1.17,12.0,4.31,41.0,0.8,50.0,0.0,0.0
Jose Augusto,Gugu,6,2,01,190.5,113.85,,,1992-03-28,0.0,0.0,0.0,0.0,0.0,0.0,0.0,0.0
Marcus Aurelio,Maximus,22,10,0,177.8,70.31,187.96,Orthodox,1973-08-18,1.42,33.0,2.27,59.0,1.69,27.0,27.0,1.3
David Avellan,,2,1,0,175.26,83.91,,Orthodox,1981-07-07,3.33,25.0,10.0,57.0,0.0,0.0,0.0,0.0
Blas Avena,The Disciple,8,7,01,182.88,77.11,187.96,Orthodox,1983-06-30,2.34,47.0,3.36,43.0,2.37,80.0,50.0,1.8
Levi Avera,,18,15,0,185.42,77.11,,,1982-05-17,0.0,0.0,0.0,0.0,0.0,0.0,0.0,0.0
Anthony Avila,,13,5,0,170.18,65.77,,,1988-12-29,0.0,0.0,0.0,0.0,0.0,0.0,0.0,0.0
Chris Avila,,5,4,0,177.8,65.77,,Orthodox,1993-01-16,2.37,30.0,4.17,48.0,0.0,0.0,46.0,0.0
Julia Avila,Raging Panda,9,4,0,170.18,61.23,172.72,Orthodox,1988-05-11,2.81,42.0,3.28,55.0,0.63,37.0,52.0,0.2
Saad Awad,Assassin,20,9,0,180.34,70.31,,,1983-06-07,2.13,26.0,1.87,60.0,0.5,16.0,100.0,0.5
Javy Ayala,Eye Candy,10,5,0,185.42,120.2,,,1988-08-20,0.83,25.0,5.0,33.0,0.0,0.0,0.0,0.0
Jessin Ayari,,16,6,0,182.88,70.31,185.42,Orthodox,1992-05-31,3.53,37.0,3.59,58.0,0.0,0.0,50.0,0.3
Abu Azaitar,Captain Morocco,14,4,1,175.26,83.91,193.04,Orthodox,1986-03-10,4.38,43.0,4.32,51.0,1.0,37.0,42.0,0.0
Ottman Azaitar,Bulldozer,13,3,0,172.72,70.31,180.34,Switch,1990-02-20,4.43,44.0,4.11,52.0,0.0,0.0,100.0,0.0
Luiz Azeredo,,15,10,0,175.26,69.85,,Orthodox,1976-06-10,2.16,39.0,2.76,57.0,1.07,50.0,45.0,0.3
Luciano Azevedo,,17,9,1,190.5,73.03,,Orthodox,1981-06-25,0.76,45.0,1.97,27.0,2.28,11.0,0.0,0.0
Hunter Azure,,9,2,0,172.72,65.77,175.26,Orthodox,1992-03-02,3.92,53.0,2.08,58.0,1.97,34.0,67.0,1.3
Niklas Backstrom,,11,3,01,185.42,65.77,,Orthodox,1989-08-22,1.12,41.0,3.65,40.0,2.92,80.0,72.0,2.2
Seth Baczynski,The Polish Pistola,20,14,0,190.5,77.11,190.5,Orthodox,1981-10-26,3.08,31.0,3.14,51.0,0.89,16.0,48.0,0.8
Abdul Azeem Badakhshi,The Afghan Lion,13,3,0,,65.77,,,,0.0,0.0,0.0,0.0,0.0,0.0,0.0,0.0
Ryan Bader,Darth,23,5,0,187.96,92.99,187.96,Orthodox,1983-06-07,2.82,43.0,1.39,71.0,3.37,44.0,80.0,0.4
Izabela Badurek,,6,3,0,165.1,52.16,,Orthodox,1991-07-11,3.74,71.0,4.9,32.0,1.75,12.0,100.0,0.0
Miguel Baeza,Caramel Thunder,10,4,0,187.96,77.11,187.96,Orthodox,1992-08-23,4.09,49.0,5.92,46.0,0.36,22.0,54.0,2.0
Ali Bagautinov,Puncher,15,6,0,162.56,56.7,165.1,Orthodox,1985-06-10,2.85,42.0,3.09,52.0,2.51,36.0,65.0,0.3
Mehdi Baghdad,The Sultan,11,5,0,185.42,70.31,,Orthodox,1985-04-13,3.13,30.0,4.56,46.0,0.0,0.0,33.0,0.0
Melsik Baghdasaryan,The Gun,8,3,0,175.26,65.77,177.8,Southpaw,1992-01-28,5.04,59.0,3.14,56.0,0.0,0.0,72.0,0.0
Siyar Bahadurzada,The Great,24,8,1,180.34,77.11,185.42,Orthodox,1984-04-17,2.91,40.0,3.23,49.0,1.32,61.0,62.0,0.3
Ignacio Bahamondes,La Jaula,17,7,0,190.5,70.31,190.5,Orthodox,1997-08-27,5.99,46.0,4.07,55.0,0.0,0.0,70.0,0.6
Bahatebole Batebolati,Lion King,10,1,1,172.72,77.11,180.34,Southpaw,1997-09-12,4.02,45.0,4.83,61.0,1.34,66.0,100.0,0.0
Shamar Bailey,,16,11,0,175.26,70.31,190.5,Southpaw,1982-09-22,1.56,20.0,3.91,69.0,1.5,33.0,37.0,0.0
Jordan Bailey,,6,3,0,175.26,65.77,,,,1.74,40.0,0.29,0.0,4.35,100.0,0.0,4.3
Scott Baker,,1,1,0,182.88,95.25,,,,0.0,0.0,0.0,0.0,0.0,0.0,0.0,0.0
Bryan Baker,The Beast,18,5,0,190.5,83.91,,Orthodox,1985-10-13,1.78,52.0,2.83,45.0,0.44,50.0,37.0,0.9
Jin Bala,,23,3,0,175.26,70.31,,,,0.0,0.0,0.0,0.0,0.0,0.0,0.0,0.0
Balajin,The Snow Leopard,23,4,0,175.26,65.77,182.88,Orthodox,1992-03-31,1.4,33.0,2.73,50.0,2.0,20.0,66.0,0.0
Eros Baluyot,,7,0,0,,56.7,,,1992-10-23,0.0,0.0,0.0,0.0,0.0,0.0,0.0,0.0
Oluwale Bamgbose,Holy War Angel,6,4,0,180.34,83.91,198.12,Switch,1987-08-04,2.45,48.0,2.7,55.0,0.94,33.0,37.0,0.0
Stephen Banaszak,,5,5,0,182.88,65.77,,,1990-12-07,4.2,47.0,1.15,66.0,0.0,0.0,100.0,1.9
Marcin Bandel,Bomba,15,7,0,177.8,70.31,,Orthodox,1989-10-10,0.79,50.0,5.26,23.0,0.0,0.0,0.0,0.0
Humberto Bandenay,,14,7,01,180.34,65.77,180.34,Southpaw,1994-09-04,2.22,41.0,4.79,41.0,2.9,46.0,62.0,0.5
Tae Hyun Bang,Supernatural,18,10,0,175.26,70.31,180.34,Switch,1983-04-15,2.72,38.0,2.07,66.0,0.49,33.0,57.0,0.5
Yohan Banks,,2,1,0,,,,,,0.0,0.0,0.0,0.0,0.0,0.0,0.0,0.0
Shauna Bannon,Mama B,7,2,0,165.1,52.16,165.1,Switch,1993-10-23,4.32,43.0,3.75,45.0,0.0,0.0,40.0,0.7
Antonio Banuelos,,20,11,1,165.1,61.23,160.02,Orthodox,1979-09-23,2.69,33.0,3.15,58.0,1.62,62.0,86.0,0.4
Iwo Baraniewski,Rudy,8,0,0,182.88,92.99,185.42,Orthodox,1998-11-20,15.77,70.0,14.01,46.0,0.0,0.0,100.0,0.0
Renan Barao,The Baron,34,9,01,167.64,65.77,177.8,Orthodox,1987-01-31,3.78,36.0,3.9,57.0,1.49,41.0,91.0,0.5
Junior Barata,,9,3,1,177.8,77.11,,Orthodox,1982-01-25,4.03,33.0,8.46,34.0,0.0,0.0,0.0,0.0
Maycee Barber,The Future,15,3,0,165.1,56.7,165.1,Switch,1998-05-18,4.56,53.0,2.78,55.0,1.56,45.0,51.0,0.1
Bryan Barberena,Bam Bam,18,12,0,182.88,83.91,182.88,Southpaw,1989-05-03,5.35,48.0,4.59,44.0,0.13,22.0,50.0,0.3
Djani Barbir,,7,1,01,190.5,83.91,200.66,Orthodox,1997-08-09,3.64,40.0,4.55,66.0,0.0,0.0,0.0,0.0
Dione Barbosa,The Witch,9,4,0,167.64,56.7,167.64,Orthodox,1992-05-08,2.21,45.0,2.4,64.0,2.4,44.0,63.0,1.7
Marcio Barbosa,Ticoto,18,2,0,167.64,65.77,177.8,Orthodox,1998-05-22,7.01,47.0,6.65,52.0,0.0,0.0,100.0,0.0
Edson Barboza,Junior,24,14,0,180.34,70.31,190.5,Orthodox,1986-01-21,4.14,44.0,4.68,55.0,0.43,50.0,73.0,0.1
Raoni Barcelos,,22,5,0,170.18,61.23,170.18,Orthodox,1987-05-01,4.65,51.0,4.24,60.0,2.51,31.0,87.0,0.7
Daniel Barez,,17,7,0,167.64,56.7,167.64,Orthodox,1988-12-10,3.65,49.0,5.95,50.0,1.93,28.0,80.0,0.6
Danny Barlow,LeftHand2God,9,2,0,187.96,83.91,200.66,Southpaw,1995-08-02,5.81,51.0,4.65,52.0,0.0,0.0,100.0,0.0
Luke Barnatt,The Bigslow,13,4,0,198.12,83.91,195.58,Orthodox,1988-04-13,4.43,36.0,3.87,59.0,0.63,42.0,63.0,0.4
James Barnes,Mooka,14,5,0,172.72,61.23,180.34,Orthodox,1982-05-28,0.57,34.0,3.02,39.0,1.08,16.0,40.0,0.0
Nick Barnes,,11,2,0,180.34,77.11,,,,2.86,29.0,8.93,51.0,5.36,100.0,100.0,5.4
Shonte Barnes,Shyne,6,2,1,180.34,83.91,193.04,Southpaw,1987-02-09,2.32,38.0,1.55,67.0,0.0,0.0,60.0,0.0
Josh Barnett,The Warmaster,35,8,0,190.5,113.4,198.12,Orthodox,1977-11-10,3.2,50.0,2.11,57.0,1.26,55.0,55.0,1.4
Chris Barnett,Beastboy,23,10,0,175.26,118.39,190.5,Orthodox,1986-06-14,3.36,47.0,6.55,36.0,0.0,0.0,35.0,0.0
Chris Barnhizer,,2,3,0,,,,,1987-10-25,0.0,0.0,0.0,0.0,0.0,0.0,0.0,0.0
David Baron,,17,4,1,167.64,70.31,,Switch,1973-02-15,1.17,30.0,2.1,56.0,0.0,0.0,14.0,0.7
Phil Baroni,The New York Bad Ass,15,18,0,175.26,77.11,182.88,Orthodox,1976-04-16,2.77,45.0,3.93,40.0,1.46,47.0,60.0,0.5
Dan Barrera,The Fireman,3,1,0,175.26,77.11,,Orthodox,1980-12-23,0.8,70.0,1.2,28.0,1.0,8.0,0.0,0.0
Carlos Barreto,,14,9,0,193.04,104.33,,Orthodox,1968-07-22,0.0,0.0,0.0,0.0,0.0,0.0,0.0,0.0
Jose Barreto,,0,1,0,,83.91,,Southpaw,,0.0,0.0,0.0,0.0,0.0,0.0,0.0,0.0
Peter Barrett,Slippery,11,5,0,177.8,65.77,185.42,Southpaw,1986-08-10,4.18,61.0,4.32,42.0,1.39,22.0,66.0,0.0
Marc-Andre Barriault,Powerbar,17,11,01,185.42,83.91,187.96,Orthodox,1990-02-18,5.65,47.0,5.94,49.0,0.34,28.0,68.0,0.1
David Barrios,,4,8,0,167.64,65.77,,,,0.0,0.0,0.0,0.0,0.0,0.0,0.0,0.0
Alexandre Barros,Baixinho,22,11,0,175.26,77.11,,Southpaw,1976-11-19,0.98,40.0,4.05,36.0,1.84,50.0,100.0,0.0
Ricardo Barros,,2,2,0,185.42,92.99,,,1976-03-22,0.0,0.0,8.22,31.0,0.0,0.0,100.0,0.0
Francimar Barroso,Bodao,19,7,01,185.42,92.99,190.5,Orthodox,1980-02-28,2.77,52.0,3.07,59.0,2.22,24.0,83.0,0.0
Pat Barry,HD,8,7,0,180.34,106.59,187.96,Orthodox,1979-07-07,2.72,52.0,3.54,59.0,0.0,0.0,76.0,0.2
Dean Barry,The Sniper,4,2,0,177.8,77.11,182.88,Orthodox,1992-07-03,9.31,40.0,4.66,51.0,0.0,0.0,100.0,0.0
Enrique Barzola,El Fuerte,17,5,2,170.18,65.77,177.8,Orthodox,1989-04-28,3.91,41.0,2.97,68.0,4.2,45.0,66.0,0.3
Javid Basharat,The Snow Leopard,15,2,01,175.26,61.23,175.26,Orthodox,1995-09-07,5.18,54.0,2.75,63.0,1.83,40.0,83.0,0.1
Farid Basharat,Ferocious,15,0,0,172.72,61.23,180.34,Orthodox,1997-08-02,4.25,52.0,2.89,62.0,3.34,44.0,54.0,0.3
Austin Bashi,,14,1,0,167.64,65.77,177.8,Orthodox,2001-09-29,1.75,47.0,2.34,48.0,7.81,41.0,62.0,1.7
Stephen Bass,Bigfish,11,2,0,175.26,65.77,,Orthodox,1982-11-14,4.87,52.0,5.87,55.0,0.0,0.0,0.0,0.0
Sean Bassett,,0,4,0,,70.31,,,,0.0,0.0,0.0,0.0,0.0,0.0,0.0,0.0
Ryan Bastianelli,Relentless,6,7,01,165.1,61.23,,,1979-09-07,0.0,0.0,0.0,0.0,0.0,0.0,0.0,0.0
Shayna Baszler,The Queen of Spades,15,11,0,170.18,61.23,,Orthodox,1980-08-08,2.49,30.0,6.36,51.0,0.67,18.0,44.0,1.3
Namsrai Batbayar,Steppe Warrior,9,1,0,162.56,56.7,172.72,Orthodox,2000-12-29,3.5,39.0,3.58,45.0,2.15,25.0,0.0,1.1
Michel Batista,,4,1,01,190.5,117.93,,Orthodox,1984-04-20,0.0,0.0,4.03,40.0,6.72,50.0,0.0,0.0
Bryan Battle,The Butcher,13,2,01,185.42,83.91,195.58,Orthodox,1994-09-21,5.12,52.0,4.11,44.0,0.77,17.0,53.0,0.4
Alan Baudot,The Black Samourai,8,3,02,190.5,110.22,200.66,Orthodox,1988-02-01,5.36,58.0,4.82,46.0,0.0,0.0,62.0,0.0
Mario Bautista,,17,3,0,175.26,61.23,175.26,Switch,1993-07-01,5.3,48.0,3.98,54.0,1.91,38.0,55.0,0.8
Chris Beal,Real Deal,10,5,0,170.18,56.7,175.26,Orthodox,1985-08-06,3.45,35.0,3.18,61.0,1.6,58.0,78.0,0.2
Donovan Beard,The Highlight Reel,7,2,0,187.96,83.91,198.12,Orthodox,1989-11-05,0.0,0.0,5.77,28.0,0.0,0.0,0.0,0.0
Rudy Bears,,16,15,0,180.34,77.11,,Southpaw,1979-01-19,1.27,29.0,2.53,50.0,0.0,0.0,0.0,0.0
Salvador Becerra,,5,2,0,175.26,70.31,,,,4.57,31.0,3.83,58.0,0.0,0.0,66.0,0.0
Ariel Beck,,4,5,0,167.64,56.7,167.64,Southpaw,1990-09-16,4.44,34.0,4.31,64.0,0.0,0.0,0.0,0.0
Jack Becker,,13,6,0,177.8,70.31,180.34,Orthodox,1992-12-20,1.01,39.0,5.82,26.0,1.68,50.0,0.0,0.0
Jeff Bedard,Little Popeye,13,3,0,167.64,65.77,,Orthodox,1970-02-06,0.8,51.0,0.0,100.0,3.43,66.0,100.0,2.6
Eric Bedard,Lucky Strikes,6,7,0,187.96,108.41,,,1984-09-11,6.37,35.0,8.54,52.0,0.0,0.0,0.0,0.0
Johnny Bedford,Brutal,21,13,11,177.8,61.23,180.34,Orthodox,1983-01-06,4.53,50.0,1.75,63.0,1.83,62.0,62.0,0.0
Rolando Bedoya,The Machine,14,5,0,180.34,70.31,187.96,Orthodox,1997-01-13,6.23,47.0,5.5,52.0,0.0,0.0,75.0,0.2
Chase Beebe,,24,13,1,170.18,61.23,170.18,Orthodox,1985-03-29,2.17,38.0,1.64,69.0,2.49,42.0,41.0,0.9
Lyle Beerbohm,Fancy Pants,24,3,0,177.8,70.31,,Southpaw,1979-02-05,1.98,55.0,1.61,54.0,2.1,23.0,64.0,0.3
Allan Begosso,Mini,7,2,1,165.1,61.23,167.64,Orthodox,1995-11-23,1.8,40.0,7.73,34.0,0.0,0.0,25.0,2.0
Azamat Bekoev,Iron,20,5,0,182.88,83.91,182.88,Orthodox,1995-12-30,4.57,52.0,6.83,31.0,3.48,43.0,62.0,0.0
Mirsad Bektic,,13,4,0,172.72,65.77,177.8,Orthodox,1991-02-16,2.43,41.0,1.8,57.0,3.98,52.0,92.0,0.4
Diana Belbita,The Warrior Princess,15,10,0,170.18,56.7,172.72,Orthodox,1996-06-26,6.45,41.0,6.55,51.0,0.86,62.0,64.0,0.0
Alan Belcher,The Talent,18,8,0,187.96,83.91,190.5,Orthodox,1984-04-24,2.7,41.0,3.1,59.0,0.44,26.0,55.0,0.9
Vitor Belfort,The Phenom,26,14,01,182.88,83.91,187.96,Southpaw,1977-04-01,1.59,46.0,2.83,50.0,1.02,60.0,53.0,0.6
Yousri Belgaroui,,10,3,0,198.12,83.91,200.66,Orthodox,1992-06-02,6.1,64.0,2.17,63.0,0.29,100.0,66.0,0.0
Rodolfo Bellato,Trator,13,3,11,190.5,92.99,190.5,Orthodox,1996-02-05,5.37,60.0,5.86,46.0,1.38,35.0,94.0,0.2
Danilo Belluardo,Caterpillar,12,5,0,182.88,70.31,187.96,Southpaw,1994-07-21,1.52,61.0,4.79,41.0,3.5,100.0,50.0,0.0
Joey Beltran,The Mexicutioner,17,14,01,185.42,83.91,190.5,Orthodox,1981-12-08,4.92,36.0,5.27,54.0,0.48,18.0,75.0,0.0
Marco Beltran,Psycho,8,6,0,172.72,56.7,175.26,Orthodox,1986-05-18,2.07,37.0,1.93,63.0,0.7,50.0,46.0,0.2
Joseph Benavidez,,28,8,0,162.56,56.7,165.1,Southpaw,1984-07-31,3.52,34.0,2.67,61.0,1.41,30.0,62.0,0.6
Mike Bencic,Batman,1,2,0,182.88,97.52,,Orthodox,1966-07-03,0.0,0.0,3.32,53.0,0.0,0.0,0.0,0.0
Dave Beneteau,Dangerous,6,5,1,187.96,113.4,,Orthodox,,0.0,0.0,0.0,0.0,0.0,0.0,0.0,0.0
Karla Benitez,,14,11,11,160.02,51.26,,,1979-02-15,0.0,0.0,2.4,57.0,0.0,0.0,100.0,0.0
Gabriel Benitez,Moggly,23,13,0,172.72,70.31,180.34,Southpaw,1988-06-15,5.26,41.0,4.49,63.0,0.22,50.0,55.0,0.9
Charles Bennett,Krazy Horse,30,33,2,172.72,70.31,,Orthodox,1979-11-23,1.39,39.0,1.35,64.0,2.02,100.0,36.0,2.0
Josh Bennett,,11,14,0,193.04,117.48,,Orthodox,,2.9,40.0,5.8,43.0,1.5,100.0,100.0,0.0
DeAnna Bennett,The Argentine Assassin,8,3,1,162.56,56.7,172.72,Orthodox,1984-11-18,3.13,58.0,3.27,58.0,0.0,0.0,0.0,1.0
Benjamin Bennett,Mr. Alaska,7,1,0,182.88,77.11,185.42,Switch,1994-05-08,4.53,54.0,4.53,65.0,6.0,60.0,0.0,0.0
Lance Benoist,,7,2,0,180.34,77.11,182.88,Southpaw,1988-08-26,3.68,51.0,2.7,56.0,1.5,33.0,61.0,0.0
Joe Benoit,,11,4,0,175.26,77.11,,Orthodox,1982-03-12,0.0,0.0,0.0,100.0,0.0,0.0,0.0,0.0
Ryan Benoit,Baby Face,10,8,0,165.1,56.7,172.72,Orthodox,1989-08-25,2.88,39.0,3.65,58.0,0.28,22.0,72.0,0.4
Pat Benson,,3,5,3,175.26,70.31,,,1974-07-14,0.0,0.0,0.0,0.0,0.0,0.0,0.0,0.0
Len Bentley,,10,6,0,175.26,70.31,,,1982-11-30,0.0,0.0,0.0,0.0,0.0,0.0,0.0,0.0
Steve Berger,The Red Nosed Pitbull,21,23,21,180.34,77.11,,Orthodox,1973-05-20,1.0,27.0,3.26,36.0,0.84,40.0,16.0,1.7
Kenneth Bergh,,8,0,01,187.96,92.99,187.96,Orthodox,1989-06-26,4.56,75.0,1.27,28.0,0.0,0.0,0.0,0.0
Bret Bergmark,The Angry Hick,6,1,1,175.26,77.11,,,1973-11-24,2.78,52.0,2.78,37.0,4.17,100.0,50.0,4.2
Keith Berish,Sha Bang Bang,5,1,01,182.88,92.99,,Orthodox,1985-11-14,3.58,36.0,4.81,62.0,1.76,40.0,0.0,0.0
Dennis Bermudez,The Menace,17,9,0,167.64,70.31,167.64,Orthodox,1986-12-13,4.42,46.0,3.07,59.0,3.89,40.0,82.0,1.1
Manny Bermudez,The Bermudez Triangle,14,2,0,177.8,65.77,180.34,Orthodox,1994-07-16,2.92,61.0,2.68,46.0,3.06,54.0,0.0,3.1
Talita Bernardo,,6,4,0,162.56,61.23,172.72,Orthodox,1987-03-04,3.12,42.0,4.04,55.0,1.62,22.0,28.0,0.5
Dave Berry,,0,1,0,,,,,,0.0,0.0,0.0,0.0,0.0,0.0,0.0,0.0
Keith Berry,,15,14,11,185.42,83.91,,,1987-10-25,0.27,12.0,6.27,28.0,0.0,0.0,0.0,0.0
Dieusel Berto,,0,3,0,175.26,90.72,,,,0.0,0.0,0.0,0.0,0.0,0.0,0.0,0.0
Edson Berto,Little Tiger,17,12,1,167.64,70.31,,Orthodox,1983-07-05,1.76,36.0,4.62,47.0,5.47,40.0,0.0,2.7
Allen Berube,Monstah Lobstah,4,3,0,172.72,70.31,,Orthodox,1974-08-25,0.92,80.0,0.92,33.0,6.87,100.0,0.0,3.4
Anton Berzin,The Body Snatcher,5,1,0,187.96,92.99,,Orthodox,1989-09-29,4.4,46.0,6.8,67.0,2.0,28.0,0.0,1.0
Scott Bessac,,4,6,0,193.04,111.13,,,1965-10-05,0.0,0.0,0.0,0.0,0.0,0.0,0.0,0.0
Matt Bessette,The Mangler,22,9,01,177.8,65.77,177.8,Orthodox,1984-12-28,4.36,41.0,4.45,58.0,0.64,28.0,61.0,0.3
Khadzhi Bestaev,Best,10,4,0,198.12,83.91,193.04,,1988-07-16,6.15,29.0,10.0,43.0,0.0,0.0,0.0,0.0
Fernando Bettega,,7,5,0,,77.11,,,1980-03-10,0.0,0.0,0.0,0.0,0.0,0.0,0.0,0.0
Arjan Bhullar,,9,1,0,185.42,111.13,190.5,Orthodox,1986-05-13,2.33,56.0,3.25,59.0,1.73,75.0,100.0,0.0
KB Bhullar,The Bengal,8,2,0,193.04,83.91,198.12,Switch,1991-10-12,4.31,49.0,5.39,45.0,0.0,0.0,0.0,0.0
Magomed Bibulatov,Chaborz,14,2,0,165.1,56.7,165.1,Orthodox,1988-08-22,3.6,51.0,1.83,52.0,2.85,40.0,75.0,0.0
David Bielkheden,,24,12,0,177.8,70.31,180.34,Orthodox,1979-06-06,1.11,57.0,1.64,54.0,2.65,63.0,14.0,0.0
Blake Bilder,El Animal,8,2,1,172.72,65.77,172.72,Switch,1990-07-12,3.81,48.0,4.15,53.0,0.31,7.0,71.0,0.6
Jonas Bilharinho,,9,1,1,180.34,65.77,190.5,Switch,1990-05-22,3.71,60.0,3.36,57.0,0.0,0.0,100.0,0.0
Jeremiah Billington,,11,2,0,175.26,92.99,,Orthodox,1977-11-14,1.6,62.0,7.06,35.0,0.0,0.0,50.0,0.0
Scott Bills,,7,9,1,177.8,77.11,,,,0.0,0.0,0.0,0.0,0.0,0.0,0.0,0.0
Anthony Birchak,El Toro,16,8,0,172.72,61.23,175.26,Orthodox,1986-05-16,3.93,36.0,3.67,56.0,0.48,14.0,61.0,0.5
Chris Birchler,The Big Buck,7,4,0,190.5,92.99,,Switch,1987-06-05,9.35,46.0,14.83,35.0,0.0,0.0,0.0,0.0
Angad Bisht,,10,3,0,170.18,56.7,170.18,Orthodox,1995-06-05,3.91,51.0,4.56,33.0,2.41,37.0,100.0,0.0
Michael Bisping,The Count,30,9,0,185.42,83.91,190.5,Orthodox,1979-02-28,4.33,38.0,2.71,65.0,1.05,43.0,63.0,0.3
Amaury Bitetti,,5,2,0,175.26,83.91,,Orthodox,1969-04-14,0.0,0.0,0.0,0.0,0.0,0.0,0.0,0.0
Caio Bittencourt,Leao,14,7,0,182.88,83.91,190.5,Orthodox,1991-05-22,0.29,16.0,0.57,33.0,0.0,0.0,0.0,0.0
Davi Bittencourt,The Black,14,4,0,165.1,61.23,165.1,Orthodox,1994-10-12,4.15,66.0,1.51,46.0,14.15,33.0,0.0,0.0
Simon Biyong,,7,1,0,,92.99,,,1991-04-05,0.0,0.0,0.0,0.0,0.0,0.0,0.0,0.0
Jan Blachowicz,,29,11,2,187.96,92.99,198.12,Orthodox,1983-02-24,3.55,50.0,3.14,52.0,0.98,48.0,69.0,0.4
Jason Black,The Black Legion,23,4,1,172.72,70.31,,Orthodox,1972-07-15,1.06,47.0,2.6,45.0,0.48,33.0,28.0,6.2
Brad Blackburn,Bad Brad,18,13,11,177.8,77.11,185.42,Orthodox,1977-05-25,4.55,35.0,3.59,65.0,0.93,50.0,76.0,0.7
Jason Blackford,,3,3,0,,,,,,0.0,0.0,0.0,0.0,0.0,0.0,0.0,0.0
Tom Blackledge,,10,7,0,,92.99,,Orthodox,,2.91,61.0,2.55,46.0,0.0,0.0,75.0,0.0
Sherrard Blackledge,The Thriller,5,1,0,180.34,70.31,190.5,Orthodox,1993-08-16,3.7,49.0,3.13,55.0,4.0,33.0,42.0,0.0
Da'Mon Blackshear,The Monster,17,8,1,177.8,61.23,182.88,Switch,1994-08-12,4.33,45.0,4.19,52.0,1.48,33.0,71.0,1.5
Chasen Blair,Mestizo,7,4,0,177.8,70.31,180.34,Orthodox,1998-10-14,4.31,39.0,5.39,55.0,0.0,0.0,100.0,0.0
Erin Blanchfield,Cold Blooded,14,2,0,162.56,56.7,167.64,Orthodox,1999-05-04,5.24,44.0,4.25,58.0,1.96,34.0,78.0,0.9
Maximo Blanco,Maxi,12,8,11,172.72,65.77,180.34,Orthodox,1983-10-16,4.11,44.0,3.19,66.0,1.85,36.0,63.0,0.3
David Blanco,,2,0,0,170.18,65.77,,,,0.0,0.0,0.0,0.0,0.0,0.0,0.0,0.0
Curtis Blaydes,Razor,19,6,01,193.04,120.2,203.2,Orthodox,1991-02-18,4.18,52.0,2.76,53.0,5.12,47.0,35.0,0.0
Tereza Bleda,,7,2,0,175.26,56.7,180.34,Orthodox,2001-11-30,2.92,51.0,2.14,43.0,1.72,22.0,83.0,0.7
Arlene Blencowe,Angerfist,9,6,0,165.1,65.77,,,1983-04-11,2.31,43.0,2.1,43.0,0.0,0.0,55.0,0.6
Byron Bloodworth,,6,3,0,172.72,61.23,,Orthodox,1983-08-16,1.82,28.0,5.18,50.0,0.0,0.0,0.0,0.0
Bo Meng,,22,8,0,,52.16,,,1996-04-21,0.0,0.0,0.0,0.0,0.0,0.0,0.0,0.0
Dashawn Boatwright,"Buck, the 400-pound Silverback",3,1,0,182.88,92.99,,Orthodox,1988-02-29,0.0,0.0,52.5,12.0,0.0,0.0,0.0,0.0
Dan Bobish,,17,9,0,187.96,156.49,,Southpaw,1970-01-26,2.06,44.0,1.74,34.0,2.44,42.0,0.0,1.6
Mark Bocek,,12,5,0,172.72,70.31,190.5,Orthodox,1981-10-24,2.34,43.0,2.32,60.0,3.65,36.0,31.0,1.3
Kyle Bochniak,Killer B,8,5,0,170.18,65.77,177.8,Orthodox,1987-02-05,2.63,31.0,5.11,58.0,1.14,15.0,62.0,0.0
James Bochnovic,,8,3,0,193.04,92.99,205.74,Orthodox,1989-02-13,0.65,26.0,3.64,21.0,0.0,0.0,0.0,0.0
Jeremy Boczulak,,0,2,0,,,,,,0.0,0.0,0.0,0.0,0.0,0.0,0.0,0.0
Tim Boetsch,The Barbarian,21,13,0,182.88,83.91,187.96,Orthodox,1981-01-28,2.93,50.0,2.9,57.0,1.45,34.0,59.0,0.8
Galore Bofando,,5,3,0,180.34,77.11,182.88,Switch,1982-05-22,3.63,45.0,3.63,54.0,2.37,100.0,50.0,0.0
Jay Bogan,,6,6,0,,65.77,,,,0.0,0.0,0.0,0.0,0.0,0.0,0.0,0.0
Roman Bogatov,,10,1,0,172.72,70.31,185.42,Orthodox,1990-12-15,3.33,42.0,4.4,44.0,1.0,9.0,50.0,0.0
Derek Bohi,Marshmallow,8,5,0,193.04,117.93,,,,0.0,0.0,0.0,0.0,0.0,0.0,0.0,0.0
Jerry Bohlander,,11,4,0,180.34,90.26,,Orthodox,1974-02-12,0.0,0.0,0.0,0.0,0.0,0.0,0.0,0.0
Mandy Bohm,Monster,8,2,01,170.18,56.7,180.34,Orthodox,1989-07-30,2.51,45.0,3.24,60.0,0.72,18.0,75.0,0.7
Kotetsu Boku,,25,11,2,175.26,69.85,,Orthodox,1977-05-27,2.47,42.0,2.8,53.0,0.0,0.0,0.0,0.0
Gaston Bolanos,The Dreamkiller,8,5,0,170.18,65.77,175.26,Orthodox,1992-09-14,3.28,49.0,2.4,50.0,0.66,100.0,42.0,0.0
Otgonbaatar Boldbaatar,Conqueror,6,0,0,,56.7,,,2002-12-25,0.0,0.0,0.0,0.0,0.0,0.0,0.0,0.0
Kyle Bolt,,8,4,0,187.96,83.91,,,,7.27,52.0,7.27,45.0,0.0,0.0,0.0,0.0
Denys Bondar,Psycho,14,5,0,167.64,56.7,175.26,Orthodox,1992-06-27,4.59,50.0,5.16,56.0,3.99,58.0,62.0,0.0
Luc Bondole,,5,2,2,187.96,92.99,,,,3.35,51.0,2.04,62.0,0.0,0.0,0.0,1.8
Tony Bonello,The Gun,16,3,11,187.96,83.91,,,1972-10-20,0.62,33.0,12.62,10.0,0.0,0.0,0.0,0.0
Gabriel Bonfim,Marretinha,19,1,0,185.42,77.11,182.88,Orthodox,1997-08-20,4.61,46.0,3.68,63.0,3.6,55.0,76.0,1.4
Ismael Bonfim,Marreta,20,6,0,172.72,70.31,180.34,Orthodox,1995-12-28,5.51,54.0,3.71,65.0,1.06,33.0,76.0,0.0
Jesse Bongfeldt,Water,16,5,1,182.88,83.91,,Orthodox,1980-08-28,2.91,62.0,1.01,50.0,1.51,33.0,33.0,0.0
Marcos Bonilla,Murder Marx,4,4,0,177.8,65.77,,,,0.47,12.0,0.47,94.0,0.0,0.0,0.0,0.0
Stephan Bonnar,The American Psycho,15,9,0,193.04,92.99,200.66,Orthodox,1977-04-04,2.76,38.0,3.01,52.0,1.32,40.0,60.0,1.0
Rogerio Bontorin,,16,4,02,165.1,56.7,170.18,Orthodox,1992-04-25,2.63,52.0,3.27,50.0,2.9,60.0,51.0,1.0
Ray Borg,The Tazmexican Devil,13,5,0,162.56,61.23,160.02,Orthodox,1993-08-04,1.52,52.0,1.93,48.0,3.89,50.0,46.0,1.0
Igor Borisov,,1,1,0,182.88,106.59,,Orthodox,1964-05-18,0.0,0.0,0.0,0.0,0.0,0.0,0.0,0.0
Kevin Borjas,El Gallo Negro,10,5,0,165.1,56.7,172.72,Orthodox,1997-12-06,3.96,44.0,5.64,49.0,0.0,0.0,70.0,0.0
Calen Born,,7,1,0,172.72,77.11,182.88,Switch,1988-05-24,0.0,0.0,0.0,0.0,0.0,0.0,0.0,0.0
Caio Borralho,The Natural,18,2,01,185.42,83.91,190.5,Southpaw,1993-01-16,3.47,56.0,2.61,60.0,1.25,50.0,76.0,0.4
Zachary Borrego,The Dragon,3,1,0,187.96,83.91,198.12,Switch,1996-07-18,0.0,0.0,1.94,33.0,0.0,0.0,0.0,0.0
Viacheslav Borshchev,Slava Claus,8,7,1,180.34,70.31,175.26,Orthodox,1992-01-08,5.1,50.0,4.46,57.0,0.0,0.0,43.0,0.1
Tanner Boser,The Bulldozer,22,11,1,187.96,92.99,190.5,Orthodox,1991-08-02,4.82,53.0,3.0,57.0,0.0,0.0,69.0,0.0
Steve Bosse,The Boss,12,2,0,180.34,92.99,182.88,Orthodox,1981-07-29,5.99,52.0,5.38,50.0,0.92,33.0,100.0,0.0
Marcus Bossett,The Grasshopper,1,3,0,185.42,97.52,,Orthodox,,0.0,0.0,0.0,0.0,0.0,0.0,0.0,0.0
Chris Bostick,,6,3,0,,,,,,0.0,0.0,0.0,0.0,0.0,0.0,0.0,0.0
Poliana Botelho,,8,5,0,172.72,56.7,170.18,Orthodox,1988-12-15,2.9,58.0,2.8,54.0,0.85,57.0,76.0,0.0
Francois Botha,White Buffalo,0,1,0,187.96,117.93,,Orthodox,1968-09-28,0.0,0.0,1.05,77.0,0.0,0.0,0.0,0.0
Ilian Bouafia,The Gorilla,7,0,0,195.58,83.91,198.12,Southpaw,1996-11-13,2.0,47.0,1.67,65.0,0.0,0.0,100.0,0.0
Gregory Bouchelaghem,,5,4,0,187.96,83.01,,Switch,1978-03-23,0.27,21.0,1.53,36.0,0.0,0.0,50.0,0.0
Roy Boughton,Black Dynamite,14,8,0,182.88,92.99,,,,0.0,0.0,0.0,0.0,0.0,0.0,0.0,0.0
Rich Bouphanouvong,,1,4,0,170.18,77.11,,,,0.0,0.0,0.0,0.0,0.0,0.0,0.0,0.0
Mike Bourke,The Rhino,10,16,11,182.88,124.74,,Orthodox,1968-11-25,0.0,0.0,0.0,0.0,0.0,0.0,0.0,0.0
Jess Bouscal,,3,2,0,,70.31,,,,0.0,0.0,0.0,0.0,0.0,0.0,0.0,0.0
Tai Bowden,,1,1,0,180.34,104.33,,,,0.0,0.0,0.0,0.0,0.0,0.0,0.0,0.0
Melton Bowen,The Punisher,0,1,0,182.88,102.06,,Orthodox,1969-07-16,0.0,0.0,0.0,0.0,0.0,0.0,0.0,0.0
Kyron Bowen,Bullseye,9,5,0,190.5,83.91,185.42,Orthodox,1993-12-22,2.73,57.0,2.05,40.0,0.0,0.0,0.0,0.0
Brian Bowles,,10,3,0,170.18,61.23,177.8,Orthodox,1980-06-22,2.36,26.0,2.98,64.0,1.39,70.0,54.0,1.4
Roger Bowling,Relentless,12,6,01,175.26,70.31,172.72,Orthodox,1982-12-05,3.9,47.0,3.86,51.0,3.09,43.0,27.0,0.9
Blake Bowman,,2,6,0,187.96,77.11,,,,0.0,0.0,0.0,0.0,0.0,0.0,0.0,0.0
Ashe Bowman,The Archer,9,11,0,175.26,70.31,,,1976-11-17,2.43,42.0,4.86,57.0,0.0,0.0,0.0,0.0
Anvar Boynazarov,The Uzbek,3,1,0,175.26,65.77,,Orthodox,1989-01-10,0.0,0.0,7.83,29.0,0.0,0.0,0.0,0.0
Colley  Bradford,,0,1,0,170.18,65.77,,,,0.43,25.0,1.73,50.0,19.42,50.0,100.0,0.0
Kyle Bradley,,19,12,01,175.26,70.31,180.34,Orthodox,1982-08-19,1.99,40.0,3.45,58.0,0.65,50.0,40.0,0.0
Paul Bradley,The Gentleman,23,8,02,175.26,77.11,,Orthodox,1983-06-13,2.26,32.0,4.13,56.0,1.12,16.0,100.0,0.0
Sean Brady,,18,2,0,177.8,77.11,182.88,Orthodox,1992-11-23,3.96,55.0,3.05,59.0,3.53,53.0,86.0,0.9
Ebenezer Fontes Braga,Pitbull,13,7,2,182.88,90.26,,Orthodox,1969-04-14,2.42,50.0,0.42,71.0,0.0,0.0,90.0,0.6
Ramiz Brahimaj,,13,6,0,177.8,77.11,182.88,Orthodox,1992-11-17,2.29,48.0,3.27,47.0,1.99,34.0,44.0,1.6
Adam Bramhald,Samurai,13,3,0,177.8,61.23,177.8,Orthodox,1994-03-24,7.65,45.0,8.05,33.0,0.0,0.0,100.0,0.0
Joe Brammer,The South Side Strangler,7,3,1,172.72,70.31,,Orthodox,1983-08-23,2.15,31.0,2.8,56.0,0.81,50.0,50.0,0.0
David Branch,,22,6,0,185.42,83.91,198.12,Orthodox,1981-09-26,1.66,39.0,1.91,56.0,2.55,32.0,43.0,0.0
Billy Brand,,5,2,0,167.64,61.23,165.1,Orthodox,1996-07-03,2.86,25.0,8.57,40.0,0.0,0.0,75.0,0.0
Diego Brandao,DB,22,11,0,170.18,65.77,162.56,Orthodox,1987-05-27,2.94,47.0,3.38,62.0,3.21,68.0,80.0,0.6
Bruna Brasil,,11,7,1,167.64,52.16,165.1,Orthodox,1993-09-07,2.56,57.0,3.75,52.0,1.23,52.0,57.0,0.1
Michael Bravo,,7,4,0,,70.31,,,,0.0,0.0,0.0,0.0,0.0,0.0,0.0,0.0
Martin Bravo,El Toro,11,3,0,172.72,65.77,180.34,Southpaw,1993-09-21,7.66,39.0,5.72,51.0,2.6,35.0,85.0,0.0
Roman Bravo-Young,,0,1,0,,92.99,,,,0.0,0.0,0.0,0.0,0.0,0.0,0.0,0.0
Mike Breeden,Money,11,6,0,177.8,70.31,177.8,Orthodox,1989-04-21,5.75,45.0,7.28,42.0,0.98,30.0,67.0,0.0
Tom Breese,,12,3,0,190.5,83.91,185.42,Southpaw,1991-09-26,3.34,50.0,2.81,60.0,0.0,0.0,70.0,1.1
Elves Brener,,16,6,0,177.8,70.31,182.88,Orthodox,1997-09-27,4.76,47.0,5.86,50.0,0.99,16.0,76.0,0.0
Chris Brennan,The Westside Strangler,21,13,1,172.72,77.11,,Orthodox,1971-10-12,0.6,40.0,0.97,50.0,0.0,0.0,25.0,2.1
Lucas Brennan,Skywalker,11,3,0,177.8,70.31,182.88,Southpaw,2000-06-03,0.6,25.0,2.2,52.0,0.0,0.0,33.0,1.0
Charlie Brenneman,The Spaniard,19,8,0,177.8,70.31,177.8,Orthodox,1981-02-09,1.52,56.0,1.55,46.0,4.23,42.0,72.0,0.0
Robert Breslin,The Bullet,3,9,0,180.34,70.31,,,,2.21,46.0,3.5,66.0,1.38,100.0,50.0,0.0
Mack Brewer,,0,1,0,,92.99,,,,0.0,0.0,6.67,36.0,0.0,0.0,0.0,0.0
Marcos Brigagao,Ironside,11,1,0,190.5,92.99,193.04,Southpaw,1996-04-01,3.07,43.0,3.27,25.0,0.0,0.0,36.0,0.0
Jason Brilz,Hitman,22,6,1,180.34,92.99,180.34,Orthodox,1975-07-07,2.66,40.0,1.78,65.0,2.37,25.0,25.0,1.3
Marcus Brimage,The Bama Beast,7,7,0,162.56,61.23,180.34,Southpaw,1985-04-06,3.97,35.0,3.64,56.0,0.56,100.0,80.0,0.0
Aaron Brink,,26,26,02,190.5,92.99,,Orthodox,1974-11-12,3.49,42.0,5.71,57.0,0.0,0.0,0.0,0.0
Henry Briones,Bure,16,8,1,172.72,61.23,175.26,Orthodox,1980-10-22,3.47,42.0,4.68,53.0,0.0,0.0,52.0,0.6
Marcelo Brito,Jungle Boy,13,8,0,185.42,77.11,,Orthodox,1977-11-27,0.6,20.0,3.53,55.0,0.0,0.0,50.0,0.0
Joanderson Brito,Tubarao,18,5,1,172.72,65.77,182.88,Orthodox,1995-02-11,2.43,51.0,2.32,44.0,3.38,67.0,47.0,1.1
Kaik Brito,,16,5,0,180.34,77.11,182.88,Orthodox,1997-03-26,2.8,38.0,3.87,55.0,0.0,0.0,55.0,2.0
Icaro Brito,,7,1,0,,65.77,,,1999-03-09,0.0,0.0,0.0,0.0,0.0,0.0,0.0,0.0
Antwain Britt,The Juggernaut,11,6,0,185.42,92.99,195.58,,1978-05-09,1.46,39.0,2.81,44.0,1.56,40.0,50.0,0.0
Drew Brokenshire,,16,6,0,,,,,,0.0,0.0,0.0,0.0,0.0,0.0,0.0,0.0
Mike Bronzoulis,The Greek,18,9,1,182.88,70.31,,,1979-01-05,1.13,34.0,2.54,37.0,0.0,0.0,33.0,0.0
Jonathan Brookins,,16,10,0,182.88,65.77,187.96,Southpaw,1985-08-13,2.69,39.0,3.63,56.0,1.94,17.0,80.0,0.3
Will Brooks,Ill,18,4,0,177.8,70.31,182.88,Orthodox,1986-10-08,4.26,59.0,2.54,56.0,2.08,51.0,82.0,0.3
Jarred Brooks,The Monkey God,13,2,0,160.02,56.7,157.48,Switch,1993-05-02,2.12,46.0,1.66,62.0,4.54,57.0,69.0,0.6
Rob Broughton,The Bear,16,7,1,187.96,120.2,187.96,Orthodox,1983-03-03,2.83,60.0,2.54,51.0,0.0,0.0,26.0,3.2
Lee Brousseau,Manimal,5,3,0,185.42,92.99,,,1974-10-04,0.0,0.0,0.0,0.0,0.0,0.0,0.0,0.0
Matt Brown,The Immortal,26,19,0,182.88,77.11,190.5,Orthodox,1981-01-10,3.76,55.0,2.92,55.0,1.68,46.0,63.0,1.3
Mike Brown,,26,9,0,167.64,65.77,177.8,Orthodox,1975-09-08,2.98,44.0,2.45,60.0,3.23,40.0,66.0,0.6
Dominic Brown,,16,23,0,180.34,86.18,,,1982-06-04,0.0,0.0,0.0,0.0,0.0,0.0,0.0,0.0
Todd Brown,Bulldog,16,4,01,180.34,92.99,,Orthodox,1976-12-13,2.15,45.0,3.85,48.0,0.0,0.0,50.0,0.0
Terrell Brown,,3,1,0,,83.91,,,1983-04-13,0.0,0.0,0.0,0.0,0.0,0.0,0.0,0.0
Chris Brown,,10,1,0,,77.11,,,,0.0,0.0,0.0,0.0,0.0,0.0,0.0,0.0
Frederick Brown,,3,2,0,182.88,106.59,,,,0.0,0.0,0.0,0.0,0.0,0.0,0.0,0.0
Randy Brown,Rudeboy,20,8,0,190.5,77.11,198.12,Orthodox,1990-07-08,4.39,47.0,3.35,53.0,0.71,34.0,74.0,0.5
Damien Brown,Beatdown,17,12,0,177.8,70.31,172.72,Orthodox,1984-12-25,3.66,38.0,4.86,50.0,0.68,27.0,53.0,0.7
TJ Brown,Downtown,17,11,0,175.26,65.77,182.88,Switch,1990-05-22,3.37,44.0,2.89,49.0,3.41,57.0,36.0,1.3
Humberto Brown Morrison,,4,6,0,177.8,65.77,,,1984-11-03,1.71,50.0,2.19,62.0,1.43,25.0,0.0,0.0
Travis Browne,Hapa,18,7,1,198.12,115.67,200.66,Orthodox,1982-07-17,2.93,41.0,4.31,42.0,1.21,68.0,75.0,0.2
Junie Browning,,5,6,0,175.26,70.31,,Orthodox,1984-05-12,3.76,48.0,1.76,66.0,3.53,66.0,0.0,3.5
Jules Bruchez,,1,2,0,182.88,92.99,,Southpaw,1977-08-16,0.69,50.0,5.52,46.0,0.0,0.0,0.0,0.0
Justin Bruckmann,Loaf,7,3,0,175.26,77.11,,Orthodox,1974-07-23,0.59,66.0,5.91,16.0,0.0,0.0,33.0,0.0
Cody Brundage,,11,9,11,182.88,83.91,182.88,Orthodox,1994-05-16,2.26,48.0,3.02,50.0,1.88,41.0,68.0,0.5
Steve Bruno,Hollywood,15,6,0,177.8,77.11,,Orthodox,1981-11-03,0.96,52.0,3.38,36.0,1.94,25.0,46.0,0.4
Fernando Bruno,Acougueiro,15,4,0,167.64,65.77,,,1982-02-24,1.75,39.0,1.78,48.0,2.02,22.0,56.0,0.5
Derek Brunson,The One,23,9,0,185.42,83.91,195.58,Southpaw,1984-01-04,3.51,47.0,3.05,51.0,3.14,33.0,85.0,0.6
Josh Bryant,The Beast,15,4,0,177.8,83.91,,Orthodox,1980-04-23,1.1,20.0,6.1,43.0,0.0,0.0,0.0,0.0
Dennis Bryant,The Beard,5,2,0,182.88,92.99,,Orthodox,1985-10-18,10.56,59.0,10.56,13.0,0.0,0.0,0.0,0.0
Robert Bryczek,,18,7,0,182.88,83.91,190.5,Orthodox,1990-07-04,3.74,36.0,4.08,59.0,0.56,100.0,85.0,0.0
Lukasz Brzeski,The Bull,9,7,11,190.5,107.05,198.12,Orthodox,1992-05-17,4.9,50.0,3.65,54.0,0.41,33.0,35.0,0.4
Marcus Buchecha,,5,3,1,187.96,115.67,195.58,Orthodox,1990-01-08,1.59,50.0,2.15,50.0,2.02,16.0,0.0,0.4
Justin Buchholz,,15,10,0,182.88,70.31,185.42,Orthodox,1983-08-22,2.35,26.0,4.14,51.0,0.0,0.0,33.0,0.8
Zak Bucia,,17,8,0,177.8,77.11,,,1984-09-27,0.0,0.0,0.0,0.0,0.0,0.0,0.0,0.0
Courtney Buck,,12,11,0,177.8,61.23,,Orthodox,1982-03-19,1.49,28.0,3.24,54.0,0.0,0.0,33.0,0.0
Joaquin Buckley,New Mansa,21,7,0,177.8,77.11,193.04,Southpaw,1994-04-27,3.88,36.0,2.93,59.0,1.54,45.0,72.0,0.1
Martin Buday,Badys,16,2,0,193.04,120.2,195.58,Orthodox,1991-11-11,4.39,53.0,4.49,55.0,0.15,20.0,93.0,0.1
Julia Budd,,10,2,0,170.18,65.77,170.18,,1983-07-04,2.42,74.0,1.18,47.0,3.6,57.0,83.0,0.0
Dylan Budka,The Mindless Hulk,7,5,0,182.88,83.91,190.5,Switch,2000-01-14,1.06,38.0,1.8,42.0,1.93,38.0,76.0,0.4
Mike Budnik,,13,4,0,175.26,65.77,172.72,Orthodox,1974-08-08,0.65,52.0,0.95,53.0,0.0,0.0,0.0,3.4
Francisco Bueno,,5,2,0,175.26,102.06,,Orthodox,1972-12-23,0.0,0.0,0.0,0.0,0.0,0.0,0.0,0.0
Mayra Bueno Silva,Sheetara,10,7,11,167.64,61.23,167.64,Orthodox,1991-08-22,3.52,56.0,4.71,51.0,0.46,23.0,64.0,1.3
Paul Buentello,The Headhunter,35,17,0,187.96,111.13,195.58,Orthodox,1974-01-16,3.29,45.0,3.83,52.0,0.19,33.0,39.0,0.4
Marek Bujlo,Bujdzilla,6,1,0,193.04,120.2,195.58,Orthodox,1992-10-10,2.07,38.0,3.27,37.0,0.0,0.0,0.0,0.0
Modestas Bukauskas,The Baltic Gladiator,19,7,0,190.5,92.99,193.04,Switch,1994-02-10,3.24,42.0,4.05,50.0,0.26,66.0,79.0,0.1
Lee Kwan Bum,,0,1,0,187.96,129.73,,Orthodox,1986-10-12,0.71,14.0,0.0,100.0,0.0,0.0,0.0,0.0
Josh Bumgarner,,6,4,0,185.42,77.11,,,1981-05-21,0.0,0.0,0.0,0.0,0.0,0.0,0.0,0.0
Shawn Bunch,Bunch the Great,7,3,0,165.1,61.23,,,1983-03-19,0.0,0.0,1.55,55.0,0.0,0.0,50.0,0.0
Felipe Bunes,Felipinho,14,9,0,170.18,56.7,175.26,Orthodox,1989-10-29,3.17,46.0,4.57,47.0,1.08,25.0,40.0,1.4
Shane Burgos,Hurricane,15,3,0,180.34,65.77,190.5,Orthodox,1991-03-19,7.4,52.0,6.78,56.0,0.43,44.0,91.0,0.4
Joshua Burkman,The People's Warrior,28,16,01,177.8,77.11,182.88,Orthodox,1980-04-10,2.69,43.0,3.13,51.0,2.53,36.0,72.0,0.3
Justin Burlinson,,6,1,0,185.42,77.11,187.96,Switch,1997-05-19,1.24,40.0,3.09,61.0,0.0,0.0,100.0,9.3
Mads Burnell,,9,3,0,172.72,65.77,175.26,Orthodox,1994-03-06,1.28,41.0,2.71,51.0,3.45,47.0,22.0,0.4
Mikey Burnett,The Eastside Assassin,5,2,0,167.64,77.11,,Orthodox,1974-04-12,0.0,0.0,0.0,0.0,0.0,0.0,0.0,0.0
Kevin Burns,The Fire,12,7,0,177.8,77.11,187.96,Orthodox,1980-03-03,2.74,38.0,4.3,52.0,0.28,50.0,47.0,0.8
Gilbert Burns,Durinho,22,10,0,177.8,77.11,180.34,Orthodox,1986-07-20,3.16,48.0,3.68,52.0,2.04,35.0,53.0,0.4
Josh Burns,The Hammer,8,10,0,185.42,110.68,,,1978-05-15,2.4,48.0,5.73,32.0,0.0,0.0,100.0,0.0
Herbert Burns,The Blaze,11,6,0,175.26,65.77,185.42,Orthodox,1988-02-02,1.86,36.0,5.17,41.0,2.94,34.0,66.0,1.8
Derrick Burnsed,,1,0,3,,70.31,,,1980-06-09,0.0,0.0,0.0,0.0,0.0,0.0,0.0,0.0
Nah-Shon Burrell,The Rock n Rolla,15,7,01,180.34,77.11,,Orthodox,1990-02-05,4.83,47.0,3.45,56.0,0.0,0.0,52.0,0.3
Martin Buschkamp,,9,0,01,175.26,65.77,,Orthodox,1991-01-06,0.0,0.0,0.0,0.0,0.0,0.0,0.0,0.0
George Bush,,5,2,0,185.42,92.99,,,,6.35,64.0,2.31,55.0,17.31,66.0,0.0,0.0
Bubba Bush,The Fightin' Texas Aggie,8,3,01,182.88,83.91,,Orthodox,1985-07-24,0.63,55.0,7.01,25.0,2.82,50.0,60.0,0.0
Dakota Bush,,8,4,0,177.8,70.31,185.42,Orthodox,1994-06-09,2.77,38.0,4.42,41.0,2.4,33.0,0.0,0.0
Murilo Bustamante,,15,8,1,187.96,83.01,,Orthodox,1966-07-30,1.33,32.0,1.9,60.0,2.46,33.0,54.0,1.2
Nick Bustamante,,5,3,0,175.26,77.11,,,,0.0,0.0,0.0,0.0,0.0,0.0,0.0,0.0
Eduardo Bustillos,,5,3,0,172.72,61.23,,,1987-06-02,2.61,59.0,6.22,35.0,0.0,0.0,100.0,0.0
Jason Butcher,,10,2,0,190.5,83.91,,,1984-10-23,1.82,40.0,2.73,25.0,13.64,50.0,0.0,0.0
Todd Butler,,1,4,0,185.42,90.72,,Southpaw,,0.0,0.0,0.0,0.0,0.0,0.0,0.0,0.0
Goldman Butler,,1,4,0,,,,,,0.0,0.0,0.0,0.0,0.0,0.0,0.0,0.0
Ian Butler,,3,3,01,172.72,70.31,,,,2.09,14.0,6.69,36.0,0.0,0.0,50.0,0.0
Raphael Butler,The Silencer,9,2,1,190.5,118.39,,,1984-01-04,4.69,45.0,0.94,91.0,0.0,0.0,100.0,14.1
Jesse Butler,,12,6,0,177.8,61.23,185.42,Orthodox,1992-05-24,2.02,34.0,4.62,39.0,0.0,0.0,0.0,0.0
JP Buys,Young Savage,9,6,0,165.1,61.23,170.18,Orthodox,1996-04-30,1.88,39.0,3.02,40.0,1.55,25.0,25.0,2.3
Dennis Buzukja,The Great,12,6,0,175.26,65.77,177.8,Switch,1997-10-01,4.21,43.0,4.79,48.0,0.62,27.0,75.0,0.2
Charles Byrd,Kid Dynamite,10,7,0,177.8,83.91,185.42,Orthodox,1983-10-11,3.43,55.0,2.63,55.0,2.5,50.0,40.0,1.5
Steve Byrnes,The Sergeant,6,1,0,182.88,77.11,,Orthodox,1979-08-26,1.2,51.0,2.67,27.0,3.0,60.0,0.0,4.0
Michael Byrnes,,5,3,0,180.34,70.31,,,1990-07-17,0.0,0.0,0.0,0.0,0.0,0.0,0.0,0.0
Yan Cabral,,13,3,0,180.34,70.31,185.42,Orthodox,1983-05-13,2.02,47.0,1.98,62.0,2.89,35.0,37.0,1.2
Juan Cabrera,Papi Juancho,9,1,0,,83.91,,,2004-02-19,0.0,0.0,0.0,0.0,0.0,0.0,0.0,0.0
Alvin Cacdac,,18,13,0,167.64,56.7,,Orthodox,,1.21,66.0,0.61,0.0,0.0,0.0,0.0,0.0
Alex Caceres,Bruce Leeroy,21,15,01,177.8,65.77,185.42,Southpaw,1988-06-20,4.21,49.0,3.09,62.0,0.54,68.0,64.0,0.7
Vince Cachero,The Anomaly,7,4,0,167.64,65.77,172.72,Orthodox,1989-11-07,3.29,45.0,6.51,43.0,0.0,0.0,18.0,0.5
Priscila Cachoeira,Zombie Girl,13,8,0,170.18,61.23,165.1,Orthodox,1988-08-19,4.43,44.0,7.6,45.0,0.25,40.0,69.0,0.0
Yudi Cahyadi,Sanda,7,2,0,,65.77,,,,0.0,0.0,0.0,0.0,0.0,0.0,0.0,0.0
Travis Calanoc,The Dark Knight,5,1,0,172.72,65.77,,Orthodox,,0.0,0.0,0.0,0.0,0.0,0.0,0.0,0.0
Ricky Calatayud,,16,2,0,175.26,56.7,,,1982-10-10,0.0,0.0,0.0,0.0,0.0,0.0,0.0,0.0
Lucas Caldas,,6,2,0,172.72,70.31,177.8,Orthodox,1996-05-22,4.8,41.0,15.67,39.0,0.0,0.0,0.0,0.0
Carlos Calderon,Chief,6,3,01,180.34,65.77,180.34,Southpaw,1996-02-10,4.85,42.0,4.98,33.0,3.93,33.0,0.0,0.0
Darrion Caldwell,The Wolf,10,1,0,177.8,61.23,,,1987-12-19,0.85,34.0,0.57,60.0,3.41,66.0,100.0,0.8
Nicolle Caliari,,8,4,0,160.02,52.16,157.48,Orthodox,1996-11-04,3.46,38.0,7.01,53.0,2.88,24.0,0.0,1.0
Taylor Callens,,6,0,0,177.8,70.31,,,1991-05-21,0.0,0.0,0.0,0.0,0.0,0.0,0.0,0.0
Cynthia Calvillo,,9,6,1,162.56,52.16,162.56,Orthodox,1987-07-13,4.41,38.0,4.12,64.0,1.8,44.0,77.0,0.8
Joe Camacho,,13,19,3,175.26,70.31,,Orthodox,1972-03-10,0.31,17.0,5.0,42.0,0.0,0.0,0.0,0.0
Frank Camacho,The Crank,22,10,0,177.8,70.31,185.42,Orthodox,1989-05-18,6.56,46.0,7.44,51.0,1.11,31.0,73.0,0.0
Lucas Camacho,,6,1,0,193.04,120.2,203.2,Orthodox,1992-12-15,4.08,38.0,8.16,6.0,0.0,0.0,0.0,0.0
Matheus Camilo,Jaguar,10,3,0,177.8,70.31,175.26,Orthodox,2001-01-02,2.19,43.0,3.25,64.0,4.43,53.0,0.0,0.6
Fabricio Camoes,Morango,14,9,1,177.8,70.31,180.34,Orthodox,1978-12-23,1.29,33.0,1.85,61.0,2.34,32.0,20.0,1.5
Chris Camozzi,,24,13,0,187.96,83.91,190.5,Orthodox,1986-11-20,3.57,44.0,2.96,56.0,0.27,19.0,57.0,0.5
Brian Camozzi,Mantis,7,5,0,187.96,77.11,198.12,Orthodox,1991-06-24,3.15,26.0,6.39,54.0,0.0,0.0,0.0,0.7
Ricky Camp,2 Slick,11,4,0,170.18,61.23,,,,0.0,0.0,0.0,0.0,0.0,0.0,0.0,0.0
Mike Campbell,The Beast,13,4,0,175.26,70.31,,Southpaw,1982-11-15,1.4,26.0,1.4,63.0,5.26,100.0,0.0,0.0
Thomas Campbell,,3,3,0,,,,,,0.0,0.0,0.0,0.0,0.0,0.0,0.0,0.0
Shane Campbell,Shaolin,14,6,0,182.88,70.31,180.34,Orthodox,1987-01-21,3.99,59.0,3.19,55.0,1.36,28.0,82.0,0.0
Charlie Campbell,The Cannibal,9,3,0,182.88,70.31,182.88,Orthodox,1995-07-03,5.23,51.0,4.17,55.0,2.45,36.0,62.0,0.0
Kitt Campbell,The Killer,16,7,0,185.42,77.11,185.42,Orthodox,1994-06-26,5.4,53.0,2.51,60.0,0.94,10.0,50.0,0.0
Kurtis Campbell,The Pink Panther,8,1,0,175.26,65.77,182.88,Switch,2002-07-29,3.5,48.0,2.63,51.0,8.76,40.0,50.0,0.0
John Campetella,,0,1,0,175.26,106.59,,Orthodox,,0.0,0.0,0.0,0.0,0.0,0.0,0.0,0.0
Wagner Campos,Galeto,12,10,0,167.64,65.77,,Southpaw,1981-07-31,1.54,41.0,2.53,51.0,2.71,100.0,0.0,0.0
Derek Campos,The Stallion,19,6,0,175.26,70.31,,,1988-04-01,2.41,23.0,10.34,44.0,0.0,0.0,0.0,0.0
Will Campuzano,,14,6,0,175.26,56.7,177.8,Orthodox,1986-05-27,2.43,31.0,3.82,57.0,0.88,45.0,48.0,0.2
Aleksa Camur,,6,3,0,185.42,92.99,187.96,Orthodox,1995-09-25,4.73,57.0,4.26,54.0,0.46,22.0,50.0,0.0
Chico Camus,The King,17,7,01,167.64,56.7,167.64,Orthodox,1985-01-26,2.58,41.0,2.46,64.0,0.77,40.0,72.0,0.4
Asbel Cancio,,0,1,0,177.8,102.06,,,,0.0,0.0,0.0,0.0,0.0,0.0,0.0,0.0
Carlos Candelario,The Cannon,8,3,0,172.72,56.7,172.72,Southpaw,1991-06-04,3.97,46.0,5.17,44.0,2.28,36.0,53.0,0.3
Ronaldo Candido,Pacman,6,0,0,167.64,56.7,,Southpaw,1989-04-24,1.67,42.0,3.87,52.0,8.0,53.0,0.0,5.0
Luiz Cane,Banha,17,7,01,187.96,83.91,195.58,Southpaw,1981-04-24,4.79,41.0,5.0,60.0,0.56,28.0,100.0,0.3
Guido Cannetti,Ninja,10,8,0,167.64,61.23,172.72,Southpaw,1979-12-19,3.44,55.0,2.84,51.0,2.27,55.0,64.0,0.4
Jared Cannonier,The Killa Gorilla,18,9,0,180.34,83.91,195.58,Switch,1984-03-16,4.42,49.0,4.35,56.0,0.54,40.0,64.0,0.0
Jose Canseco,,0,1,0,193.04,108.86,,Orthodox,1964-07-02,0.78,10.0,4.68,62.0,0.0,0.0,0.0,0.0
Cody Canterbury,,1,10,0,172.72,70.31,,,,0.0,0.0,0.0,0.0,0.0,0.0,0.0,0.0
Bo Cantrell,Redrum,10,10,0,187.96,106.59,,Orthodox,1969-02-08,3.16,16.0,12.63,0.0,0.0,0.0,0.0,0.0
Steve Cantwell,The Robot,7,6,0,187.96,83.91,190.5,Orthodox,1986-12-08,3.63,34.0,5.76,55.0,0.65,30.0,80.0,0.7
Paul Capaldo,,6,0,0,170.18,61.23,,,1996-12-27,0.0,0.0,0.0,0.0,0.0,0.0,0.0,0.0
Phil Caracappa,The Hitman,6,1,0,172.72,61.23,177.8,Orthodox,1992-06-05,2.93,50.0,4.07,29.0,1.0,8.0,100.0,1.0
Frank Caracci,,2,3,0,,,,,1970-02-16,0.0,0.0,0.0,0.0,0.0,0.0,0.0,0.0
Gina Carano,Conviction,7,1,0,172.72,65.77,,Orthodox,1982-04-16,4.5,47.0,2.66,64.0,1.24,66.0,85.0,1.6
Dos Caras Jr.,,9,5,0,193.04,102.06,,Orthodox,1977-05-25,0.77,23.0,1.2,59.0,0.0,0.0,72.0,0.0
Bryan Caraway,Kid Lightning,21,9,0,172.72,61.23,172.72,Orthodox,1984-08-04,2.53,34.0,3.61,54.0,2.57,25.0,80.0,0.8
Remo Cardarelli,,7,5,0,,61.23,,,,2.27,47.0,1.47,59.0,0.0,0.0,100.0,0.0
Phil Cardella,,8,5,0,180.34,70.31,,,1976-07-09,2.47,50.0,2.0,57.0,0.0,0.0,11.0,2.5
Edgar Cardenas,Kitty Katt,4,1,0,,65.77,,,,0.0,0.0,0.0,0.0,0.0,0.0,0.0,0.0
Chris Cariaso,Kamikaze,17,8,0,160.02,56.7,162.56,Southpaw,1981-05-27,3.35,43.0,2.23,61.0,1.11,39.0,57.0,0.8
Ronald Carillo,,4,2,0,,56.7,,,,0.0,0.0,0.0,0.0,0.0,0.0,0.0,0.0
Rafael Carino,,2,1,1,203.2,111.13,,Orthodox,,0.0,0.0,0.0,0.0,0.0,0.0,0.0,0.0
Don Carlo-Clauss,,10,7,0,,77.11,,,,1.44,30.0,7.68,43.0,0.0,0.0,66.0,0.0
Antonio Carlos Junior,Cara de Sapato,11,5,01,187.96,83.91,200.66,Orthodox,1990-03-16,1.95,42.0,2.14,52.0,3.42,39.0,53.0,0.8
Spike Carlyle,Alpha Ginger,9,3,0,172.72,65.77,180.34,Switch,1993-05-06,2.55,54.0,3.85,30.0,3.34,36.0,57.0,0.5
Francis Carmont,Limitless,25,12,0,190.5,92.99,198.12,Orthodox,1981-10-11,2.22,42.0,1.64,59.0,1.79,36.0,73.0,0.6
Liz Carmouche,Girlrilla,13,7,0,167.64,56.7,167.64,Orthodox,1984-02-19,2.78,54.0,2.51,61.0,2.57,51.0,65.0,0.3
Roan Carneiro,Jucao,21,11,0,180.34,77.11,193.04,Orthodox,1978-06-02,1.46,46.0,1.82,62.0,3.05,42.0,83.0,1.4
Ariane Carnelossi,Sorriso,15,4,0,157.48,52.16,154.94,Orthodox,1992-11-17,2.63,38.0,4.61,44.0,1.08,50.0,22.0,0.2
Luana Carolina,Dread,11,5,0,167.64,61.23,175.26,Orthodox,1993-06-11,4.65,51.0,3.46,51.0,0.3,37.0,68.0,0.6
Tim Caron,The Bear,7,1,01,185.42,83.91,,Orthodox,1987-07-24,0.59,50.0,6.9,12.0,0.0,0.0,0.0,0.0
Clayton Carpenter,,8,2,0,167.64,56.7,167.64,Orthodox,1996-06-09,3.66,53.0,2.57,55.0,1.99,46.0,37.0,1.3
Gabriel Carrasco,,7,0,0,167.64,61.23,,,,4.15,37.0,1.53,80.0,0.0,0.0,100.0,0.0
Cody Carrillo,,11,16,0,177.8,70.31,,,,0.0,0.0,0.0,0.0,0.0,0.0,0.0,0.0
Cain Carrizosa,The Insane,10,3,0,172.72,70.31,,Orthodox,1986-07-22,2.72,42.0,5.8,51.0,0.0,0.0,14.0,0.0
Roger Carroll,The Leprechaun,16,14,0,177.8,77.11,,,,7.62,61.0,10.48,43.0,0.0,0.0,100.0,0.0
Jonny Carson,,11,7,0,177.8,70.31,,,,0.0,0.0,0.0,0.0,0.0,0.0,0.0,0.0
Scott Carson,,4,2,0,187.96,97.52,,,,0.62,66.0,6.22,23.0,0.0,0.0,0.0,0.0
Shonie Carter,Mr. International,51,31,71,177.8,77.11,,Southpaw,1972-05-03,1.62,36.0,2.32,47.0,0.75,66.0,75.0,0.0
Jack Cartwright,,10,1,0,175.26,61.23,172.72,Orthodox,1994-05-26,0.8,38.0,3.33,29.0,6.0,66.0,0.0,2.0
Bruno Carvalho,,10,5,0,172.72,69.85,,,1982-06-07,0.6,45.0,0.93,53.0,0.0,0.0,66.0,4.0
Antonio Carvalho,Pato,15,6,0,175.26,65.77,177.8,Orthodox,1979-05-30,3.03,29.0,3.62,64.0,0.0,0.0,100.0,0.0
Rafael Carvalho,,14,1,0,190.5,83.91,,,1986-07-27,1.94,50.0,1.84,54.0,2.77,40.0,70.0,0.0
Shane Carwin,The Engineer,12,2,0,187.96,120.2,203.2,Orthodox,1975-01-04,4.38,47.0,3.53,53.0,1.42,33.0,42.0,0.0
Johnny Case,Hollywood,22,6,0,177.8,70.31,182.88,Orthodox,1989-06-28,3.95,38.0,2.66,61.0,1.7,45.0,72.0,0.2
Kevin Casey,King,9,5,22,180.34,83.91,195.58,Southpaw,1981-06-15,2.27,53.0,3.76,46.0,0.79,22.0,27.0,0.4
Cortney Casey,Cast Iron,10,10,0,170.18,56.7,170.18,Orthodox,1987-05-05,4.29,39.0,4.0,55.0,0.39,31.0,39.0,0.5
Brandon Cash,Money,10,4,0,195.58,115.67,,Orthodox,,5.42,72.0,0.68,33.0,10.17,66.0,0.0,0.0
Bendy Casimir,,20,14,2,165.1,65.77,,Southpaw,1980-06-10,0.74,27.0,3.42,54.0,0.0,0.0,100.0,0.0
Dwayne Cason,,1,1,0,177.8,96.16,,Orthodox,,0.0,0.0,0.0,0.0,0.0,0.0,0.0,0.0
Joe Cason,,9,1,0,190.5,92.99,,,1988-01-19,4.17,55.0,10.83,23.0,0.0,0.0,0.0,0.0
John Castaneda,Sexi Mexi,21,8,1,167.64,61.23,180.34,Switch,1991-12-18,4.95,51.0,5.07,54.0,1.49,37.0,75.0,0.1
Eric Castile,,3,2,0,172.72,65.77,,,,0.0,0.0,0.0,0.0,0.0,0.0,0.0,0.0
Gil Castillo,,8,5,0,175.26,77.11,,Southpaw,1965-10-21,0.6,45.0,2.22,44.0,3.33,45.0,50.0,0.0
Danny Castillo,Last Call,17,10,0,175.26,70.31,180.34,Orthodox,1979-08-25,2.57,42.0,1.96,62.0,2.95,38.0,63.0,0.2
Raul Castillo,,7,1,0,180.34,83.91,,Orthodox,,1.47,48.0,3.27,60.0,0.0,0.0,0.0,0.0
Jenna Castillo,,1,0,0,157.48,56.7,,,1982-05-05,3.24,56.0,2.01,57.0,1.68,100.0,100.0,0.0
Tim Catalfo,Obake,4,2,0,180.34,106.59,,Orthodox,,0.39,100.0,0.77,33.0,0.0,0.0,0.0,0.0
Nick Catone,The Jersey Devil,10,4,0,182.88,83.91,182.88,Southpaw,1981-09-01,2.11,44.0,2.32,63.0,3.71,44.0,83.0,0.5
Luke Caudillo,Lil' Hulk,17,17,0,170.18,70.31,,Orthodox,1980-11-30,1.97,28.0,5.07,55.0,0.44,20.0,85.0,0.0
Gesias Cavalcante,JZ,21,10,12,172.72,70.31,180.34,Orthodox,1983-07-06,1.98,35.0,3.11,51.0,1.25,36.0,66.0,1.1
Rafael Cavalcante,Feijao,12,7,01,185.42,92.99,187.96,Orthodox,1980-04-14,2.71,53.0,3.62,49.0,0.6,40.0,63.0,0.1
Jacqueline Cavalcanti,,10,1,0,172.72,61.23,177.8,Orthodox,1997-08-29,5.65,46.0,3.17,68.0,0.0,0.0,88.0,0.0
Igor Cavalcanti,Jacare,9,1,0,180.34,77.11,200.66,Orthodox,1997-10-10,3.33,42.0,3.6,48.0,1.0,50.0,66.0,0.0
Magnus Cedenblad,Jycken,14,5,0,195.58,83.91,200.66,Orthodox,1982-04-10,2.38,51.0,3.02,40.0,2.87,64.0,66.0,1.0
Yosdenis Cedeno,Pink Panther,10,6,1,172.72,70.31,175.26,Orthodox,1985-02-12,1.64,29.0,1.6,67.0,0.0,0.0,31.0,0.3
Henry Cejudo,Triple C,16,6,0,162.56,61.23,162.56,Orthodox,1987-02-09,3.83,47.0,3.84,57.0,1.78,29.0,72.0,0.1
Adam Cella,El Naturel,6,8,0,187.96,77.11,,,1985-06-26,1.91,42.0,2.61,51.0,3.92,75.0,50.0,1.3
Vinicius Cenci,Chambinho,7,2,0,185.42,70.31,187.96,Orthodox,1995-11-24,2.9,48.0,2.69,62.0,1.61,50.0,0.0,0.0
Katlyn Cerminara,Blonde Fighter,18,6,0,175.26,56.7,172.72,Orthodox,1988-12-28,4.58,34.0,4.48,62.0,0.31,15.0,50.0,0.3
Rafael Cerqueira,The Lion,11,4,0,190.5,92.99,193.04,Southpaw,1990-03-15,1.56,43.0,5.05,36.0,0.0,0.0,36.0,0.0
Donald Cerrone,Cowboy,36,17,02,185.42,70.31,185.42,Orthodox,1983-03-29,4.41,46.0,4.48,53.0,1.16,33.0,73.0,1.2
Jared Chaffee,,5,2,0,177.8,70.31,,,1984-12-15,0.0,0.0,0.0,0.0,0.0,0.0,0.0,0.0
Luan Chagas,Tarzan,15,3,1,182.88,77.11,190.5,Orthodox,1993-06-17,4.16,47.0,3.19,62.0,0.32,12.0,85.0,0.3
Dagiisuren Chagnaadorj,,10,2,0,,65.77,,,1999-12-31,0.0,0.0,0.0,0.0,0.0,0.0,0.0,0.0
Edgar Chairez,Puro Chicali,13,6,01,170.18,56.7,180.34,Orthodox,1996-01-27,3.65,45.0,4.75,46.0,0.0,0.0,38.0,1.3
Ansar Chalangov,,14,5,0,175.26,77.11,,Orthodox,1979-10-30,0.68,66.0,1.69,54.0,0.0,0.0,0.0,7.6
Alex Chambers,Astro Girl,5,5,0,160.02,52.16,160.02,Southpaw,1978-10-25,2.97,54.0,5.1,50.0,2.31,41.0,53.0,1.0
Michael Chandler,Iron,23,10,0,172.72,70.31,180.34,Orthodox,1986-04-24,4.04,49.0,4.52,43.0,1.96,41.0,61.0,0.6
Chelsea Chandler,,6,4,0,172.72,61.23,172.72,Southpaw,1990-11-23,3.55,45.0,4.44,40.0,0.87,60.0,28.0,0.0
Eduardo Chapolin,,15,2,0,170.18,56.7,170.18,Orthodox,1995-11-23,2.47,40.0,1.6,64.0,5.0,83.0,75.0,0.0
Donnie Chappell,,0,1,0,180.34,80.74,,Southpaw,,0.0,0.0,0.0,0.0,0.0,0.0,0.0,0.0
Joe Charles,The Ghetto Man,6,13,0,185.42,117.93,,Southpaw,,0.0,0.0,0.0,0.0,0.0,0.0,0.0,0.0
Dan Charles,The Man,10,6,1,187.96,103.42,,,1985-09-24,2.82,45.0,3.51,44.0,0.0,0.0,31.0,0.0
Morgan Charriere,The Last Pirate,21,12,1,172.72,65.77,175.26,Orthodox,1995-10-26,4.02,50.0,4.51,53.0,2.06,46.0,83.0,0.3
Jeisla Chaves,A Braba,7,0,0,167.64,56.7,172.72,Orthodox,1997-02-02,5.67,51.0,4.27,60.0,0.0,0.0,75.0,0.0
Ernest Chavez,EJ,10,2,0,172.72,65.77,177.8,Orthodox,1983-06-27,2.79,40.0,3.89,59.0,0.89,33.0,50.0,0.0
Emilio Chavez,,12,9,0,175.26,65.77,,,,2.73,48.0,1.53,54.0,3.0,50.0,0.0,0.0
Danny Chavez,The Colombian Warrior,11,5,1,172.72,65.77,170.18,Orthodox,1987-03-14,2.86,38.0,3.83,50.0,1.95,60.0,87.0,0.0
Gabriel Checco,Zangief,10,2,0,185.42,83.91,,Switch,1986-04-03,0.0,0.0,0.0,0.0,0.0,0.0,0.0,0.0
Albert Cheng,,7,4,0,180.34,77.11,,Orthodox,1985-02-07,1.0,41.0,2.6,71.0,0.0,0.0,0.0,0.0
Fabio Cherant,Water Buffalo,7,4,0,185.42,92.99,187.96,Southpaw,1994-11-25,1.35,40.0,4.89,38.0,0.0,0.0,0.0,0.0
Ion Cherdivara,,1,1,0,,92.99,,,,0.0,0.0,0.0,0.0,0.0,0.0,0.0,0.0
Mark Cherico,The Pride of Bloomfield,11,1,0,170.18,65.77,175.26,Orthodox,1986-05-12,3.69,34.0,7.37,56.0,5.03,50.0,0.0,0.0
Macy Chiasson,,11,6,0,180.34,61.23,182.88,Orthodox,1991-07-27,3.21,46.0,2.76,44.0,1.87,35.0,62.0,0.4
Michael Chiesa,Maverick,20,7,0,185.42,77.11,190.5,Southpaw,1987-12-07,2.02,40.0,1.73,57.0,3.11,47.0,65.0,1.0
Giga Chikadze,Ninja,15,6,0,182.88,65.77,187.96,Orthodox,1988-08-25,3.75,42.0,3.47,59.0,0.18,33.0,65.0,0.2
Khamzat Chimaev,Borz,15,0,0,187.96,83.91,190.5,Orthodox,1994-05-01,4.04,60.0,2.32,43.0,5.29,55.0,85.0,1.8
Sako Chivitchian,,8,1,0,180.34,70.31,,Orthodox,1984-03-11,2.4,27.0,4.8,46.0,0.0,0.0,100.0,0.0
Mu Bae Choi,,12,6,0,187.96,104.33,,Orthodox,1970-06-27,1.55,49.0,3.65,44.0,3.12,75.0,60.0,1.0
Hong Man Choi,Techno Goliath,4,5,0,218.44,149.69,,Orthodox,1980-10-30,1.32,26.0,1.46,36.0,0.71,100.0,84.0,0.0
Dooho Choi,The Korean Superboy,16,4,1,177.8,65.77,177.8,Orthodox,1991-04-10,4.67,56.0,4.02,56.0,1.43,53.0,47.0,0.6
SeungWoo Choi,Sting,11,8,0,182.88,65.77,187.96,Orthodox,1992-11-03,3.56,38.0,3.16,47.0,0.83,54.0,70.0,0.0
SeungGuk Choi,,7,3,0,167.64,56.7,162.56,Orthodox,1996-12-26,2.69,42.0,2.69,65.0,1.02,27.0,74.0,0.0
DongHun Choi,,9,0,0,165.1,56.7,167.64,Switch,1999-01-02,4.54,66.0,3.13,58.0,0.46,14.0,81.0,0.0
Mark Choinski,The Shark,8,1,0,172.72,70.31,175.26,Orthodox,1995-10-22,3.87,50.0,7.33,33.0,2.0,18.0,0.0,0.0
John Cholish,,8,3,0,180.34,70.31,187.96,Orthodox,1983-12-17,2.65,49.0,2.29,73.0,1.82,31.0,78.0,0.4
Ryo Chonan,Piranah,22,13,0,175.26,77.11,177.8,Orthodox,1976-10-08,2.57,43.0,2.25,60.0,0.61,41.0,39.0,0.3
Will Chope,The Kill,34,13,0,193.04,65.77,,Switch,1990-09-08,4.43,27.0,9.93,46.0,0.0,0.0,0.0,0.0
Cody Chovancek,The Best Fisherman in MMA,9,0,0,172.72,61.23,170.18,Switch,1998-07-24,2.85,50.0,2.46,51.0,0.0,0.0,83.0,0.0
Joachim Christensen,,14,6,0,190.5,92.99,193.04,Orthodox,1978-11-07,3.78,41.0,3.29,46.0,0.0,0.0,0.0,0.0
Kevin Christian,,9,4,0,200.66,92.99,203.2,Orthodox,1995-01-21,1.64,56.0,2.65,44.0,0.0,0.0,50.0,2.3
Dan Christison,The Sandman,20,7,0,203.2,120.2,,Orthodox,1972-04-26,4.23,51.0,3.88,54.0,0.0,0.0,37.0,1.1
Anthony Christodoulou,,12,7,0,175.26,70.31,,Orthodox,1987-07-30,2.19,26.0,5.9,45.0,0.0,0.0,40.0,0.0
Murad Chunkaiev,,8,4,0,180.34,83.91,,Orthodox,,0.85,16.0,3.41,66.0,8.53,100.0,0.0,0.0
Cameron Church,,4,1,0,180.34,70.31,182.88,Orthodox,1990-09-27,4.0,40.0,4.93,50.0,0.0,0.0,60.0,1.0
Steven Ciaccio,Stryker,4,4,0,182.88,77.11,,,,0.0,0.0,0.0,0.0,0.0,0.0,0.0,0.0
Mike Ciesnolevicz,,19,4,01,182.88,106.59,,Orthodox,1979-10-28,0.51,50.0,4.62,57.0,0.0,0.0,20.0,5.1
Hannah Cifers,Shockwave,10,7,0,154.94,52.16,157.48,Orthodox,1992-06-26,4.99,44.0,5.39,52.0,0.26,100.0,64.0,0.3
Branko Cikatic,,0,2,0,185.42,97.52,,Orthodox,1954-10-03,0.0,0.0,0.0,0.0,0.0,0.0,0.0,0.0
Nikolajus Cilkinas,,2,6,0,,,,Orthodox,,0.0,0.0,5.88,16.0,0.0,0.0,0.0,0.0
Misha Cirkunov,,15,9,0,190.5,92.99,195.58,Orthodox,1987-02-27,3.86,51.0,3.06,57.0,4.15,39.0,76.0,1.7
Johnny Cisneros,The Tattooed Terror,9,6,0,180.34,77.11,,,1980-02-05,0.0,0.0,0.0,0.0,0.0,0.0,0.0,0.0
Laverne Clark,,27,21,1,180.34,77.11,,Orthodox,1973-12-02,0.0,0.0,0.0,0.0,0.0,0.0,0.0,0.0
Logan Clark,,18,6,0,187.96,83.91,,Orthodox,1985-02-16,2.2,54.0,1.49,53.0,0.31,100.0,30.0,2.1
Mychal Clark,,10,14,0,190.5,101.6,,Orthodox,,5.8,56.0,2.9,59.0,0.0,0.0,0.0,0.0
Dominic Clark,,10,7,0,177.8,70.31,,,1985-08-01,0.0,0.0,0.0,0.0,0.0,0.0,0.0,0.0
Heather Clark,Hurricane,7,6,0,167.64,52.16,162.56,Orthodox,1980-09-19,3.69,49.0,5.62,50.0,0.33,4.0,80.0,0.3
Devin Clark,Brown Bear,14,9,0,182.88,92.99,190.5,Orthodox,1990-04-12,3.03,54.0,3.24,44.0,2.17,32.0,58.0,0.1
Jessica-Rose Clark,,11,9,01,165.1,61.23,162.56,Orthodox,1987-11-28,3.73,51.0,3.51,58.0,1.66,42.0,62.0,0.3
Shannon Clark,MMA Barbie,5,1,0,165.1,56.7,162.56,Orthodox,1992-07-07,11.51,58.0,20.55,35.0,0.0,0.0,0.0,0.0
John Clarke,,1,1,0,,77.11,,,1977-08-15,0.0,0.0,0.0,0.0,0.0,0.0,0.0,0.0
Mitch Clarke,Danger Zone,11,5,0,177.8,70.31,185.42,Orthodox,1985-11-24,2.35,34.0,3.27,47.0,0.64,15.0,50.0,0.4
Rich Clementi,No Love,45,23,1,175.26,70.31,182.88,Southpaw,1976-03-31,1.43,37.0,2.29,60.0,1.72,42.0,25.0,1.1
Chris Clements,The Menace,12,6,01,177.8,77.11,177.8,Orthodox,1976-02-09,3.2,49.0,2.37,44.0,0.0,0.0,32.0,0.3
RJ Clifford,,4,3,0,,72.57,,,,0.0,0.0,0.0,0.0,0.0,0.0,0.0,0.0
Mark Climaco,,9,2,0,162.56,56.7,165.1,Southpaw,1997-11-06,4.13,59.0,2.9,57.0,3.5,36.0,46.0,0.0
Josh Clopton,The Gentleman,6,2,1,167.64,65.77,,Orthodox,1981-07-11,1.6,64.0,2.87,50.0,2.0,66.0,75.0,0.0
Brian Cobb,,20,9,0,180.34,70.31,,Orthodox,1980-09-03,0.0,0.0,3.68,55.0,5.81,50.0,0.0,0.0
Darryl Cobb,,6,8,0,175.26,83.91,,,1980-08-04,0.0,0.0,0.0,0.0,0.0,0.0,0.0,0.0
Dave Cochran,,26,29,1,167.64,70.31,,,1973-05-10,0.0,0.0,0.0,0.0,0.0,0.0,0.0,0.0
Dakota Cochrane,,29,12,0,172.72,70.31,,,1986-05-01,2.66,75.0,2.66,30.0,4.43,33.0,0.0,0.0
Marloes Coenen,,23,8,0,175.26,65.77,170.18,,1981-03-31,2.15,51.0,1.9,67.0,0.82,30.0,41.0,2.5
Marc Cofer,,7,5,0,,83.91,,,1972-03-03,0.0,0.0,0.0,0.0,0.0,0.0,0.0,0.0
John Cofer,The Potter,8,4,0,175.26,70.31,,Southpaw,1984-04-29,2.73,41.0,3.43,62.0,1.22,50.0,64.0,0.0
Chris Coggins,,7,10,0,,,,,,0.0,0.0,0.0,0.0,0.0,0.0,0.0,0.0
Felipe Colares,Cabocao,10,4,0,172.72,65.77,175.26,Orthodox,1994-03-31,2.17,45.0,4.65,36.0,1.88,24.0,43.0,0.5
Wayne Cole,,16,25,0,185.42,92.99,,Orthodox,1971-01-06,0.57,20.0,8.33,27.0,4.31,25.0,0.0,4.3
Devin Cole,,20,10,1,193.04,108.86,,Orthodox,1976-10-01,3.5,55.0,2.14,48.0,2.18,42.0,66.0,0.0
Coltin Cole,,4,5,0,,83.91,,,1989-04-24,0.0,0.0,0.0,0.0,0.0,0.0,0.0,0.0
Ivan Cole,JP,2,3,0,175.26,61.23,,,1990-11-30,2.68,36.0,4.69,46.0,0.0,0.0,0.0,0.0
Chandler Cole,The Hammer,10,4,0,177.8,119.75,182.88,Orthodox,1995-01-09,2.45,60.0,3.59,26.0,0.0,0.0,0.0,0.0
Mark Coleman,The Hammer,16,10,0,185.42,92.99,190.5,Orthodox,1964-12-20,1.88,52.0,2.62,40.0,3.89,40.0,50.0,0.8
Cortez Coleman,Hollywood,13,8,0,185.42,83.91,,,1982-01-28,0.0,0.0,0.0,0.0,0.0,0.0,0.0,0.0
Clay Collard,Cassius,14,7,01,180.34,65.77,185.42,Orthodox,1993-03-10,4.22,32.0,5.0,50.0,2.81,39.0,71.0,0.5
Jamie Colleen,,4,1,0,160.02,52.16,165.1,Orthodox,1985-11-02,3.11,61.0,5.66,33.0,0.52,33.0,50.0,1.6
Jake Collier,The Prototype,13,10,0,190.5,104.33,198.12,Orthodox,1988-10-25,5.8,44.0,5.08,50.0,0.71,33.0,67.0,0.6
Christian Colombo,,8,3,1,195.58,120.2,,Orthodox,1980-07-01,2.76,44.0,4.02,42.0,0.0,0.0,33.0,0.0
Willian Colorado,,11,1,0,177.8,61.23,182.88,,1986-06-21,0.0,0.0,0.0,0.0,0.0,0.0,0.0,0.0
Wes Combs,The Soldier,20,6,0,187.96,92.99,,Orthodox,1973-06-18,2.14,48.0,4.73,45.0,0.0,0.0,0.0,0.0
Rose Conceicao,,7,1,0,139.7,52.16,165.1,Orthodox,1997-05-13,3.07,28.0,6.73,60.0,0.0,0.0,0.0,0.0
Roque Conceicao,,10,3,0,162.56,56.7,170.18,Orthodox,1999-10-27,2.73,40.0,9.09,41.0,0.0,0.0,0.0,0.0
Carlos Condit,The Natural Born Killer,32,14,0,187.96,77.11,190.5,Orthodox,1984-04-26,3.66,39.0,2.67,55.0,0.59,46.0,38.0,1.0
Chris Condo,,0,1,0,182.88,151.95,,Orthodox,,0.0,0.0,0.0,0.0,0.0,0.0,0.0,0.0
Jack Congdon,.50 Cal,7,2,0,187.96,77.11,190.5,Switch,1997-05-21,5.29,35.0,9.71,21.0,0.0,0.0,100.0,0.0
Tristan Connelly,Boondock,14,8,0,177.8,65.77,172.72,Orthodox,1985-12-12,3.31,51.0,2.96,50.0,0.33,14.0,60.0,0.3
Marcos Conrado Jr.,,5,1,0,187.96,99.79,,Orthodox,1982-03-14,1.6,34.0,9.69,35.0,1.84,14.0,0.0,0.0
Jeremiah Constant,,11,8,01,185.42,108.86,,Orthodox,1974-07-19,1.5,75.0,3.25,43.0,0.0,0.0,0.0,7.5
Jonathan Contrestano,JT,6,0,0,,70.31,,,,0.0,0.0,0.0,0.0,0.0,0.0,0.0,0.0
Bob Cook,Crazy,5,0,0,175.26,77.11,,Orthodox,,0.0,0.0,0.0,0.0,0.0,0.0,0.0,0.0
Mike Cook,,13,13,0,185.42,92.99,,Orthodox,1981-10-07,1.72,49.0,2.4,46.0,1.03,33.0,55.0,2.1
Chad Cook,,10,12,0,187.96,92.99,,,1979-11-07,0.0,0.0,0.0,0.0,0.0,0.0,0.0,0.0
TJ Cook,,13,5,0,,92.99,,,1982-09-08,2.3,47.0,3.18,54.0,1.01,50.0,0.0,0.0
Dewey Cooper,The Black Cobra,2,1,0,,92.99,,,1974-11-10,0.0,0.0,0.0,0.0,0.0,0.0,0.0,0.0
Brett Cooper,,23,12,0,182.88,77.11,,Orthodox,1987-07-02,0.0,0.0,0.0,0.0,0.0,0.0,0.0,0.0
Bill Cooper,,2,1,0,,70.31,,,1984-05-05,0.0,0.0,0.0,0.0,0.0,0.0,0.0,0.0
Bobby Cooper,Super Duper,12,7,0,185.42,70.31,,,,2.87,25.0,3.4,59.0,0.0,0.0,40.0,1.0
Amanda Cooper,ABC,3,5,0,160.02,52.16,162.56,Switch,1991-10-22,3.55,44.0,3.2,51.0,1.53,38.0,28.0,1.8
Kit Cope,Havoc,6,7,0,182.88,77.11,,Orthodox,1977-03-17,1.18,52.0,2.12,35.0,0.0,0.0,50.0,3.5
Chris Cope,C-Murder,8,4,0,182.88,77.11,182.88,Orthodox,1983-03-05,3.96,26.0,4.82,50.0,0.0,0.0,80.0,0.0
Josh Copeland,Cuddly Bear,12,4,0,185.42,120.2,,Orthodox,1982-10-20,1.03,31.0,3.01,55.0,0.0,0.0,57.0,0.0
Michael Cora,Kookie Monster,4,1,0,185.42,77.11,195.58,Southpaw,1989-08-24,0.8,28.0,0.13,66.0,0.0,0.0,25.0,0.0
Akira Corassani,,12,6,01,172.72,65.77,172.72,Orthodox,1982-08-27,3.25,45.0,4.91,50.0,0.7,28.0,86.0,0.0
Muhsin Corbbrey,,17,9,0,177.8,70.31,,Orthodox,1978-05-18,2.02,34.0,5.41,53.0,0.0,0.0,80.0,0.4
Alden Coria,Cobra,12,3,01,172.72,56.7,170.18,Orthodox,1998-04-24,4.69,44.0,2.4,69.0,1.75,50.0,71.0,0.0
Daniel Cormier,DC,22,3,01,180.34,106.59,182.88,Orthodox,1979-03-20,4.25,52.0,2.92,54.0,1.83,44.0,80.0,0.4
Nora Cornolle,,9,4,0,170.18,61.23,170.18,Orthodox,1989-12-06,2.73,55.0,2.04,56.0,0.22,11.0,47.0,0.2
Clint Coronel,,2,5,0,,70.31,,,1981-06-15,4.93,32.0,5.6,66.0,0.0,0.0,66.0,0.0
Henry Corrales,,13,3,0,175.26,65.77,,,,4.12,41.0,5.84,55.0,0.0,0.0,69.0,0.0
Bethe Correia,Pitbull,11,6,1,165.1,61.23,162.56,Orthodox,1983-06-22,4.37,43.0,4.93,56.0,0.39,18.0,85.0,0.0
Wesley Correira,Cabbage,20,16,0,190.5,117.93,,Orthodox,1978-11-11,2.6,36.0,8.8,40.0,0.0,0.0,90.0,0.0
Waldo Cortes Acosta,Salsa Boy,17,2,0,193.04,117.93,198.12,Orthodox,1991-10-03,5.54,49.0,3.38,56.0,0.44,57.0,72.0,0.1
Tracy Cortez,,12,3,0,165.1,56.7,165.1,Orthodox,1993-12-10,3.86,48.0,3.01,57.0,2.15,46.0,59.0,0.3
Reyes Cortez Jr.,,7,3,0,170.18,61.23,172.72,Orthodox,1992-07-31,4.1,45.0,7.43,52.0,1.5,11.0,100.0,0.0
Chad Corvin,The Brave Warrior,5,0,0,195.58,115.67,,,,0.0,0.0,0.0,0.0,0.0,0.0,0.0,0.0
Louis Cosce,,7,2,0,175.26,77.11,180.34,Orthodox,1995-08-27,4.31,45.0,5.35,47.0,1.04,20.0,50.0,0.5
Orion Cosce,Galaxy,8,2,0,180.34,77.11,180.34,Switch,1994-07-15,2.77,53.0,4.02,44.0,1.92,40.0,61.0,0.0
Miguel Cosio,,1,13,0,193.04,92.99,,,1981-02-18,0.0,0.0,0.0,0.0,0.0,0.0,0.0,0.0
Jadson Costa,,22,8,01,170.18,70.31,,Orthodox,1980-11-18,0.2,50.0,3.05,50.0,0.0,0.0,0.0,0.0
Guilherme Costa,The Prodigy,7,1,0,,70.31,,,,0.0,0.0,0.0,0.0,0.0,0.0,0.0,0.0
Paulo Costa,The Eraser,16,4,0,185.42,92.99,182.88,Orthodox,1991-04-21,6.15,59.0,5.96,49.0,0.3,42.0,77.0,0.0
Randy Costa,The Zohan,6,4,0,175.26,61.23,185.42,Switch,1994-07-06,6.53,46.0,7.58,58.0,0.0,0.0,50.0,0.0
Alessandro Costa,Nono,15,5,0,162.56,56.7,170.18,Orthodox,1996-01-28,3.73,45.0,3.72,56.0,0.79,26.0,86.0,0.4
Melquizael Costa,The Dalmatian,26,7,0,177.8,65.77,180.34,Southpaw,1996-09-14,4.38,49.0,2.97,54.0,2.0,40.0,58.0,1.1
Vitor Costa,,8,2,0,187.96,83.91,190.5,Orthodox,2000-09-19,7.36,54.0,9.62,50.0,0.0,0.0,0.0,0.0
Oscar Cota,Elevation,11,3,01,182.88,104.33,182.88,Orthodox,1984-10-15,0.33,41.0,2.47,41.0,0.0,0.0,60.0,1.0
Patrick Cote,The Predator,23,11,0,180.34,77.11,190.5,Orthodox,1980-02-29,2.81,48.0,3.21,48.0,0.68,20.0,43.0,0.2
JC Cottrell,,17,5,0,175.26,70.31,,Orthodox,1989-11-04,0.79,25.0,2.75,45.0,0.79,100.0,50.0,0.0
JR Coughran,Bam Bam,4,1,0,167.64,65.77,,Orthodox,1994-05-17,12.29,57.0,6.8,45.0,0.0,0.0,75.0,0.0
Rashad Coulter,Daywalker,9,4,0,180.34,92.99,193.04,Orthodox,1981-11-27,4.82,56.0,6.68,50.0,0.0,0.0,62.0,0.0
Dave Courchaine,,20,7,0,172.72,77.11,,,1983-02-08,0.0,0.0,0.0,0.0,0.0,0.0,0.0,0.0
Randy Couture,The Natural,19,11,0,185.42,92.99,190.5,Orthodox,1963-06-22,2.85,57.0,1.53,59.0,2.78,46.0,58.0,0.5
Kim Couture,Sugar Free,3,8,0,172.72,61.23,,Orthodox,1975-12-18,12.12,80.0,2.31,69.0,0.0,0.0,0.0,0.0
Ryan Couture,,11,5,0,177.8,70.31,185.42,Orthodox,1982-08-27,3.54,45.0,2.87,54.0,1.55,29.0,46.0,1.3
Nikk Covert,The Brick,3,4,0,172.72,83.91,,,1969-08-04,0.0,0.0,0.0,0.0,0.0,0.0,0.0,0.0
Colby Covington,Chaos,17,5,0,180.34,77.11,182.88,Orthodox,1988-02-22,3.81,38.0,3.09,54.0,3.64,42.0,68.0,0.2
Hailey Cowan,All Hail,7,5,0,172.72,61.23,170.18,Southpaw,1992-02-12,2.66,43.0,2.92,40.0,1.95,42.0,80.0,0.0
Jeff Cox,The Grinder,10,7,0,177.8,70.31,,Orthodox,1968-08-02,0.56,25.0,1.69,33.0,4.23,50.0,80.0,0.0
Nathan Coy,Soulforce,15,7,0,177.8,77.11,175.26,Southpaw,1978-07-24,3.88,52.0,2.4,61.0,3.17,47.0,50.0,0.0
Andrew Craig,Highlight,9,4,0,185.42,77.11,193.04,Orthodox,1986-01-15,2.39,40.0,3.01,50.0,0.53,37.0,72.0,0.0
Paul Craig,Bearjew,17,10,11,190.5,92.99,193.04,Orthodox,1987-11-27,2.5,45.0,3.04,43.0,1.43,18.0,35.0,1.3
Dan Cramer,,11,4,0,187.96,77.11,,Orthodox,1985-10-31,0.97,30.0,2.1,31.0,0.0,0.0,66.0,0.5
Alberto Crane,,15,5,0,165.1,70.31,,Orthodox,1976-07-14,0.43,25.0,2.61,57.0,0.0,0.0,50.0,4.0
Tim Credeur,,12,4,0,190.5,83.91,190.5,Orthodox,1977-07-09,3.59,30.0,3.13,57.0,0.41,100.0,50.0,3.3
Paul Creighton,,3,1,0,167.64,70.31,,Southpaw,1970-06-04,0.72,75.0,4.65,30.0,5.37,37.0,0.0,0.0
Helena Crevar,,0,0,0,,,,,,0.0,0.0,0.0,0.0,0.0,0.0,0.0,0.0
Alexander Crispim,,8,6,0,,65.77,,,,0.0,0.0,0.0,0.0,0.0,0.0,0.0,0.0
Alex Crispin,,0,1,0,,70.31,,,,0.0,0.0,0.0,0.0,0.0,0.0,0.0,0.0
Melissa Croden,Scare,8,3,0,175.26,61.23,172.72,Orthodox,1991-04-12,4.27,47.0,2.13,59.0,2.02,50.0,66.0,0.3
Kevin Croom,Crash,21,15,01,180.34,61.23,185.42,Orthodox,1987-07-15,2.65,34.0,3.1,41.0,0.48,5.0,30.0,0.5
Kiefer Crosbie,BDK,10,6,0,180.34,77.11,177.8,Switch,1990-04-05,4.46,64.0,5.8,46.0,0.0,0.0,40.0,0.0
Ken Cross,The Boss,11,3,0,182.88,70.31,182.88,Southpaw,1994-10-04,2.2,57.0,1.4,55.0,1.0,12.0,66.0,0.0
Jeff Crotty,,1,1,0,,70.31,,,,0.93,35.0,3.33,54.0,5.0,38.0,0.0,1.0
Allen Crowder,Pretty Boy,10,4,01,190.5,111.13,193.04,Orthodox,1989-11-08,2.95,51.0,2.95,56.0,1.85,33.0,100.0,1.2
Daron Cruickshank,Detroit Superstar,18,10,01,172.72,70.31,182.88,Switch,1985-06-11,2.88,38.0,2.98,57.0,2.04,41.0,60.0,0.2
Richard Crunkilton,Cleat,19,4,0,170.18,70.31,,Orthodox,1979-11-25,1.72,41.0,1.45,58.0,4.08,61.0,65.0,1.3
Jimmy Crute,,14,4,2,187.96,92.99,187.96,Orthodox,1996-03-04,4.15,52.0,3.65,42.0,4.39,52.0,58.0,2.0
Marcio Cruz,Pe de Pano,8,3,0,193.04,105.23,,Orthodox,1978-04-24,2.92,46.0,1.51,68.0,0.53,7.0,37.0,1.6
Dominick Cruz,The Dominator,24,4,0,172.72,61.23,172.72,Orthodox,1985-03-09,3.91,33.0,2.61,70.0,2.82,42.0,83.0,0.1
Aalon Cruz,,8,4,0,182.88,65.77,198.12,Switch,1989-09-20,7.58,39.0,8.88,58.0,0.0,0.0,0.0,0.0
Timmy Cuamba,Twilight,10,3,0,175.26,61.23,180.34,Orthodox,1999-02-08,2.77,44.0,3.58,57.0,1.31,31.0,72.0,0.0
Jay Cucciniello,,8,1,0,170.18,70.31,,Orthodox,1986-07-23,0.93,21.0,4.73,36.0,0.0,0.0,71.0,0.0
Emilio Cuellar,Show Kid,6,1,0,,56.7,,,,0.0,0.0,0.0,0.0,0.0,0.0,0.0,0.0
Josh Culibao,Kuya,11,4,1,177.8,65.77,185.42,Orthodox,1994-05-24,3.41,44.0,3.04,59.0,0.0,0.0,65.0,0.3
Chris Culley,,20,15,0,,65.77,,,1986-03-25,0.0,0.0,0.0,0.0,0.0,0.0,0.0,0.0
Abel Cullum,The Silent Assassin,20,6,0,170.18,63.05,,Orthodox,1987-04-21,1.82,40.0,1.23,46.0,4.01,52.0,0.0,2.8
Zak Cummings,,25,7,0,182.88,92.99,190.5,Southpaw,1984-08-02,2.96,35.0,2.91,55.0,0.62,28.0,66.0,0.6
Everett Cummings,,12,0,0,,92.99,,,,0.43,60.0,4.34,45.0,0.0,0.0,0.0,2.2
Patrick Cummins,Durkin,10,7,0,187.96,92.99,193.04,Orthodox,1980-11-16,4.26,50.0,3.35,55.0,4.49,41.0,28.0,0.1
Luke Cummo,,6,6,0,182.88,77.11,187.96,Orthodox,1980-04-27,1.74,43.0,1.5,59.0,0.89,55.0,42.0,1.4
Hugo Cunha,Silverback,8,2,0,190.5,119.29,200.66,Orthodox,1993-02-04,0.6,30.0,3.01,34.0,0.0,0.0,0.0,0.0
Alton Cunningham,The Bo-Man,4,2,0,187.96,92.99,195.58,Orthodox,1993-06-24,3.33,75.0,4.94,20.0,1.67,10.0,100.0,0.0
AJ Cunningham,The Savage,11,5,0,177.8,61.23,180.34,Orthodox,1994-09-07,4.22,29.0,6.31,48.0,0.0,0.0,46.0,0.5
Tommy Cuozzi Jr.,Little T,8,1,0,175.26,65.77,180.34,Orthodox,1999-08-31,2.43,17.0,14.22,34.0,0.0,0.0,0.0,0.0
Santo Curatolo,,6,2,0,160.02,56.7,157.48,Southpaw,1995-01-18,1.4,39.0,6.07,34.0,2.0,33.0,100.0,0.0
Larry Cureton,,0,2,0,187.96,108.86,,Orthodox,,0.0,0.0,0.0,0.0,0.0,0.0,0.0,0.0
Jeff Curran,Big Frog,36,18,1,167.64,61.23,175.26,Orthodox,1977-09-02,1.54,31.0,2.48,60.0,0.35,12.0,35.0,1.2
Kailin Curran,,4,5,0,162.56,52.16,165.1,Orthodox,1991-04-11,3.89,43.0,4.75,53.0,2.0,57.0,61.0,0.6
Pat Curran,Paddy Mike,22,7,0,175.26,65.77,,,1987-08-31,4.7,58.0,4.4,63.0,2.5,62.0,66.0,0.0
Will Currie,Drago,12,4,0,190.5,83.91,193.04,Switch,1998-11-12,2.73,47.0,5.67,44.0,2.0,13.0,50.0,0.0
Chris Curtis,Action-Man,32,13,01,177.8,77.11,190.5,Orthodox,1987-07-15,5.52,50.0,5.75,54.0,0.0,0.0,64.0,0.0
Ion Cutelaba,The Hulk,20,11,11,185.42,92.99,190.5,Southpaw,1993-12-14,4.23,43.0,3.28,47.0,3.76,49.0,75.0,0.2
Gleidson Cutis,Poney,7,4,0,175.26,70.31,,Orthodox,1989-02-07,2.99,52.0,8.28,59.0,0.0,0.0,0.0,0.0
Sarah D'alelio,The Monster,11,7,0,170.18,65.77,,,1980-12-13,2.4,33.0,0.0,100.0,0.0,0.0,100.0,0.0
Marcos da Matta,Parrumpinha,11,3,0,162.56,65.77,,,1973-03-18,0.0,0.0,0.0,0.0,0.0,0.0,0.0,0.0
Henrique da Silva,Frankenstein,14,5,0,190.5,92.99,193.04,Orthodox,1989-09-01,3.89,60.0,5.28,40.0,0.25,14.0,22.0,0.2
Ariane da Silva,Queen of Violence,17,11,0,167.64,56.7,170.18,Orthodox,1994-01-26,4.05,41.0,4.4,50.0,0.47,38.0,68.0,0.3
Alex Da Silva,Leko,21,4,0,172.72,70.31,185.42,Orthodox,1996-02-04,2.14,46.0,2.52,56.0,1.97,43.0,76.0,0.3
Radley Da Silva,Snake Eyes,8,1,0,175.26,65.77,180.34,Orthodox,1995-06-20,0.27,22.0,0.93,48.0,6.0,100.0,100.0,0.0
Henrique Da Silva Lopes,Montanha,5,2,0,190.5,108.86,,,1985-03-08,0.0,0.0,0.0,0.0,0.0,0.0,0.0,0.0
Deni Daffa,,6,2,0,182.88,70.31,187.96,Orthodox,1999-09-08,3.47,38.0,6.45,38.0,0.0,0.0,0.0,0.0
Nicolas Dalby,Lokomotivo,24,6,12,180.34,77.11,187.96,Orthodox,1984-11-16,3.88,43.0,3.51,52.0,0.9,26.0,59.0,0.1
Paul Daley,Semtex,39,15,2,175.26,77.11,193.04,Orthodox,1983-02-21,3.14,47.0,2.37,60.0,0.91,40.0,64.0,0.0
Dave Dalgliesh,,30,19,2,187.96,92.99,,Orthodox,1978-04-05,0.0,0.0,1.85,50.0,0.0,0.0,0.0,0.0
Richard Dalton,,4,3,1,185.42,92.99,,Orthodox,1977-07-19,1.2,69.0,3.27,25.0,1.0,11.0,0.0,0.0
Aisling Daly,Ais the Bash,16,6,0,157.48,52.16,162.56,Orthodox,1987-12-24,2.92,52.0,1.4,55.0,2.15,41.0,33.0,0.9
Marko Damiani,,0,2,0,182.88,77.11,,,,0.0,0.0,0.0,0.0,0.0,0.0,0.0,0.0
Leonardo Damiani,Puppy,10,3,1,177.8,77.11,175.26,Orthodox,1990-08-30,1.67,23.0,4.17,37.0,0.0,0.0,50.0,0.0
Rodrigo Damm,,13,9,0,170.18,70.31,180.34,Orthodox,1980-02-03,3.5,36.0,5.61,57.0,0.44,16.0,80.0,0.3
Carina Damm,Beauty But the Beast,2,13,0,162.56,61.23,,,,0.0,0.0,0.0,0.0,0.0,0.0,0.0,0.0
Batgerel Danaa,Storm,12,5,0,170.18,61.23,177.8,Orthodox,1989-07-04,5.38,36.0,4.21,47.0,0.52,50.0,62.0,0.0
Cindy Dandois,Battlecat,8,3,0,170.18,61.23,,Orthodox,1984-10-26,3.13,32.0,3.4,58.0,5.0,55.0,0.0,0.0
Peter Danesoe,The Asian Viking,8,4,0,175.26,61.23,172.72,Orthodox,2000-09-01,4.99,52.0,6.73,38.0,0.0,0.0,62.0,0.0
Jarjis Danho,Man Mountain,7,1,11,190.5,120.2,187.96,Orthodox,1983-10-15,3.38,50.0,5.25,49.0,0.51,16.0,100.0,0.0
Jose Daniel Medina,Chicho,11,7,0,182.88,83.91,187.96,Orthodox,1991-05-17,2.13,36.0,5.34,46.0,0.39,33.0,27.0,0.0
Raymond Daniels,,0,1,0,187.96,83.91,,Southpaw,1980-04-29,0.0,0.0,2.61,38.0,0.0,0.0,33.0,3.0
Marques Daniels,,5,5,0,,70.31,,,1978-06-14,0.0,0.0,0.0,0.0,0.0,0.0,0.0,0.0
Anvarbek Daniyalbekov,,8,0,0,,83.91,,,1995-05-27,0.0,0.0,0.0,0.0,0.0,0.0,0.0,0.0
Alexandre Dantas,Cafe,0,3,0,187.96,107.95,,Orthodox,1979-03-01,0.21,25.0,1.87,60.0,0.0,0.0,0.0,3.1
Eduardo Dantas,Dudu,20,4,0,177.8,61.23,,,1989-02-03,3.33,60.0,3.0,60.0,4.0,23.0,100.0,0.0
Mac Danzig,,21,12,1,172.72,70.31,177.8,Orthodox,1980-01-02,3.39,48.0,3.44,57.0,1.2,37.0,46.0,0.6
Karen Darabedyan,,13,6,0,170.18,70.31,172.72,Orthodox,1986-12-18,3.43,51.0,2.62,67.0,2.14,75.0,0.0,0.0
Beneil Dariush,,23,8,1,177.8,70.31,182.88,Southpaw,1989-05-06,3.78,49.0,2.62,57.0,2.11,38.0,82.0,0.8
Sean Daugherty,,0,2,0,182.88,79.38,,,1975-12-04,0.0,0.0,0.0,0.0,0.0,0.0,0.0,0.0
Kyle Daukaus,,17,4,01,187.96,83.91,193.04,Southpaw,1993-02-27,3.32,53.0,2.9,42.0,2.08,25.0,82.0,2.1
Chris Daukaus,,12,7,0,190.5,92.99,193.04,Orthodox,1989-09-25,6.05,50.0,4.64,55.0,0.0,0.0,100.0,0.0
Brian Davidson,,13,4,0,167.64,65.77,,,1975-11-22,0.0,0.0,0.0,0.0,0.0,0.0,0.0,0.0
Rick Davis,The Flying Squirrel,3,1,1,175.26,70.31,,Orthodox,,3.09,50.0,6.19,64.0,0.0,0.0,0.0,0.0
Marcus Davis,The Irish Hand Grenade,22,11,01,177.8,77.11,177.8,Southpaw,1973-08-24,2.72,39.0,2.79,65.0,1.6,48.0,47.0,1.4
LC Davis,,23,8,0,172.72,61.23,175.26,Southpaw,1980-10-28,2.04,30.0,2.1,59.0,2.27,46.0,66.0,0.2
Phil Davis,Mr. Wonderful,17,4,01,187.96,92.99,200.66,Orthodox,1984-09-25,2.85,34.0,1.33,72.0,2.99,38.0,72.0,0.6
Lemont Davis,,2,6,0,172.72,77.11,,Orthodox,,0.87,54.0,1.27,55.0,1.0,50.0,0.0,1.0
Mike Davis,,2,0,0,,,,,,0.0,0.0,0.0,0.0,0.0,0.0,0.0,0.0
Justin Davis,Dangerous,13,16,0,180.34,92.99,,,1983-04-01,0.0,0.0,0.0,0.0,0.0,0.0,0.0,0.0
Alexis Davis,,21,11,0,167.64,61.23,172.72,Orthodox,1984-10-04,4.63,49.0,4.45,54.0,0.95,44.0,34.0,0.7
Danny Davis,,13,11,1,187.96,77.11,,,1982-07-28,0.0,0.0,0.0,0.0,0.0,0.0,0.0,0.0
Brandon Davis,Killer B,14,10,0,177.8,61.23,182.88,Orthodox,1990-05-08,4.68,35.0,4.62,58.0,0.74,42.0,57.0,0.1
Mike Davis,Beast Boy,12,3,0,182.88,70.31,182.88,Orthodox,1992-10-07,4.73,53.0,5.23,54.0,2.4,44.0,60.0,0.8
Hakeem Dawodu,Mean,13,4,1,172.72,65.77,185.42,Orthodox,1991-07-02,5.45,50.0,3.37,56.0,0.0,0.0,65.0,0.0
Grant Dawson,KGD,23,3,1,177.8,70.31,182.88,Switch,1994-02-20,3.21,52.0,2.13,44.0,3.81,39.0,57.0,1.1
Jason Day,Dooms,19,12,0,182.88,83.91,182.88,Orthodox,1981-05-19,3.61,54.0,3.46,47.0,1.13,100.0,0.0,0.0
Martin Day,The Spartan,8,6,0,177.8,65.77,185.42,Orthodox,1988-11-10,3.97,45.0,3.79,53.0,0.72,60.0,65.0,0.5
Angel De Anda,The Dream,18,6,0,175.26,102.06,,Orthodox,1985-05-28,5.68,46.0,6.32,47.0,0.0,0.0,0.0,0.0
Yorgan De Castro,The Mad Titan,6,3,0,182.88,113.4,187.96,Orthodox,1986-12-19,2.46,43.0,3.85,53.0,0.0,0.0,77.0,0.0
Geraldo de Freitas,Spartan,12,6,0,170.18,61.23,182.88,Orthodox,1991-09-30,3.67,52.0,2.62,50.0,3.0,45.0,59.0,0.0
Philip De Fries,,12,6,01,195.58,113.4,200.66,Orthodox,1986-04-21,2.3,47.0,3.0,37.0,3.29,42.0,100.0,0.6
Chris de la Rocha,,5,3,0,190.5,113.4,203.2,Orthodox,1979-05-15,4.08,45.0,6.37,43.0,2.02,30.0,33.0,1.0
Montana De La Rosa,,13,9,1,170.18,56.7,172.72,Orthodox,1995-02-14,2.9,37.0,3.39,45.0,1.85,33.0,68.0,0.8
Mark De La Rosa,Bumblebee,11,5,0,167.64,61.23,165.1,Orthodox,1994-08-31,3.13,35.0,5.0,48.0,0.54,13.0,40.0,0.2
Mike de la Torre,El Cucuy,14,7,01,180.34,65.77,180.34,Orthodox,1986-09-22,3.21,39.0,4.75,51.0,0.36,16.0,83.0,0.0
Rodrigo de Lima,Monstro,8,3,1,170.18,70.31,,Orthodox,1991-03-12,1.29,33.0,5.5,32.0,2.66,36.0,0.0,1.3
Edilberto de Oliveira,Crocota,29,15,2,182.88,77.11,,Orthodox,1982-11-22,4.12,32.0,6.79,61.0,0.0,0.0,0.0,0.0
Johil de Oliveira,,17,15,11,167.64,77.11,,Orthodox,1969-08-07,0.51,34.0,0.73,58.0,1.1,50.0,44.0,0.6
Jorge de Oliveira,Blade,9,2,0,172.72,70.31,,Orthodox,1980-01-22,1.26,31.0,4.84,48.0,0.0,0.0,22.0,0.0
Jair De Oliveira,Mamute,6,1,0,175.26,92.99,175.26,,1996-05-09,3.98,60.0,3.45,69.0,0.0,0.0,0.0,0.0
Isabela de Padua,Belinha,5,2,0,160.02,56.7,162.56,Orthodox,1991-09-04,1.0,35.0,2.07,50.0,2.0,66.0,0.0,1.0
Gloria de Paula,Glorinha,6,5,0,165.1,52.16,170.18,Orthodox,1995-06-10,4.89,53.0,3.77,66.0,0.74,37.0,65.0,0.5
Germaine de Randamie,The Iron Lady,10,5,0,175.26,61.23,180.34,Orthodox,1984-04-24,2.57,46.0,2.0,65.0,0.0,0.0,65.0,0.4
Reinier de Ridder,RdR,21,4,0,193.04,83.91,198.12,Southpaw,1990-09-07,2.47,48.0,2.36,46.0,2.56,29.0,40.0,0.6
Crezio de Souza,,1,2,0,,77.11,,Orthodox,,0.0,0.0,0.0,0.0,0.0,0.0,0.0,0.0
Carl Deaton,The Anishinaabe Kid,17,7,02,170.18,70.31,175.26,Orthodox,1989-11-24,1.53,31.0,1.85,61.0,0.0,0.0,50.0,0.0
Tom DeBlass,,9,2,0,182.88,83.91,,Orthodox,1982-05-14,1.5,35.0,4.43,37.0,1.0,50.0,28.0,0.5
Issac DeJesus,,12,7,11,,65.77,,,,0.0,0.0,0.0,0.0,0.0,0.0,0.0,0.0
Rafael  Del Real,,6,20,0,180.34,102.06,,,,5.58,40.0,0.0,0.0,20.93,100.0,100.0,0.0
Shane del Rosario,,11,2,0,193.04,113.4,,Southpaw,1983-09-23,3.93,60.0,2.97,54.0,1.2,40.0,16.0,2.4
Wallen Del Rosario,,8,2,0,162.56,56.7,170.18,Orthodox,1993-03-18,1.4,32.0,4.73,40.0,1.0,16.0,100.0,0.0
Yadier del Valle,The Cuban Problem,10,1,0,175.26,65.77,175.26,Southpaw,1996-07-29,4.05,60.0,2.16,55.0,1.23,42.0,58.0,2.0
Jose Delano,,17,3,0,172.72,65.77,177.8,Orthodox,1996-09-11,8.43,64.0,3.5,68.0,0.0,0.0,75.0,0.0
Humberto DeLeon,,7,7,0,,61.23,,,1989-11-12,0.0,0.0,0.0,0.0,0.0,0.0,0.0,0.0
Rolando Delgado,Roli,11,6,1,190.5,70.31,195.58,Orthodox,1981-11-22,1.56,40.0,1.83,62.0,1.17,22.0,0.0,3.5
Israel Delgado,,0,2,0,177.8,70.31,,,,0.0,0.0,0.0,0.0,0.0,0.0,0.0,0.0
Jose Delgado,,11,2,0,180.34,65.77,187.96,Switch,1998-04-21,7.48,54.0,4.95,50.0,1.51,40.0,50.0,0.0
Ante Delija,Walking Trouble,26,8,0,190.5,108.41,198.12,Orthodox,1990-08-07,4.28,38.0,3.95,52.0,0.0,0.0,75.0,0.0
Jack Della Maddalena,,18,4,0,180.34,77.11,185.42,Switch,1996-09-10,5.57,51.0,3.84,63.0,0.13,10.0,64.0,0.1
Roland Delorme,,9,5,01,175.26,61.23,180.34,Orthodox,1983-12-18,2.28,44.0,4.32,40.0,2.51,34.0,42.0,1.6
Jon Delos Reyes,The Heat,8,5,0,167.64,56.7,170.18,Orthodox,1987-08-19,2.99,38.0,4.14,51.0,3.2,83.0,55.0,1.9
Jason DeLucia,,33,21,1,180.34,86.18,,Southpaw,1969-07-24,0.0,0.0,0.0,0.0,0.0,0.0,0.0,0.0
Justin DeMoney,,15,7,1,,77.11,,,1985-07-01,0.0,0.0,0.0,0.0,0.0,0.0,0.0,0.0
Vanessa Demopoulos,Lil Monster,11,8,0,157.48,56.7,149.86,Orthodox,1988-09-22,3.37,39.0,5.39,41.0,0.32,9.0,26.0,0.4
Chris Dempsey,,11,5,0,177.8,83.91,182.88,Orthodox,1987-09-08,2.25,32.0,2.82,65.0,2.64,23.0,16.0,0.0
Nick Denis,The Ninja of Love,11,3,0,170.18,61.23,,Orthodox,1983-10-11,6.54,53.0,5.42,36.0,2.8,100.0,80.0,0.0
Thomas Denny,The Wildman,27,21,1,177.8,77.11,,Orthodox,1971-04-19,2.36,45.0,4.69,40.0,1.48,17.0,42.0,1.5
Robert Densley,The Wrecker,9,10,0,175.26,70.31,,,,1.81,47.0,0.4,60.0,0.0,0.0,50.0,0.0
Jason Dent,Dynamite,22,13,0,177.8,70.31,180.34,Orthodox,1980-06-12,2.01,39.0,3.7,62.0,0.0,0.0,26.0,1.4
Mackenzie Dern,,16,5,0,162.56,52.16,160.02,Orthodox,1993-03-24,3.47,41.0,3.93,51.0,0.93,18.0,37.0,1.1
Booker DeRousse,,6,5,0,187.96,92.99,,,1981-03-23,0.0,0.0,0.0,0.0,0.0,0.0,0.0,0.0
Tony DeSouza,,11,4,0,182.88,77.11,177.8,Southpaw,1974-07-26,1.12,52.0,1.57,41.0,2.25,42.0,40.0,1.5
Robelis Despaigne,The Big Boy,5,2,0,200.66,120.2,213.36,Orthodox,1988-09-09,2.11,59.0,2.54,46.0,0.0,0.0,50.0,0.0
Cory Devela,The One,16,7,0,152.4,83.91,,Orthodox,1984-08-05,4.07,41.0,4.0,47.0,1.07,12.0,62.0,0.0
John Devine,,6,4,0,,,,,1978-01-17,1.52,18.0,2.28,57.0,0.0,0.0,0.0,0.0
Edwin DeWees,Babyface,38,17,01,185.42,83.91,,Orthodox,1982-08-07,1.53,33.0,6.19,39.0,2.18,66.0,0.0,3.3
Rabindra Dhant,,9,1,0,,61.23,,,1998-11-30,0.0,0.0,0.0,0.0,0.0,0.0,0.0,0.0
Alessio Di Chirico,Manzo,13,7,0,182.88,83.91,187.96,Orthodox,1989-12-12,3.32,39.0,3.44,61.0,1.46,39.0,83.0,0.0
Micol Di Segni,,7,3,0,160.02,52.16,152.4,Orthodox,1987-12-29,7.47,40.0,5.87,33.0,0.0,0.0,37.0,0.0
Cyrille Diabate,The Snake,19,10,1,198.12,92.99,205.74,Southpaw,1973-10-06,4.06,71.0,1.78,60.0,1.17,83.0,53.0,0.2
Thomas Diagne,,6,6,1,185.42,69.85,,,1983-09-03,4.53,48.0,4.53,63.0,2.0,100.0,66.0,0.0
Marc Diakiese,Bonecrusher,17,7,0,177.8,70.31,185.42,Orthodox,1993-03-16,2.54,40.0,2.64,52.0,3.29,43.0,66.0,0.0
Tyler Diamond,,9,1,0,170.18,65.77,175.26,Orthodox,1991-03-18,3.4,47.0,2.53,44.0,3.0,75.0,70.0,0.0
Blood Diamond,,3,3,0,180.34,77.11,193.04,Switch,1988-07-10,3.12,55.0,2.17,48.0,0.0,0.0,73.0,0.0
Eldo Xavier Dias,,0,1,0,180.34,81.65,,,1964-07-16,0.0,0.0,0.0,0.0,0.0,0.0,0.0,0.0
Rafael Dias,,17,12,2,175.26,65.77,,Orthodox,1979-10-20,1.13,27.0,2.19,60.0,3.17,47.0,100.0,1.2
Hacran Dias,Barnabe,23,6,1,172.72,70.31,175.26,Orthodox,1984-06-16,2.08,41.0,3.31,55.0,2.5,39.0,76.0,0.5
Victor Dias,Crazy Horse,11,3,0,167.64,56.7,175.26,Orthodox,1990-12-26,2.87,44.0,5.8,55.0,5.0,41.0,0.0,0.0
Luis Felipe Dias,,17,5,0,177.8,83.91,187.96,,1995-01-17,1.77,38.0,2.7,52.0,6.24,57.0,66.0,1.6
Magno Dias,The Violence,6,2,0,165.1,61.23,170.18,,1995-11-30,2.44,45.0,7.32,50.0,1.41,33.0,0.0,1.4
Nick Diaz,,26,10,02,185.42,77.11,193.04,Southpaw,1983-08-02,5.71,42.0,3.84,59.0,1.28,32.0,60.0,1.0
Nate Diaz,,22,13,0,182.88,77.11,193.04,Southpaw,1985-04-16,4.57,45.0,3.77,52.0,1.05,30.0,41.0,1.3
Michael Diaz,,1,2,0,,117.93,,,,0.0,0.0,0.0,0.0,0.0,0.0,0.0,0.0
Ryan Diaz,,13,14,0,,65.77,,,1979-02-06,0.0,0.0,0.0,0.0,0.0,0.0,0.0,0.0
Adrian Diaz,,11,4,1,177.8,65.77,,Southpaw,1988-04-26,0.48,42.0,3.84,51.0,2.4,50.0,0.0,0.0
Ozzy Diaz,,10,3,0,193.04,83.91,200.66,Orthodox,1990-11-22,6.44,50.0,7.23,59.0,0.0,0.0,50.0,0.0
Juan Diaz,Pegajoso,15,1,1,172.72,61.23,175.26,Orthodox,1998-06-03,5.82,39.0,5.02,60.0,3.01,33.0,0.0,0.0
Mark Dickman,Tricky,11,3,0,175.26,65.77,,,1984-07-19,0.0,0.0,0.0,0.0,0.0,0.0,0.0,0.0
Josh Diekmann,The Freight Train,15,8,01,162.56,111.58,,,1976-10-09,0.28,5.0,8.17,25.0,0.0,0.0,0.0,0.0
Kyle Dietz,,5,2,0,172.72,61.23,,Orthodox,1986-04-29,1.82,45.0,2.08,62.0,0.0,0.0,0.0,0.0
Seth Dikun,,9,8,0,177.8,61.23,175.26,Orthodox,1980-08-05,1.45,26.0,2.18,55.0,0.0,0.0,45.0,0.9
TJ Dillashaw,,18,5,0,167.64,61.23,170.18,Orthodox,1986-02-07,5.09,41.0,3.47,62.0,1.56,30.0,77.0,0.8
Ralph Dillon,Rage,0,2,1,187.96,92.99,,Orthodox,,0.34,14.0,0.69,60.0,0.0,0.0,0.0,0.0
Drew Dimanlig,,3,4,0,,83.91,,,,3.7,73.0,3.17,20.0,0.0,0.0,0.0,0.0
Ding Meng,The Assassin,34,9,0,187.96,77.11,185.42,Orthodox,1994-09-27,3.4,50.0,3.87,48.0,1.0,50.0,0.0,0.0
Rodolfo Marques Diniz,,23,9,1,167.64,61.23,,,1984-01-23,1.08,32.0,2.36,33.0,0.0,0.0,50.0,1.8
Jhonata Diniz,,9,2,0,193.04,115.21,200.66,Orthodox,1991-06-23,3.89,56.0,3.62,56.0,0.0,0.0,70.0,0.0
Helio Dipp,,6,3,0,195.58,83.91,,Orthodox,1979-12-12,0.6,25.0,1.8,62.0,0.0,0.0,50.0,0.0
Rico DiSciullo,,9,2,01,172.72,61.23,,Orthodox,1986-10-12,1.71,33.0,4.41,56.0,0.0,0.0,0.0,0.0
Matt Dixon,Magic,9,1,0,177.8,77.11,190.5,Switch,1995-10-09,1.97,43.0,4.56,37.0,3.06,30.0,0.0,0.0
John Dixson,Big John,15,22,0,182.88,124.74,,Orthodox,1961-10-15,0.0,0.0,0.0,0.0,0.0,0.0,0.0,0.0
Anthony Do,,4,2,0,162.56,56.7,,,,0.0,0.0,0.0,0.0,0.0,0.0,0.0,0.0
Russell Doane,,15,8,0,170.18,61.23,177.8,Orthodox,1986-08-13,1.75,40.0,1.68,53.0,2.11,45.0,52.0,0.8
Drew Dober,,29,15,01,172.72,70.31,177.8,Southpaw,1988-10-19,4.48,41.0,4.33,53.0,0.61,16.0,58.0,0.1
Shana Dobson,Danger,4,5,0,167.64,56.7,175.26,Orthodox,1989-03-30,3.34,37.0,5.2,50.0,0.84,50.0,14.0,0.0
AJ Dobson,,7,3,01,185.42,83.91,193.04,Orthodox,1992-01-18,4.29,46.0,5.31,46.0,1.67,75.0,65.0,0.3
David Dodd,,4,7,0,187.96,90.72,,Orthodox,1973-09-22,0.0,0.0,0.0,0.0,0.0,0.0,0.0,0.0
John Dodson,The Magician,22,12,0,160.02,61.23,167.64,Orthodox,1984-09-26,3.2,40.0,3.58,61.0,0.71,28.0,82.0,0.0
Joe Doerksen,El Dirte,51,16,0,182.88,83.91,190.5,Orthodox,1977-10-09,1.43,42.0,2.79,50.0,2.02,33.0,33.0,2.3
Mike Dolce,Skull Cracker,5,10,0,180.34,83.91,,,1976-04-15,0.0,0.0,0.0,0.0,0.0,0.0,0.0,0.0
Roman Dolidze,,15,5,0,187.96,83.91,193.04,Orthodox,1988-07-15,3.19,41.0,3.71,48.0,1.16,43.0,32.0,0.7
Cameron Dollar,,11,5,0,180.34,70.31,,Orthodox,1987-05-12,5.04,38.0,2.94,61.0,0.0,0.0,0.0,0.0
CB Dollaway,The Doberman,17,9,0,187.96,83.91,193.04,Orthodox,1983-08-10,2.65,47.0,2.58,54.0,3.55,54.0,62.0,1.2
Dennis Dombrow,,7,5,01,,65.77,,,1986-03-17,0.0,0.0,0.0,0.0,0.0,0.0,0.0,0.0
OJ Dominguez,,0,1,0,,,,,,0.0,0.0,0.0,0.0,0.0,0.0,0.0,0.0
John Donaldson,J.T.,2,2,0,172.72,65.77,,,1992-07-09,1.21,23.0,4.22,51.0,0.0,0.0,0.0,0.0
Daniil Donchenko,,14,2,0,180.34,77.11,180.34,Orthodox,2001-08-04,7.15,60.0,2.57,72.0,0.77,33.0,75.0,0.0
Dong Huaxiang,,12,3,0,160.02,52.16,154.94,Switch,1998-08-21,3.5,59.0,3.13,65.0,4.0,44.0,100.0,0.0
Cody Donovan,Donnybrook,8,5,0,190.5,92.99,187.96,Orthodox,1981-02-20,5.61,59.0,5.44,45.0,1.67,28.0,0.0,1.7
Houston Dorr,,1,2,0,185.42,95.25,,Orthodox,,0.0,0.0,0.0,0.0,0.0,0.0,0.0,0.0
Rafael Dos Anjos,,32,17,0,172.72,77.11,177.8,Southpaw,1984-10-26,3.48,47.0,3.23,60.0,1.95,35.0,54.0,0.6
Junior Dos Santos,Cigano,21,9,0,193.04,107.95,195.58,Orthodox,1984-01-30,4.49,47.0,3.33,56.0,0.3,50.0,81.0,0.1
Geronimo dos Santos,Mondragon,39,19,0,190.5,119.75,,Orthodox,1980-08-17,1.09,33.0,8.73,41.0,0.0,0.0,33.0,0.0
Antonio Dos Santos,Junior Alpha,6,4,0,177.8,83.91,,Orthodox,1988-07-21,5.4,51.0,3.94,43.0,0.0,0.0,100.0,0.0
Anderson Dos Santos,Berinja,21,9,0,165.1,61.23,177.8,Orthodox,1985-07-24,2.7,25.0,5.37,49.0,0.98,14.0,66.0,0.7
Acacio Dos Santos,Pequeno,14,5,0,193.04,92.99,200.66,Orthodox,1991-09-29,1.27,41.0,1.4,43.0,0.0,0.0,31.0,0.0
Rayanne dos Santos,,14,9,0,157.48,52.16,157.48,Orthodox,1995-06-08,4.57,40.0,6.47,59.0,0.5,14.0,80.0,0.0
Felipe dos Santos,Lipe Detona,8,3,01,170.18,56.7,177.8,Orthodox,2000-09-11,3.75,39.0,3.8,41.0,0.0,0.0,20.0,0.5
Tiago dos Santos e Silva,Trator,20,7,21,175.26,65.77,177.8,Orthodox,1987-04-12,3.69,35.0,4.23,59.0,0.63,11.0,33.0,0.3
Oleksandr Doskalchuk,,10,2,0,167.64,56.7,,Southpaw,1990-03-13,0.0,0.0,0.0,0.0,0.0,0.0,0.0,0.0
David Douglas,Tarzan,9,7,0,180.34,70.31,,,1981-08-16,0.0,0.0,0.0,0.0,0.0,0.0,0.0,0.0
Damion Douglas,,4,1,0,,77.11,,,1982-08-16,0.0,0.0,0.0,0.0,0.0,0.0,0.0,0.0
Lerryan Douglas,Gunslinger,14,5,0,175.26,65.77,182.88,Orthodox,1995-04-27,8.67,64.0,4.82,63.0,0.0,0.0,0.0,0.0
Cedric Doumbe,,2,0,0,177.8,77.11,,,1992-08-13,0.0,0.0,0.0,0.0,0.0,0.0,0.0,0.0
John Dowdy,,0,1,0,,,,,,0.0,0.0,0.0,0.0,0.0,0.0,0.0,0.0
Jordan Dowdy,,4,3,0,,77.11,,,,2.11,44.0,2.63,50.0,0.0,0.0,0.0,0.0
Danny Downes,,8,3,0,182.88,70.31,182.88,Orthodox,1986-04-08,1.66,34.0,3.53,37.0,0.0,0.0,37.0,0.5
Derek Downey,,11,4,0,185.42,83.91,,Orthodox,1980-04-27,0.32,100.0,3.36,12.0,2.4,16.0,0.0,0.0
John Doyle,The Iron Bull,11,22,01,180.34,92.99,,Orthodox,1976-11-21,3.5,44.0,10.51,27.0,0.0,0.0,0.0,0.0
Edson Drago,,11,7,0,193.04,99.79,,Orthodox,1977-08-29,1.16,40.0,2.39,36.0,0.0,0.0,55.0,0.0
Jimmy Drago,,7,3,01,177.8,77.11,180.34,Orthodox,1995-02-18,3.8,29.0,5.6,65.0,1.0,50.0,0.0,0.0
Anthony Drilich,,8,2,0,165.1,56.7,165.1,Southpaw,1994-03-17,5.8,31.0,5.07,40.0,0.0,0.0,55.0,0.0
Kyle Driscoll,KD,12,3,0,180.34,65.77,187.96,Orthodox,1994-09-23,2.73,32.0,2.6,58.0,2.0,18.0,0.0,0.0
Chris Drumm,,0,1,01,172.72,65.77,,,,0.0,0.0,0.0,0.0,0.0,0.0,0.0,0.0
Tomasz Drwal,Gorilla,21,5,1,185.42,92.99,193.04,Orthodox,1982-01-22,3.29,38.0,2.26,57.0,3.55,60.0,82.0,0.4
Robert Drysdale,,7,0,01,190.5,92.99,,Orthodox,1981-10-05,0.0,0.0,0.0,0.0,7.32,100.0,0.0,21.9
Dricus Du Plessis,Stillknocks,23,3,0,185.42,83.91,193.04,Switch,1994-01-14,5.18,48.0,4.33,52.0,2.22,51.0,34.0,0.7
Hugo Duarte,,6,3,0,182.88,108.86,,Orthodox,1968-08-09,0.0,0.0,0.0,0.0,0.0,0.0,0.0,0.0
Antonio Duarte,Tigre,19,7,0,170.18,61.23,,,1987-03-10,4.55,40.0,4.18,57.0,0.0,0.0,60.0,0.0
Joe Duarte,,10,4,0,,70.31,,,1977-01-25,2.27,38.0,4.0,53.0,3.0,50.0,69.0,1.0
Yuneisy Duben,,6,1,01,162.56,56.7,165.1,Orthodox,1996-07-08,13.53,48.0,10.75,53.0,0.0,0.0,0.0,0.0
Matthieu Duclos,,6,3,0,190.5,83.91,195.58,Orthodox,1995-04-04,3.93,37.0,6.81,46.0,0.0,0.0,100.0,0.0
Emily Ducote,Gordinha,13,9,0,157.48,52.16,160.02,Orthodox,1994-01-01,7.45,52.0,7.84,57.0,0.2,14.0,94.0,0.0
Viktoriia Dudakova,,8,2,0,165.1,52.16,170.18,Orthodox,1999-01-26,2.87,47.0,3.4,50.0,2.73,35.0,33.0,0.0
Milana Dudieva,,11,6,0,160.02,61.23,,Orthodox,1989-08-04,0.87,31.0,3.43,58.0,2.34,45.0,0.0,0.0
Adin Duenas,,6,1,0,167.64,65.77,,,1988-07-02,0.0,0.0,0.0,0.0,0.0,0.0,0.0,0.0
Todd Duffee,,9,3,01,190.5,117.93,198.12,Orthodox,1985-12-06,5.93,37.0,2.87,56.0,0.72,25.0,90.0,0.0
Joe Duffy,Irish,16,5,0,177.8,70.31,185.42,Orthodox,1988-02-18,2.68,34.0,3.78,54.0,0.96,66.0,64.0,0.7
Jack Duffy,The Fury,7,1,0,170.18,56.7,175.26,Switch,1995-10-02,5.07,69.0,2.13,52.0,0.0,0.0,62.0,0.0
Alexis Dufresne,Sneaky Zebra,6,3,0,175.26,61.23,,Orthodox,1990-08-31,1.33,27.0,3.33,60.0,1.5,50.0,50.0,0.0
Jessamyn Duke,The Gun,3,5,01,180.34,61.23,185.42,Orthodox,1986-06-24,4.83,53.0,4.43,57.0,1.27,36.0,50.0,1.9
Islam Dulatov,The Ripper,12,1,0,190.5,77.11,190.5,Orthodox,1998-08-02,8.78,54.0,4.24,50.0,2.2,100.0,100.0,0.0
Isaac Dulgarian,The Midwest Choppa,7,2,0,170.18,65.77,180.34,Orthodox,1996-07-04,2.99,63.0,1.65,40.0,4.57,50.0,0.0,1.8
Kelly Dullanty,Psycho,4,2,0,172.72,70.31,,Orthodox,1977-11-04,0.0,0.0,0.67,75.0,0.0,0.0,66.0,0.0
Sedriques Dumas,The Reaper,10,5,01,187.96,83.91,200.66,Orthodox,1995-08-06,1.97,44.0,2.64,53.0,1.3,31.0,33.0,0.2
Norma Dumont,The Immortal,13,3,0,170.18,61.23,170.18,Orthodox,1990-10-01,3.85,50.0,2.33,64.0,1.43,54.0,71.0,0.0
Chris Duncan,The Problem,15,3,0,177.8,70.31,180.34,Orthodox,1993-05-10,4.83,45.0,4.57,50.0,2.92,40.0,55.0,0.6
Christian Leroy Duncan,CLD,14,2,0,187.96,83.91,200.66,Switch,1995-07-24,4.43,57.0,2.59,52.0,0.33,16.0,63.0,0.0
Evan Dunham,,18,9,1,177.8,70.31,177.8,Southpaw,1981-12-18,5.33,39.0,3.54,61.0,1.82,33.0,79.0,1.0
Alex Dunworth,,2,2,01,172.72,70.31,,,,1.94,31.0,8.71,35.0,0.0,0.0,50.0,0.0
Tom Duquesnoy,Fire Kid,16,2,01,170.18,61.23,172.72,Orthodox,1993-06-21,3.83,45.0,5.3,62.0,0.42,25.0,46.0,0.0
Albert Duraev,,16,5,0,180.34,83.91,190.5,Orthodox,1989-01-05,2.99,40.0,3.01,59.0,1.97,29.0,66.0,0.6
Reuben Duran,,11,7,1,170.18,61.23,180.34,Orthodox,1983-07-02,3.19,49.0,2.61,50.0,0.98,23.0,25.0,0.7
Cody Durden,Custom Made,18,10,1,170.18,56.7,170.18,Southpaw,1991-03-29,3.24,44.0,3.94,50.0,3.99,49.0,56.0,0.7
Luiz Dutra,Besouro,13,6,1,180.34,77.11,,Orthodox,1982-05-06,3.92,50.0,4.8,41.0,0.0,0.0,100.0,0.0
Rilley Dutro,,11,4,0,172.72,56.7,,Orthodox,1987-09-03,4.74,54.0,5.95,33.0,0.0,0.0,83.0,0.0
Bill Duvall,,1,2,0,187.96,83.91,,Southpaw,,0.0,0.0,2.4,40.0,0.0,0.0,0.0,0.0
Merab Dvalishvili,The Machine,21,5,0,167.64,61.23,172.72,Orthodox,1991-01-10,4.42,41.0,2.8,54.0,5.97,35.0,76.0,0.3
David Dvorak,Undertaker,20,6,0,165.1,56.7,172.72,Orthodox,1992-06-05,3.48,43.0,3.29,59.0,0.58,30.0,70.0,0.2
Matt Dwyer,,9,4,0,193.04,77.11,193.04,Orthodox,1989-12-17,2.57,34.0,3.24,54.0,0.44,10.0,60.0,0.0
Rolando Dy,Dy Incredible,9,7,11,172.72,65.77,175.26,Orthodox,1990-08-11,3.04,37.0,4.47,52.0,0.3,20.0,68.0,0.0
Shanelle Dyer,The Nightmare,7,1,0,167.64,52.16,165.1,Orthodox,2001-04-23,7.71,46.0,6.72,51.0,0.7,8.0,100.0,0.0
Ben Earwood,,12,3,0,172.72,77.11,,Orthodox,,0.5,55.0,0.2,33.0,3.0,100.0,0.0,0.0
Cody East,The Freight Train,12,3,0,190.5,111.13,,Orthodox,1988-06-29,4.15,43.0,7.32,40.0,3.97,100.0,16.0,0.0
Marvin Eastman,The Beastman,18,15,1,175.26,83.91,185.42,Orthodox,1971-06-08,2.21,35.0,3.92,42.0,1.38,33.0,81.0,0.0
Mike Easton,The Hulk,13,6,0,167.64,61.23,177.8,Southpaw,1984-01-25,3.51,37.0,4.28,61.0,0.75,22.0,66.0,0.0
Maurice Eazel,,7,15,0,170.18,61.23,,,,0.0,0.0,0.0,0.0,0.0,0.0,0.0,0.0
Vincent Eazelle,The Real Deal,9,2,0,180.34,70.31,,,1980-12-07,0.0,0.0,0.0,0.0,0.0,0.0,0.0,0.0
Ross Ebanez,The Boss,20,10,03,175.26,69.85,,Southpaw,1975-05-18,0.74,50.0,0.74,62.0,3.7,100.0,0.0,0.0
Brian Ebersole,Bad Boy,51,18,11,182.88,77.11,185.42,Southpaw,1980-11-27,2.32,49.0,2.14,56.0,1.7,23.0,61.0,0.1
Roybert Echeverria,The Unbroken,7,1,0,165.1,56.7,170.18,Switch,1995-08-21,2.95,53.0,2.52,57.0,0.0,0.0,71.0,2.6
Mark Eddiva,,6,3,0,172.72,65.77,172.72,Orthodox,1986-02-16,3.37,45.0,2.98,54.0,1.45,22.0,63.0,0.0
Frankie Edgar,The Answer,23,11,1,167.64,61.23,172.72,Orthodox,1981-10-16,3.77,40.0,2.82,65.0,2.29,31.0,65.0,0.3
Abdul-Kerim Edilov,,17,4,0,187.96,92.99,,Orthodox,1991-11-25,10.22,61.0,0.13,92.0,3.98,100.0,0.0,2.0
Johnny Eduardo,,28,13,0,170.18,61.23,180.34,Orthodox,1978-08-03,2.95,39.0,3.22,63.0,0.22,20.0,58.0,0.4
Yves Edwards,,42,22,11,175.26,70.31,185.42,Southpaw,1976-09-30,2.91,42.0,2.34,66.0,0.76,53.0,69.0,0.7
Justin Edwards,Fast Eddy,9,5,0,177.8,70.31,177.8,Orthodox,1983-01-26,2.68,42.0,3.32,51.0,2.14,26.0,27.0,1.0
Leon Edwards,Rocky,22,6,01,187.96,77.11,187.96,Southpaw,1991-08-25,2.6,54.0,2.44,52.0,1.25,37.0,63.0,0.4
Te Edwards,,6,3,0,172.72,70.31,182.88,Orthodox,1990-09-11,1.5,41.0,4.15,44.0,0.72,100.0,44.0,0.0
Adli Edwards,,4,1,0,,65.77,,,1989-08-28,0.0,0.0,0.0,0.0,0.0,0.0,0.0,0.0
Joselyne Edwards,La Pantera,18,6,0,172.72,61.23,177.8,Orthodox,1995-09-29,4.61,53.0,3.26,50.0,1.29,36.0,62.0,0.6
Tom Egan,,7,5,0,180.34,77.11,,Orthodox,,0.0,0.0,3.91,50.0,0.0,0.0,28.0,0.0
Stephanie Egger,,8,5,0,167.64,61.23,172.72,Orthodox,1988-08-12,2.2,46.0,2.48,52.0,2.48,42.0,50.0,0.6
Justin Eilers,The Hammer,19,7,1,185.42,106.59,,Orthodox,1978-06-28,2.86,43.0,5.66,49.0,0.82,25.0,50.0,0.0
Jon Olav Einemo,The Viking,6,3,0,198.12,114.76,,Orthodox,1975-12-10,2.15,52.0,3.05,52.0,1.73,55.0,43.0,0.0
Per Eklund,,14,5,1,177.8,70.31,182.88,Orthodox,1980-11-12,2.07,61.0,2.38,67.0,2.07,11.0,50.0,3.6
John Elam,,2,0,0,,,,,,0.0,0.0,0.0,0.0,0.0,0.0,0.0,0.0
Evan Elder,The Phenom,10,2,0,177.8,70.31,182.88,Switch,1997-04-11,5.66,50.0,4.94,57.0,0.48,15.0,40.0,0.5
Billy Elekana,Son of Susie,10,2,0,190.5,92.99,195.58,Southpaw,1995-05-28,2.71,56.0,3.59,46.0,0.85,22.0,0.0,0.8
John Paul Elias,,3,1,0,193.04,92.99,,,,0.0,0.0,0.0,0.0,0.0,0.0,0.0,0.0
Joao Elias,Alicate,17,4,11,160.02,56.7,162.56,Southpaw,1995-01-08,0.4,50.0,6.47,20.0,0.0,0.0,50.0,0.0
Saul Elizondo,,6,8,0,170.18,61.23,,,1985-07-17,2.07,30.0,4.93,48.0,2.0,100.0,66.0,1.0
Darren Elkins,The Damage,29,12,0,177.8,65.77,180.34,Orthodox,1984-05-16,3.4,38.0,3.34,51.0,2.87,34.0,56.0,1.1
Jake Ellenberger,The Juggernaut,31,15,0,175.26,77.11,180.34,Orthodox,1985-03-28,2.47,39.0,2.83,60.0,2.04,47.0,86.0,0.4
Joe Ellenberger,Excalibur,15,2,0,175.26,70.31,182.88,Orthodox,1985-03-28,1.62,47.0,3.45,48.0,3.17,40.0,0.0,1.1
Tim Elliott,,22,14,1,170.18,56.7,167.64,Southpaw,1986-12-24,3.37,44.0,2.65,57.0,3.71,47.0,59.0,1.1
Oban Elliott,The Welsh Gangster,12,4,0,182.88,77.11,182.88,Orthodox,1997-12-19,3.62,48.0,2.24,61.0,1.52,40.0,52.0,0.0
Eddy Ellis,Fast,21,16,11,175.26,77.11,,Orthodox,1983-07-07,3.4,69.0,1.53,68.0,4.0,66.0,50.0,2.0
Lisa Ellis,,15,11,0,162.56,52.16,,,1982-11-15,1.68,48.0,2.32,57.0,4.19,63.0,50.0,0.6
Elisha Ellison,The Snack Panther,5,2,0,182.88,107.95,198.12,Orthodox,1997-03-05,1.57,33.0,15.13,40.0,0.0,0.0,0.0,0.0
Anna Elmose,Panda,3,2,0,160.02,52.16,,Orthodox,1984-10-06,3.68,49.0,4.64,56.0,0.0,0.0,33.0,0.0
Cameron Else,Camchida,10,6,0,175.26,61.23,180.34,Switch,1987-04-27,1.99,40.0,8.09,51.0,0.0,0.0,0.0,0.0
Aaron Ely,The Cyborg,5,2,0,172.72,61.23,,,1989-03-18,0.82,15.0,0.66,69.0,2.47,100.0,50.0,4.9
Sovannahry Em,The Sweet Savage,3,1,0,162.56,61.23,,,1992-06-26,0.0,0.0,0.0,0.0,0.0,0.0,0.0,0.0
Ramazan Emeev,Gorets,20,6,0,177.8,77.11,193.04,Southpaw,1987-05-23,2.53,45.0,2.14,65.0,2.37,29.0,66.0,0.7
Aleksander Emelianenko,,23,7,0,198.12,115.67,,Orthodox,1981-08-02,2.75,41.0,1.7,65.0,2.32,72.0,66.0,0.9
Fedor Emelianenko,The Last Emperor,36,5,01,182.88,104.33,187.96,Orthodox,1976-09-28,3.18,51.0,1.0,63.0,2.0,63.0,82.0,1.9
Rob Emerson,The Saint,18,12,01,175.26,70.31,177.8,Orthodox,1981-07-30,2.5,30.0,2.83,64.0,2.02,52.0,65.0,0.4
Jamall Emmers,Pretty Boy,22,8,0,177.8,65.77,187.96,Orthodox,1989-07-24,5.1,49.0,3.92,57.0,2.59,53.0,81.0,0.3
Josh Emmett,,19,7,0,167.64,65.77,177.8,Orthodox,1985-03-04,3.67,35.0,4.52,59.0,1.07,36.0,43.0,0.1
Marius Enache,,3,3,0,180.34,70.31,,,1975-10-16,1.71,34.0,0.66,84.0,3.94,100.0,0.0,3.9
Kevin Engel,The Hitman,5,1,0,187.96,77.11,,,,0.0,0.0,0.0,0.0,0.0,0.0,0.0,0.0
Kolton Englund,White Assassin,9,4,0,177.8,70.31,175.26,Orthodox,1993-07-09,2.31,25.0,11.54,40.0,0.0,0.0,0.0,0.0
Oliver Enkamp,,7,2,0,182.88,77.11,195.58,Switch,1991-08-10,2.38,36.0,3.55,37.0,0.87,16.0,0.0,0.0
Alex Enlund,,14,2,01,177.8,65.77,,Orthodox,1987-05-27,0.0,0.0,0.0,0.0,0.0,0.0,0.0,0.0
Kenny Ento,Tha' Dragon,14,15,0,187.96,87.09,,,,8.41,79.0,0.0,100.0,5.49,100.0,0.0,11.0
Ian Entwistle,Enty,9,3,0,165.1,61.23,,Orthodox,1986-11-19,0.11,7.0,7.36,31.0,0.0,0.0,0.0,12.1
Andy Enz,Tank Mode,10,4,0,190.5,83.91,198.12,Orthodox,1991-08-15,3.51,23.0,5.32,57.0,0.0,0.0,58.0,0.0
Won Jin Eoh,,5,5,1,170.18,72.57,,Orthodox,,3.74,44.0,3.58,46.0,0.0,0.0,50.0,0.0
Yuji Ephoevi-Ga,The Chef,11,1,0,182.88,70.31,190.5,Switch,1999-10-19,2.67,71.0,2.6,44.0,0.0,0.0,60.0,0.0
Josh Epps,,6,7,0,,58.97,,,1986-08-23,0.0,0.0,0.0,0.0,0.0,0.0,0.0,0.0
Abdellah Er-Ramy,The Golden Boy,7,2,0,182.88,83.91,187.96,Orthodox,1996-09-19,0.0,0.0,8.4,0.0,0.0,0.0,0.0,0.0
Steve Erceg,Astroboy,14,4,0,172.72,56.7,172.72,Orthodox,1995-07-27,4.0,45.0,3.79,52.0,1.15,27.0,62.0,0.4
Tom Erikson,The Big Cat,9,4,1,190.5,127.01,,Orthodox,1964-07-06,0.94,47.0,1.87,25.0,4.68,60.0,100.0,6.2
Konstantin Erokhin,,9,3,0,180.34,104.33,,Orthodox,1983-01-31,1.07,36.0,1.83,47.0,0.0,0.0,70.0,0.0
Julian Erosa,Juicy J,31,14,0,185.42,65.77,187.96,Southpaw,1989-07-31,6.18,48.0,6.31,48.0,1.73,43.0,61.0,0.7
Jarno Errens,,14,6,1,180.34,65.77,185.42,Orthodox,1994-11-17,3.29,44.0,3.29,61.0,0.0,0.0,33.0,0.3
Ivan Erslan,,14,6,01,187.96,92.99,182.88,Orthodox,1991-11-15,2.55,46.0,5.01,53.0,0.45,20.0,61.0,0.0
Nick Ertl,,8,6,0,175.26,70.31,,,1968-10-29,1.34,69.0,1.59,41.0,1.88,50.0,0.0,0.0
Chel Erwin-Davis,The First Sun,5,1,0,182.88,77.11,,,,4.06,54.0,1.13,61.0,4.25,100.0,50.0,1.4
Bobby Escalante,,5,6,0,,58.97,,,,0.0,0.0,0.0,0.0,0.0,0.0,0.0,0.0
Eric Esch,Butterbean,15,10,1,180.34,158.76,,Orthodox,1968-08-03,3.07,71.0,1.74,43.0,0.0,0.0,0.0,2.0
Pro Escobedo,,1,0,0,,92.99,,,,0.0,0.0,0.0,0.0,0.0,0.0,0.0,0.0
Cole Escovedo,Apache Kid,17,9,0,170.18,61.23,182.88,Orthodox,1981-08-30,1.77,43.0,4.32,49.0,0.43,33.0,13.0,0.0
Efrain Escudero,Hecho En Mexico,28,12,0,175.26,70.31,180.34,Orthodox,1986-01-15,2.92,44.0,2.3,63.0,1.31,40.0,66.0,0.8
Evan Esguerra,,8,7,01,,65.77,,,1978-07-13,0.0,0.0,0.0,0.0,0.0,0.0,0.0,0.0
Carla Esparza,Cookie Monster,20,8,0,154.94,52.16,160.02,Orthodox,1987-10-10,2.19,39.0,2.87,54.0,3.28,36.0,47.0,0.3
Juan Espino,El Guapo,11,2,0,190.5,115.67,203.2,Orthodox,1980-10-09,2.38,70.0,1.95,40.0,8.93,78.0,50.0,2.4
Jordan Espinosa,The Gamer,15,9,01,167.64,56.7,175.26,Orthodox,1989-11-08,4.22,52.0,2.94,57.0,0.75,28.0,70.0,0.2
Jodie Esquibel,,6,6,0,154.94,52.16,162.56,Orthodox,1986-05-07,4.1,31.0,7.37,52.0,0.75,21.0,83.0,0.0
Rafael Estevam,Macapa,14,1,0,172.72,61.23,175.26,Orthodox,1996-08-10,2.4,39.0,3.9,45.0,4.91,33.0,66.0,0.2
Achilles Estremadura,,7,1,0,177.8,70.31,172.72,Orthodox,1992-03-11,3.2,43.0,3.27,70.0,0.0,0.0,0.0,0.0
Shaun Etchell,The Buzzsaw,7,3,0,170.18,56.7,172.72,Switch,1993-08-05,0.0,0.0,0.0,0.0,4.37,100.0,100.0,0.0
Terry Etim,,16,5,0,185.42,70.31,185.42,Orthodox,1986-01-11,2.16,35.0,2.53,67.0,0.43,30.0,39.0,1.4
Fred Ettish,,1,1,0,182.88,81.65,,Southpaw,1955-10-12,0.0,0.0,0.0,0.0,0.0,0.0,0.0,0.0
Scott Ettling,,4,2,0,,61.23,,,,0.0,0.0,0.54,83.0,8.04,100.0,0.0,0.0
Sijara Eubanks,SarJ,8,7,0,162.56,56.7,170.18,Orthodox,1985-04-27,4.3,43.0,3.43,57.0,1.9,44.0,66.0,0.3
Billy Evangelista,,13,3,01,172.72,70.31,172.72,Orthodox,1980-10-07,4.51,40.0,3.96,61.0,1.6,19.0,61.0,0.2
Rashad Evans,Suga,19,8,1,182.88,92.99,190.5,Orthodox,1979-09-25,2.14,37.0,2.42,63.0,2.98,44.0,73.0,0.0
Doug Evans,,13,10,0,175.26,70.31,,Orthodox,1980-10-10,1.79,35.0,2.55,55.0,3.19,83.0,69.0,0.6
Ashlee Evans-Smith,Rebel Girl,6,6,0,172.72,61.23,170.18,Orthodox,1987-07-09,4.03,34.0,4.59,53.0,0.95,22.0,50.0,0.0
Dan Evensen,The Viking,11,4,0,190.5,113.4,,Orthodox,1974-06-01,0.27,10.0,3.86,38.0,0.0,0.0,0.0,4.0
Tonya Evinger,Triple Threat,19,8,01,170.18,61.23,177.8,Orthodox,1981-06-04,1.16,42.0,4.02,38.0,0.93,30.0,33.0,0.9
Movsar Evloev,,20,0,0,170.18,65.77,182.88,Orthodox,1994-02-11,3.91,47.0,2.8,61.0,4.78,52.0,61.0,0.2
Andre Ewell,Mr. Highlight,17,9,0,172.72,65.77,190.5,Southpaw,1988-01-21,4.28,40.0,4.87,51.0,0.36,75.0,72.0,0.1
Chris Ewert,El Tanke,7,1,0,182.88,83.91,190.5,Orthodox,1993-09-06,3.4,37.0,4.33,50.0,0.0,0.0,42.0,0.0
Neal Ewing,,6,0,0,,83.91,,,1985-09-30,2.27,60.0,1.93,48.0,5.0,62.0,0.0,0.0
Ethyn Ewing,The Professor Finesser,10,2,0,167.64,61.23,175.26,Orthodox,1996-02-19,7.44,55.0,4.53,63.0,1.68,60.0,100.0,0.0
Manuel Exposito,,13,3,0,170.18,65.77,172.72,Orthodox,2000-05-09,2.53,27.0,9.73,34.0,2.0,40.0,100.0,0.0
Jessica Eye,Evil,15,11,01,167.64,56.7,167.64,Orthodox,1986-07-27,3.86,37.0,4.19,55.0,0.58,40.0,57.0,0.5
Edward Faaloloto,,2,5,0,,70.31,177.8,Orthodox,1984-07-15,2.28,32.0,6.25,44.0,1.01,25.0,33.0,0.0
Urijah Faber,The California Kid,35,11,0,167.64,61.23,170.18,Orthodox,1979-05-14,2.65,40.0,2.59,64.0,1.54,30.0,58.0,0.8
Melinda Fabian,,4,4,2,167.64,56.7,167.64,Orthodox,1987-06-25,4.03,41.0,4.0,62.0,0.0,0.0,100.0,0.0
Wagnney Fabiano,The Silencer,16,4,0,167.64,65.77,175.26,Southpaw,1975-07-14,1.19,38.0,0.66,70.0,3.44,64.0,100.0,0.4
Bartosz Fabinski,The Butcher,15,5,0,182.88,77.11,190.5,Orthodox,1986-04-26,2.23,68.0,1.46,51.0,7.1,70.0,80.0,0.0
Ron Faircloth,,33,20,01,175.26,92.99,,Orthodox,1979-08-16,0.39,40.0,8.9,42.0,0.0,0.0,0.0,0.0
Jason Fairn,,4,5,0,185.42,104.33,,,,0.0,0.0,0.0,0.0,0.0,0.0,0.0,0.0
Zarah Fairn,Infinite,6,6,0,172.72,61.23,182.88,Orthodox,1983-12-10,4.55,31.0,7.4,45.0,0.0,0.0,60.0,0.0
Rinat Fakhretdinov,Gladiator,24,1,1,182.88,77.11,187.96,Orthodox,1991-09-28,5.03,52.0,3.61,54.0,3.91,34.0,91.0,0.2
Maiquel Falcao,Big Rig,37,10,01,180.34,83.91,,Orthodox,1981-03-08,1.67,55.0,0.53,86.0,1.0,100.0,71.0,3.0
Pedro Falcao,Pedrinho,16,5,0,167.64,61.23,167.64,Orthodox,1992-07-30,3.21,48.0,3.39,50.0,2.73,25.0,66.0,0.0
Brodie Farber,,16,7,0,185.42,77.11,,Orthodox,1980-07-05,1.69,45.0,2.17,53.0,0.9,50.0,20.0,0.9
Joao Paulo Faria,,1,1,0,175.26,70.31,,,,6.69,64.0,2.09,85.0,1.25,50.0,0.0,1.2
Kalindra Faria,,18,8,1,170.18,56.7,,Switch,1986-07-23,2.23,56.0,1.44,45.0,1.31,66.0,20.0,0.7
Jair Farias,Chosen,10,1,0,185.42,65.77,193.04,Orthodox,1993-03-16,3.8,39.0,5.33,51.0,0.0,0.0,41.0,0.0
Chance Farrar,,8,3,01,175.26,65.77,,Southpaw,1975-09-11,0.81,22.0,2.21,67.0,3.02,100.0,0.0,0.0
Rico Farrington,The Triggerman,7,3,0,193.04,77.11,200.66,Southpaw,1989-06-19,6.33,41.0,7.2,51.0,0.0,0.0,20.0,0.0
Kelly Faszholz,,4,2,0,172.72,61.23,,Orthodox,1985-04-09,4.01,48.0,3.61,52.0,0.0,0.0,44.0,0.0
Rodney Faverus,,25,20,31,182.88,97.52,,Southpaw,1975-01-03,2.3,53.0,1.6,54.0,4.5,100.0,25.0,0.0
Paul Felder,The Irish Dragon,17,6,0,180.34,70.31,177.8,Orthodox,1984-04-25,3.7,44.0,3.44,48.0,0.29,28.0,64.0,0.2
Carlos Felipe,Boi,11,2,0,182.88,111.13,190.5,Orthodox,1995-01-12,4.88,45.0,5.6,50.0,0.0,0.0,72.0,0.0
JP Felty,,4,5,0,,77.11,,,1979-04-28,0.0,0.0,0.0,0.0,0.0,0.0,0.0,0.0
Feng Pengchao,,15,9,1,,61.23,,,,0.0,0.0,0.0,0.0,0.0,0.0,0.0,0.0
Feng Xiaocan,,10,4,0,170.18,52.16,170.18,Southpaw,2001-10-27,4.18,49.0,1.49,68.0,0.7,100.0,63.0,0.0
Kevin Ferguson,Kimbo Slice,5,2,01,187.96,106.59,195.58,Orthodox,1974-02-08,2.3,50.0,3.41,38.0,3.1,72.0,36.0,1.2
Rhadi Ferguson,,3,0,0,170.18,92.99,,,,0.0,0.0,0.0,0.0,0.0,0.0,0.0,0.0
Tony Ferguson,El Cucuy,26,11,0,180.34,77.11,193.04,Orthodox,1984-02-12,4.91,45.0,4.37,55.0,0.39,35.0,66.0,0.9
Josh Ferguson,Taz,10,5,0,165.1,56.7,,Orthodox,1988-05-13,2.13,43.0,4.18,32.0,0.59,11.0,54.0,0.0
CJ Fernandes,,14,8,3,187.96,77.11,,,1977-11-13,0.0,0.0,0.0,0.0,0.0,0.0,0.0,0.0
Bibiano Fernandes,,20,3,0,170.18,63.05,,Orthodox,1980-03-30,2.91,40.0,2.02,72.0,3.97,53.0,77.0,0.6
Gabriella Fernandes,Gabi,11,4,0,167.64,56.7,167.64,Southpaw,1993-08-13,3.51,46.0,5.31,53.0,0.42,18.0,68.0,0.2
Kaue Fernandes,,11,2,0,175.26,70.31,185.42,Orthodox,1995-03-17,4.28,55.0,1.42,62.0,1.18,100.0,76.0,0.0
Emily Fernandez,,0,0,0,,,,,,0.0,0.0,0.0,0.0,0.0,0.0,0.0,0.0
Luke Fernandez,,6,1,0,185.42,92.99,193.04,Orthodox,1995-06-29,8.14,58.0,10.17,36.0,0.0,0.0,0.0,0.0
Lucas Fernando,,9,2,0,190.5,83.91,203.2,,1997-01-10,1.87,51.0,4.73,38.0,3.0,30.0,0.0,1.0
Alexandre Ferreira,Cacareco,18,6,0,170.18,92.99,,Orthodox,1979-04-25,2.57,60.0,8.14,42.0,0.0,0.0,0.0,0.0
Cezar Ferreira,Mutante,13,8,0,185.42,83.91,198.12,Southpaw,1985-02-15,1.9,42.0,2.44,53.0,2.69,53.0,84.0,0.5
Diego Ferreira,,19,7,0,175.26,70.31,187.96,Orthodox,1985-01-18,4.7,39.0,3.46,55.0,0.82,30.0,57.0,0.6
Erisson Ferreira,Gato,12,2,0,167.64,56.7,177.8,Orthodox,1991-05-03,1.75,32.0,2.75,56.0,1.11,100.0,66.0,1.7
Brunno Ferreira,The Hulk,15,3,0,177.8,83.91,182.88,Orthodox,1992-11-04,3.77,50.0,3.91,51.0,1.25,23.0,61.0,0.8
Scott Ferrozzo,The Pitbull,4,2,0,180.34,146.51,,Orthodox,1965-04-26,0.0,0.0,0.0,0.0,0.0,0.0,0.0,0.0
Timo Feucht,,8,1,0,190.5,92.99,200.66,Orthodox,1996-01-18,0.0,0.0,0.0,0.0,0.0,0.0,0.0,0.0
Andre Fialho,,16,8,01,182.88,77.11,187.96,Orthodox,1994-04-07,3.3,41.0,6.26,45.0,0.25,100.0,66.0,0.0
Drew Fickett,The Master,42,21,0,177.8,70.31,177.8,Orthodox,1979-12-14,2.33,41.0,2.29,57.0,1.3,35.0,30.0,2.2
Scott Fiedler,,0,1,0,193.04,106.59,,Orthodox,,0.0,0.0,0.0,0.0,0.0,0.0,0.0,0.0
Ron Fields,Killing,28,32,1,187.96,90.72,,Orthodox,1974-11-18,0.33,33.0,2.64,11.0,0.0,0.0,0.0,0.0
Michal Figlak,Mad Dog,8,2,0,177.8,70.31,177.8,Orthodox,1996-08-15,4.0,39.0,4.93,52.0,0.5,12.0,57.0,0.0
Deiveson Figueiredo,Deus da Guerra,25,6,1,165.1,61.23,172.72,Orthodox,1987-12-18,2.63,53.0,3.47,49.0,1.61,35.0,57.0,1.2
Francisco Figueiredo,Sniper,13,5,11,167.64,56.7,172.72,Southpaw,1989-10-23,2.04,61.0,2.59,61.0,2.51,75.0,76.0,0.4
Anthony Figueroa,,11,8,1,162.56,61.23,,Orthodox,,2.37,48.0,3.77,49.0,0.0,0.0,58.0,0.0
Edwin Figueroa,El Feroz,9,5,0,170.18,61.23,175.26,Orthodox,1984-07-31,2.57,39.0,3.06,51.0,0.2,100.0,37.0,0.6
Jonathan Figueroa,El Picante,16,1,0,,83.91,,,1995-02-05,0.0,0.0,0.0,0.0,0.0,0.0,0.0,0.0
Paulo Filho,,23,6,3,172.72,83.91,,Southpaw,1978-05-24,1.86,48.0,1.67,66.0,2.4,32.0,42.0,1.6
Jafel Filho,Pastor,17,5,0,170.18,56.7,172.72,Orthodox,1993-05-05,1.78,40.0,1.76,50.0,2.4,47.0,50.0,1.8
Andre Fili,Touchy,25,13,01,180.34,65.77,187.96,Orthodox,1990-06-25,3.88,37.0,4.34,50.0,2.32,46.0,71.0,0.2
Mirko Filipovic,Cro Cop,35,11,21,187.96,104.33,185.42,Southpaw,1974-09-10,2.11,50.0,1.89,63.0,0.19,40.0,78.0,0.3
Brady Fink,,2,3,0,182.88,83.01,,Orthodox,1981-05-23,1.69,41.0,1.69,61.0,3.63,25.0,0.0,3.6
Jesse Finney,,5,1,0,182.88,77.11,,,1974-07-11,0.0,0.0,0.0,0.0,0.0,0.0,0.0,0.0
Jan Finney,Cuddles,11,12,0,172.72,61.23,,Orthodox,1980-04-18,2.16,28.0,8.75,42.0,0.77,11.0,25.0,0.0
Torrez Finney,The Punisher,11,1,0,172.72,83.91,190.5,Orthodox,1998-10-24,1.78,54.0,3.34,40.0,6.86,59.0,75.0,0.8
Luigi Fioravanti,,26,15,0,172.72,77.11,177.8,Orthodox,1981-01-22,2.23,42.0,2.21,69.0,3.76,63.0,67.0,0.9
Nick Fiore,,6,2,0,177.8,70.31,182.88,Orthodox,1997-12-10,2.83,46.0,7.93,42.0,2.5,45.0,71.0,0.0
Manon Fiorot,The Beast,13,2,0,170.18,56.7,165.1,Orthodox,1990-02-17,5.66,42.0,3.58,66.0,1.05,29.0,87.0,0.0
Luiz Firmino,Buscape,19,8,0,167.64,69.85,,Orthodox,1982-03-18,1.23,50.0,1.22,51.0,3.86,45.0,20.0,0.9
Spencer Fisher,The King,24,9,0,170.18,70.31,172.72,Southpaw,1976-05-09,3.17,43.0,3.03,64.0,0.67,30.0,60.0,0.8
Chris Fishgold,,18,4,1,172.72,65.77,172.72,Orthodox,1992-06-06,2.01,32.0,2.7,46.0,2.59,46.0,44.0,1.3
Bryanna Fissori,,2,4,0,162.56,65.77,,,,1.4,46.0,1.2,57.0,2.0,25.0,50.0,0.0
Jon Fitch,,30,7,11,182.88,77.11,187.96,Orthodox,1978-02-24,2.61,50.0,1.65,54.0,3.6,51.0,56.0,0.8
Isi Fitikefu,Doxz,6,0,0,177.8,92.99,,,,0.0,0.0,0.0,0.0,0.0,0.0,0.0,0.0
Rafael Fiziev,Ataman,13,5,0,172.72,70.31,180.34,Switch,1993-03-05,4.71,52.0,4.84,49.0,0.83,66.0,90.0,0.0
Colin Fletcher,The Freakshow,14,8,0,187.96,70.31,,Orthodox,1983-01-08,3.1,34.0,2.97,62.0,0.0,0.0,27.0,0.0
AJ Fletcher,The Ghost,10,3,0,177.8,77.11,170.18,Switch,1997-02-18,3.36,49.0,4.61,46.0,1.54,35.0,33.0,0.9
Nathan Fletcher,,9,3,0,170.18,61.23,177.8,Orthodox,1998-01-03,3.41,59.0,2.16,57.0,3.37,38.0,50.0,0.7
Jimmy Flick,The Brick,17,9,0,170.18,56.7,172.72,Orthodox,1990-09-07,1.67,50.0,4.7,43.0,2.36,33.0,0.0,3.5
Luke Flores,,9,2,0,182.88,70.31,185.42,Southpaw,1988-03-17,1.56,44.0,1.88,60.0,0.0,0.0,40.0,1.2
Ty Flores,Big Medicine,7,3,0,190.5,92.99,185.42,Switch,1993-12-22,2.0,37.0,7.8,25.0,1.0,9.0,0.0,0.0
Alejandro Flores,El Gallito,17,3,0,177.8,65.77,185.42,Orthodox,1991-08-06,3.66,40.0,2.02,54.0,0.0,0.0,0.0,0.0
Kenny Florian,KenFlo,14,6,0,177.8,65.77,187.96,Southpaw,1976-05-26,2.41,40.0,1.85,63.0,2.22,33.0,60.0,1.3
Darrius Flowers,Beast Mode,13,8,1,175.26,70.31,180.34,Orthodox,1994-08-25,3.13,50.0,5.35,42.0,1.65,44.0,66.0,0.4
Cody Floyd,,2,0,0,,,,,1988-07-18,0.0,0.0,0.0,0.0,0.0,0.0,0.0,0.0
Bobby Flynn,,6,4,0,,77.11,,,,0.38,25.0,0.77,0.0,0.0,0.0,0.0,0.0
Caros Fodor,The Future,11,6,0,175.26,70.31,187.96,Orthodox,1984-01-07,2.76,54.0,2.83,54.0,2.1,25.0,50.0,0.0
Mal Foki,Twin Tiger,5,5,0,170.18,99.79,,Orthodox,1976-03-16,2.86,14.0,14.29,54.0,0.0,0.0,0.0,0.0
Matt Foki,Twin Tiger,5,4,01,170.18,99.79,,Orthodox,1976-03-16,0.0,0.0,3.37,56.0,0.0,0.0,0.0,0.0
AJ Fonseca,,5,4,0,162.56,65.77,,,,0.0,0.0,0.0,0.0,0.0,0.0,0.0,0.0
Rob Font,,22,10,0,172.72,61.23,180.34,Orthodox,1987-06-25,5.11,45.0,3.53,57.0,0.7,29.0,37.0,0.3
Claudionor Fontinelle,,10,15,1,165.1,83.91,,Orthodox,,2.62,42.0,10.25,28.0,0.0,0.0,0.0,0.0
Jesse Forbes,Kid Hercules,15,5,0,187.96,83.91,190.5,Southpaw,1984-10-24,2.11,24.0,4.06,53.0,1.79,75.0,66.0,1.2
Sterling Ford,,15,7,0,177.8,70.31,,,1986-03-12,0.0,0.0,0.0,0.0,0.0,0.0,0.0,0.0
Codale Ford,Crunch Time,11,9,0,175.26,77.11,,,1979-05-13,0.0,0.0,0.0,0.0,0.0,0.0,0.0,0.0
Raheam Forest,Rambo,7,2,0,180.34,77.11,185.42,Switch,1997-07-11,5.32,38.0,12.15,42.0,0.0,0.0,0.0,0.0
Jussier Formiga,,23,8,0,165.1,56.7,170.18,Orthodox,1985-04-14,1.42,39.0,2.34,64.0,1.82,35.0,87.0,0.6
Carol Foro,Anabelle,9,1,0,157.48,52.16,154.94,Orthodox,1997-03-21,7.8,55.0,7.67,58.0,0.0,0.0,100.0,0.0
Renee Forte,,8,4,0,170.18,70.31,180.34,Orthodox,1987-03-27,2.08,32.0,2.12,63.0,2.32,58.0,66.0,0.0
Brianna Fortino,The Bull,9,3,0,152.4,52.16,157.48,Southpaw,1993-08-04,3.53,41.0,3.23,57.0,2.5,45.0,66.0,0.0
Marcel Fortuna,,9,3,0,185.42,92.99,187.96,Orthodox,1985-10-22,3.83,46.0,4.52,64.0,0.45,8.0,75.0,0.5
Tyrell Fortune,,18,3,02,182.88,117.48,190.5,Orthodox,1990-07-04,2.0,50.0,3.13,57.0,3.0,60.0,100.0,0.0
Brian Foster,The Foster Boy,27,10,0,175.26,77.11,180.34,Orthodox,1984-04-03,3.3,39.0,1.63,65.0,3.67,60.0,37.0,1.8
Xavier Foupa-Pokam,Professor X,32,22,0,185.42,83.91,,Open Stance,1982-07-03,1.47,43.0,2.5,49.0,0.0,0.0,16.0,0.0
Mason Fowler,,2,0,0,180.34,77.11,,,,0.0,0.0,0.0,0.0,0.0,0.0,0.0,0.0
Brandon Foxworth,,18,4,0,180.34,65.77,,Orthodox,1979-04-28,1.33,32.0,4.59,50.0,0.0,0.0,0.0,0.0
Hermes Franca,,24,17,01,167.64,70.31,180.34,Orthodox,1974-08-26,1.78,39.0,2.85,55.0,1.53,36.0,37.0,2.4
Glaico Franca Moreira,Nego,15,5,0,182.88,70.31,195.58,Orthodox,1991-02-28,2.35,42.0,3.46,47.0,2.68,42.0,76.0,0.3
Francisco France,Kiko,13,5,1,182.88,92.99,,,1983-01-21,0.54,33.0,3.51,27.0,0.0,0.0,0.0,6.1
John Franchi,,6,2,0,167.64,65.77,170.18,Orthodox,1982-07-16,1.83,48.0,2.59,48.0,2.68,80.0,40.0,0.3
Felipe Franco,,10,2,0,185.42,92.99,193.04,Orthodox,2001-01-22,1.81,50.0,2.55,38.0,3.02,37.0,87.0,0.0
Rich Franklin,Ace,29,7,01,185.42,83.91,193.04,Southpaw,1974-10-05,4.1,44.0,2.07,62.0,1.31,66.0,63.0,0.7
Xavier Franklin,Mr. Benjamin,5,1,01,167.64,61.23,167.64,Southpaw,1996-10-15,3.07,33.0,5.27,50.0,0.0,0.0,100.0,0.0
Zoila Frausto,Warrior Princess,13,5,0,162.56,61.23,,Orthodox,1983-12-10,0.77,31.0,1.64,53.0,0.0,0.0,57.0,0.0
Stephanie Frausto,Lil Bovy,8,7,0,157.48,52.16,154.94,Orthodox,1990-09-20,1.43,21.0,3.57,60.0,0.0,0.0,0.0,0.0
Zane Frazier,Nasty,4,11,0,195.58,113.4,,Orthodox,,0.0,0.0,0.0,0.0,0.0,0.0,0.0,0.0
Gary Frazier,,3,3,0,182.88,111.13,,Orthodox,1988-03-31,1.5,39.0,2.77,46.0,0.0,0.0,100.0,0.0
Justin Frazier,The Grizzly Bear,10,3,0,182.88,120.2,190.5,Southpaw,1989-06-15,1.11,66.0,6.11,4.0,0.0,0.0,0.0,0.0
Ian Freeman,The Machine,20,7,1,180.34,102.06,,Orthodox,1966-11-10,2.54,48.0,3.11,44.0,1.44,40.0,80.0,0.7
Jason Freeman,,6,4,01,187.96,102.06,,,1976-09-02,0.0,0.0,0.0,0.0,0.0,0.0,0.0,0.0
Kennedy Freeman,The Machine 2.0,6,0,0,,56.7,,,1996-11-26,0.0,0.0,0.0,0.0,0.0,0.0,0.0,0.0
Denzel Freeman,Luke Fox,7,2,0,185.42,120.2,195.58,Southpaw,1991-11-10,2.45,56.0,3.4,50.0,0.0,0.0,50.0,0.0
Willamy Freire,Chiquerim,26,6,0,172.72,70.31,,Orthodox,1987-07-28,1.53,37.0,0.93,62.0,0.5,100.0,73.0,0.0
Patricky Freire,Pitbull,17,8,0,170.18,70.31,180.34,,1986-06-01,3.06,44.0,3.34,69.0,1.26,33.0,100.0,0.0
Jeremy  Freitag,,6,10,0,185.42,92.99,,,,0.0,0.0,8.37,19.0,0.0,0.0,33.0,1.9
Rafael Freitas,Capoeira,3,6,01,,92.99,,Orthodox,,2.0,29.0,8.0,51.0,11.25,50.0,0.0,0.0
Donavon Frelow,,6,3,0,170.18,61.23,,Orthodox,1985-01-20,2.4,27.0,3.2,52.0,1.0,100.0,26.0,0.0
Josh Fremd,,11,6,0,193.04,83.91,193.04,Orthodox,1994-01-15,2.52,44.0,2.23,47.0,0.66,25.0,30.0,1.1
Clay French,,19,7,0,170.18,73.03,,Southpaw,1980-10-07,1.52,50.0,1.27,16.0,0.0,0.0,100.0,0.0
Mike French,,9,10,0,177.8,65.77,,,1975-05-29,0.23,23.0,2.17,42.0,0.0,0.0,22.0,1.0
Matt Frevola,The SteamRolla,11,6,1,175.26,70.31,180.34,Orthodox,1990-06-11,3.3,39.0,3.76,56.0,2.34,41.0,40.0,0.8
Jinh Yu Frey,,11,10,0,160.02,52.16,165.1,Southpaw,1985-05-20,2.97,43.0,4.23,52.0,1.02,36.0,90.0,0.3
Artem Frolov,,11,0,0,177.8,83.91,,,1991-09-07,0.0,0.0,0.0,0.0,0.0,0.0,0.0,0.0
Sarah Frota,A Treta,9,2,0,167.64,56.7,175.26,Southpaw,1987-04-14,4.52,52.0,2.57,55.0,0.0,0.0,53.0,0.0
Daniel Frunza,,9,4,0,185.42,77.11,185.42,Orthodox,1994-04-13,3.25,38.0,4.32,50.0,0.0,0.0,50.0,0.0
Don Frye,The Predator,20,9,11,185.42,99.34,,Orthodox,1965-11-23,2.87,64.0,3.57,37.0,0.91,57.0,45.0,0.7
Allen Frye Jr.,,6,1,0,195.58,120.2,203.2,Orthodox,1998-04-15,2.2,38.0,4.27,36.0,0.0,0.0,0.0,0.0
Tony Fryklund,The Freak,14,9,1,182.88,83.91,,Orthodox,1971-03-26,3.49,39.0,6.5,43.0,0.0,0.0,66.0,0.5
Adam Fugitt,,10,6,0,185.42,77.11,195.58,Southpaw,1989-01-12,4.88,46.0,5.33,51.0,1.63,22.0,50.0,0.0
Jesse Fujarczyk,The Ronin,2,2,0,193.04,102.06,,Southpaw,1983-01-28,1.03,33.0,4.91,38.0,0.0,0.0,25.0,0.0
Katsuhisa Fujii,Shamoji,9,18,1,182.88,92.99,,Orthodox,1972-08-15,4.0,50.0,4.43,64.0,2.14,25.0,50.0,2.1
Megumi Fujii,Mega Megu,26,3,0,160.02,51.26,,,1974-04-26,2.4,42.0,0.0,100.0,0.0,0.0,0.0,12.0
Kazuyuki Fujita,Ironhead,15,12,0,182.88,106.59,,Orthodox,1970-10-16,1.05,49.0,1.99,52.0,2.78,36.0,85.0,0.6
Keisuke Fujiwara,,17,12,5,167.64,63.05,,Switch,1982-09-17,0.73,44.0,1.2,47.0,0.0,0.0,23.0,2.5
Riki Fukuda,,24,9,01,182.88,83.91,185.42,Southpaw,1981-01-06,4.24,43.0,3.71,64.0,2.17,43.0,70.0,0.0
Machi Fukuda,,10,2,0,,52.16,,,2003-06-03,0.0,0.0,0.0,0.0,0.0,0.0,0.0,0.0
Masio Fullen,Lobo,11,7,0,177.8,65.77,177.8,Orthodox,1986-10-06,2.46,32.0,3.5,54.0,0.47,33.0,69.0,0.0
Travis Fulton,The Ironman,253,53,101,182.88,108.86,,Orthodox,1977-05-29,0.0,0.0,0.0,0.0,0.0,0.0,0.0,0.0
Sam Fulton,,0,2,0,,,,,,0.0,0.0,0.0,0.0,0.0,0.0,0.0,0.0
Masakatsu Funaki,,39,13,2,182.88,83.91,,Southpaw,1969-03-13,1.82,68.0,2.92,35.0,0.0,0.0,0.0,5.5
Ricardo Funch,Golden Boy,9,6,0,177.8,77.11,187.96,Southpaw,1980-08-14,2.61,65.0,3.57,40.0,1.24,18.0,60.0,0.0
Katsuaki Furuki,,1,1,0,182.88,76.2,,,1980-11-10,0.27,10.0,2.67,39.0,0.0,0.0,0.0,3.0
James Gabert,,6,4,0,,80.74,,,,0.0,0.0,0.0,0.0,0.0,0.0,0.0,0.0
Gustavo Gabriel,,13,1,0,167.64,56.7,,Orthodox,1994-04-01,4.06,65.0,4.26,46.0,0.0,0.0,50.0,0.0
Claudia Gadelha,Claudinha,18,5,0,162.56,52.16,160.02,Orthodox,1988-12-07,3.31,41.0,4.57,57.0,3.03,42.0,58.0,0.7
Alavutdin Gadjiev,,18,13,1,187.96,83.91,,Orthodox,1982-06-23,0.99,27.0,0.99,57.0,0.0,0.0,50.0,0.0
Magomed Gadzhiyasulov,,9,1,0,187.96,92.99,190.5,Orthodox,1993-11-04,2.89,49.0,1.64,62.0,3.67,73.0,61.0,0.0
Justin Gaethje,The Highlight,27,5,0,180.34,70.31,177.8,Orthodox,1988-11-14,6.48,58.0,7.05,51.0,0.33,40.0,74.0,0.0
Sheila Gaff,The German Tank,9,7,0,165.1,61.23,,Orthodox,1989-12-29,1.6,50.0,2.89,28.0,0.0,0.0,20.0,0.0
Muin Gafurov,Tajik,20,7,0,170.18,61.23,172.72,Orthodox,1996-05-17,3.36,47.0,2.51,55.0,1.57,28.0,70.0,0.0
Mitch Gagnon,,12,5,0,165.1,61.23,165.1,Southpaw,1984-10-10,2.76,46.0,2.21,61.0,1.16,25.0,65.0,1.9
Brandon Gaines,,5,21,0,190.5,83.91,,,1982-02-24,0.0,0.0,0.0,0.0,0.0,0.0,0.0,0.0
Travis Galbraith,The Gladiator,18,7,0,182.88,77.11,,Orthodox,1981-05-18,2.21,40.0,3.45,48.0,1.33,25.0,0.0,1.3
Dave Galera,Scarecrow,5,1,0,180.34,61.23,,Orthodox,1978-01-12,1.67,69.0,0.53,33.0,0.0,0.0,14.0,2.0
Zelg Galesic,Benkei,11,9,0,187.96,83.91,,Orthodox,1979-02-16,4.86,62.0,0.61,66.0,1.3,100.0,20.0,1.3
Mickey Gall,,7,7,0,187.96,77.11,187.96,Switch,1992-01-22,3.5,49.0,4.72,49.0,1.15,32.0,37.0,1.6
Daniel Gallemore,Big Kansas,7,3,0,195.58,120.2,,,,3.1,41.0,6.0,52.0,0.0,0.0,0.0,0.0
Tom Gallicchio,Da Tank,19,10,0,177.8,77.11,,Southpaw,1986-09-23,3.53,26.0,7.07,43.0,1.0,11.0,0.0,0.0
Turrell Galloway,,8,6,0,160.02,65.77,,,1976-08-11,0.0,0.0,0.0,0.0,0.0,0.0,0.0,0.0
Eric Galvan,,0,0,0,,70.31,,,,0.0,0.0,0.0,0.0,0.0,0.0,0.0,0.0
Andre Galvao,,5,2,0,170.18,76.2,,Orthodox,1982-09-29,2.34,52.0,1.56,58.0,2.02,27.0,0.0,2.8
Marcos Galvao,Loro,18,8,1,170.18,61.23,,Orthodox,1981-06-23,1.97,32.0,3.86,61.0,2.27,28.0,88.0,1.1
Lucas Gamaza,,8,4,0,,77.11,,,,7.57,31.0,6.99,45.0,0.0,0.0,0.0,0.0
Joey Gambino,The Raging Warrior,9,2,0,170.18,65.77,,Orthodox,1988-10-26,2.47,35.0,2.53,51.0,0.0,0.0,42.0,0.8
Manvel Gamburyan,The Anvil,15,10,01,165.1,61.23,170.18,Orthodox,1981-05-08,2.13,41.0,2.83,55.0,3.26,34.0,69.0,0.7
Mateusz Gamrot,Gamer,26,4,01,177.8,70.31,177.8,Southpaw,1990-12-11,3.21,51.0,2.81,60.0,5.22,38.0,83.0,0.2
Shamil Gamzatov,,14,1,0,187.96,92.99,193.04,Orthodox,1990-08-09,5.35,48.0,3.46,51.0,0.0,0.0,50.0,0.0
Ryan Gandra,Problema,9,1,0,185.42,83.91,187.96,Orthodox,1995-05-08,13.02,50.0,1.7,81.0,0.0,0.0,100.0,0.0
Ariel Gandulla,,7,9,01,180.34,92.99,,Orthodox,1968-05-07,1.95,23.0,2.07,72.0,1.88,66.0,0.0,0.0
Ciryl Gane,Bon Gamin,13,2,01,193.04,112.04,205.74,Orthodox,1990-04-12,5.29,61.0,2.33,60.0,0.68,25.0,47.0,0.6
Sean Gannon,The Cannon,2,1,0,190.5,120.2,,Southpaw,,0.0,0.0,6.38,28.0,0.0,0.0,50.0,0.0
Tommy Gantt,,11,0,01,180.34,70.31,193.04,Orthodox,1993-01-09,1.08,100.0,0.36,66.0,10.78,40.0,0.0,5.4
Junye Gao,,19,12,0,,56.7,,,,0.0,0.0,0.0,0.0,0.0,0.0,0.0,0.0
Eduardo Garagorri,,13,2,0,175.26,65.77,177.8,Orthodox,1989-05-28,3.42,51.0,2.36,58.0,0.48,100.0,61.0,0.0
Cody Garbrandt,No Love,15,7,0,172.72,61.23,165.1,Orthodox,1991-07-07,2.79,40.0,3.66,58.0,0.85,22.0,81.0,0.0
Leonard Garcia,Bad Boy,18,13,1,177.8,65.77,172.72,Orthodox,1979-07-14,2.77,24.0,4.79,52.0,0.3,26.0,42.0,0.5
Edgar Garcia,,14,5,0,177.8,77.11,180.34,Orthodox,1984-02-22,3.16,29.0,4.23,60.0,2.21,57.0,50.0,0.6
Alejandro Garcia,Alex,14,10,01,170.18,65.77,,,1980-10-20,1.22,62.0,1.14,65.0,8.55,87.0,66.0,0.0
Alex Garcia,The Dominican Nightmare,15,6,0,175.26,77.11,182.88,Orthodox,1987-07-14,1.81,31.0,3.03,59.0,3.72,52.0,66.0,0.1
Nick Garcia,Nitro,8,3,01,162.56,56.7,,,,0.67,25.0,3.03,50.0,0.0,0.0,83.0,5.1
Steve Garcia,Mean Machine,19,5,0,182.88,65.77,190.5,Southpaw,1992-05-22,5.39,49.0,2.12,59.0,0.86,40.0,88.0,0.4
Elias Garcia,,6,2,0,165.1,56.7,170.18,Southpaw,1992-09-13,1.59,27.0,5.05,50.0,0.68,14.0,33.0,1.4
Rafa Garcia,Gifted,19,4,0,170.18,70.31,177.8,Orthodox,1994-08-05,4.28,44.0,4.42,61.0,3.22,45.0,77.0,0.4
Fernie Garcia,,10,5,0,170.18,61.23,170.18,Orthodox,1992-04-12,2.04,34.0,3.79,48.0,0.28,50.0,50.0,0.6
Rulon Gardner,,1,0,0,190.5,120.2,,Orthodox,1971-08-16,2.05,25.0,1.45,60.0,0.75,100.0,100.0,0.0
David Gardner,,18,21,0,180.34,70.31,,Orthodox,1977-05-17,0.17,100.0,0.34,0.0,0.0,0.0,66.0,0.0
Pablo Garza,The Scarecrow,12,4,0,185.42,65.77,185.42,Orthodox,1983-09-16,3.37,44.0,2.7,50.0,0.94,25.0,15.0,1.3
Azamat Gashimov,,8,3,0,167.64,56.7,,Orthodox,1990-04-07,1.24,21.0,4.75,53.0,1.69,25.0,0.0,0.0
Brian Gassaway,,29,20,21,185.42,77.11,,Orthodox,1972-08-07,0.34,26.0,3.65,44.0,0.0,0.0,42.0,0.0
Kelvin Gastelum,,21,11,01,175.26,83.91,180.34,Southpaw,1991-10-24,3.65,42.0,3.52,57.0,1.04,35.0,60.0,0.1
Willie Gates,,12,7,0,172.72,56.7,182.88,Orthodox,1987-01-21,1.8,38.0,4.28,38.0,0.0,0.0,67.0,0.4
Melissa Gatto,,9,3,2,165.1,56.7,175.26,Orthodox,1996-05-02,3.47,49.0,2.67,54.0,1.77,27.0,58.0,0.4
Sean Gauci,,10,1,0,165.1,56.7,162.56,Switch,1996-10-07,5.07,59.0,5.8,68.0,4.0,44.0,100.0,0.0
Louis Gaudinot,Goodnight,8,4,01,160.02,56.7,160.02,Orthodox,1984-08-28,2.34,37.0,6.42,48.0,0.57,40.0,31.0,1.1
Ateba Gautier,The Storm,10,1,0,193.04,83.91,205.74,Switch,2002-04-10,4.44,48.0,2.93,52.0,0.49,100.0,92.0,0.0
Manuel Gaxhja,,7,0,0,172.72,70.31,,Switch,1997-07-23,0.0,0.0,0.0,0.0,0.0,0.0,0.0,0.0
Shamil Gaziev,,14,3,0,193.04,120.2,198.12,Orthodox,1990-02-10,2.62,47.0,3.97,45.0,0.93,30.0,83.0,0.3
Charlene Gellner,Princess,0,4,0,157.48,56.7,,,,2.01,42.0,3.24,43.0,0.0,0.0,0.0,1.7
Chad George,Savage,16,8,0,167.64,61.23,172.72,Southpaw,1982-04-30,1.26,50.0,1.11,65.0,3.08,46.0,0.0,1.3
Paul Georgieff,,6,2,0,187.96,77.11,,Orthodox,1982-09-22,2.55,40.0,2.34,35.0,0.0,0.0,0.0,0.0
Brian Geraghty,Duke,26,18,1,170.18,70.31,,Orthodox,1980-11-04,0.47,25.0,9.77,36.0,0.0,0.0,50.0,0.0
Derek Getzel,The Pretzel,8,5,0,182.88,70.31,,,,0.0,0.0,0.0,0.0,0.0,0.0,0.0,0.0
Karine Gevorgyan,The Princess,3,3,0,162.56,56.7,160.02,,1989-03-09,1.2,20.0,1.8,76.0,0.0,0.0,0.0,0.0
Yanis Ghemmouri,The Desert Warrior,12,3,0,175.26,61.23,175.26,Orthodox,1995-01-24,2.29,38.0,5.14,35.0,0.0,0.0,0.0,0.0
Darrel Gholar,,5,6,0,172.72,88.0,,Orthodox,1962-11-07,0.0,0.0,0.0,0.0,0.0,0.0,0.0,0.0
Tiki Ghosn,,10,7,1,177.8,77.11,,Orthodox,1977-02-09,2.78,46.0,2.94,58.0,0.41,50.0,61.0,0.0
Christos Giagos,The Spartan,20,12,0,177.8,70.31,180.34,Orthodox,1990-01-23,3.03,41.0,3.21,50.0,2.84,36.0,52.0,0.4
Joe Giannetti,,6,1,0,182.88,70.31,187.96,Southpaw,1995-07-05,1.93,38.0,2.8,40.0,1.0,16.0,0.0,0.0
Nick Gibbons,,2,1,0,177.8,70.31,,,,0.0,0.0,0.0,0.0,0.0,0.0,0.0,0.0
James Giboo,,13,5,0,180.34,77.11,,Orthodox,1978-01-06,1.2,27.0,7.08,39.0,0.0,0.0,0.0,0.0
Lance Gibson,Fearless,4,5,0,175.26,83.91,,Orthodox,1970-11-20,1.21,75.0,6.44,20.0,0.0,0.0,0.0,0.0
Lee Gibson,Lethal,12,4,0,170.18,70.31,,,1976-06-20,0.0,0.0,0.0,0.0,0.0,0.0,0.0,0.0
Cody Gibson,The Renegade,22,12,0,177.8,61.23,180.34,Orthodox,1987-09-11,3.63,46.0,3.22,57.0,2.12,37.0,69.0,0.6
Chase Gibson,El Guero,9,5,0,177.8,70.31,182.88,Orthodox,1990-02-07,3.13,54.0,6.4,52.0,0.0,0.0,0.0,0.0
Lance Gibson Jr.,Fearless,10,2,0,175.26,70.31,182.88,Switch,1995-02-02,2.4,45.0,4.24,56.0,1.67,66.0,75.0,0.0
Kenny Giddens,,12,7,0,180.34,70.31,,,1985-01-24,0.0,0.0,0.0,0.0,0.0,0.0,0.0,0.0
Thomas Gifford,The Young Lion,14,9,02,185.42,70.31,190.5,Orthodox,1992-07-26,3.97,37.0,6.45,37.0,0.5,33.0,33.0,0.0
Joseph Gigliotti,Capo,7,2,0,180.34,83.91,,Orthodox,1993-08-13,1.04,39.0,2.92,45.0,1.56,100.0,50.0,0.8
Joey Gilbert,,2,3,0,180.34,70.31,,Orthodox,1976-06-05,0.61,42.0,4.44,31.0,0.0,0.0,0.0,0.0
Trevin Giles,,16,7,0,182.88,77.11,187.96,Orthodox,1992-08-06,3.17,54.0,2.39,58.0,1.07,50.0,72.0,0.3
Kultar Gill,Black Mamba,12,8,0,182.88,69.85,,Orthodox,1979-03-24,1.14,50.0,0.4,41.0,1.71,66.0,38.0,0.0
Jesse Gillespie,,3,2,0,,83.91,,,,0.0,0.0,0.0,0.0,0.0,0.0,0.0,0.0
Gregor Gillespie,The Gift,14,1,0,170.18,70.31,180.34,Orthodox,1986-11-13,3.74,52.0,2.3,57.0,6.86,48.0,100.0,0.8
Jason Gilliam,,14,9,0,182.88,77.11,,Orthodox,1972-10-31,0.79,33.0,3.14,42.0,0.0,0.0,0.0,0.0
Micheal Gillmore,The Gentleman,6,5,0,180.34,77.11,182.88,Orthodox,1987-03-28,2.04,57.0,3.02,43.0,0.0,0.0,50.0,0.0
Krishaun Gilmore,,0,1,0,,,,,,0.0,0.0,0.0,0.0,0.0,0.0,0.0,0.0
Alex Gilpin,,11,1,0,170.18,65.77,,Orthodox,1992-03-26,6.8,54.0,12.29,42.0,2.17,25.0,0.0,2.2
Bob Gilstrap,,5,7,0,190.5,90.72,,Orthodox,,0.0,0.0,0.0,0.0,0.0,0.0,0.0,0.0
Max Gimenis,,6,2,0,187.96,116.12,190.5,Orthodox,1993-04-14,3.21,42.0,9.64,47.0,0.0,0.0,0.0,0.0
Eperaim Ginting,The Wolfman,6,1,0,162.56,61.23,162.56,Orthodox,1995-11-30,0.0,0.0,0.0,100.0,15.52,100.0,0.0,0.0
Demetrius Gioulacos,,0,1,0,180.34,83.91,,,,0.0,0.0,0.0,0.0,0.0,0.0,0.0,0.0
Billy Giovanella,Wolverine,9,5,0,172.72,56.7,,,1985-08-20,1.27,40.0,2.02,52.0,0.87,12.0,100.0,1.7
He-Man Gipson,,1,2,0,,,,,,0.0,0.0,0.0,0.0,0.0,0.0,0.0,0.0
Israel Giron,El Rojo,19,5,0,172.72,70.31,,,1974-01-16,0.0,0.0,0.0,0.0,0.0,0.0,0.0,0.0
Brandon Girtz,Cold Roll,14,7,0,170.18,70.31,,,1985-03-06,2.5,60.0,1.92,47.0,5.76,100.0,100.0,0.0
Jason Glaza,,3,2,0,182.88,104.33,,,,4.34,54.0,0.43,40.0,4.34,100.0,0.0,4.3
Mike Glenn,,5,6,0,,92.99,,,1977-10-09,0.0,0.0,0.0,0.0,0.0,0.0,0.0,0.0
Ricky Glenn,The Gladiator,22,9,2,182.88,77.11,177.8,Southpaw,1989-04-12,3.79,42.0,4.3,51.0,0.72,13.0,69.0,0.4
Ivan Gnizditskiy,,5,0,0,,92.99,,,1996-05-10,0.0,0.0,0.0,0.0,0.0,0.0,0.0,0.0
Mark Godbeer,The Hand Of,13,4,0,193.04,108.86,195.58,Orthodox,1983-11-22,3.97,53.0,3.3,54.0,0.0,0.0,28.0,0.0
Clint Godfrey,,13,3,0,167.64,61.23,,Southpaw,1982-10-21,0.57,31.0,0.96,65.0,0.85,25.0,50.0,0.0
Loopy Godinez,,14,6,0,157.48,52.16,154.94,Orthodox,1993-09-06,4.43,49.0,3.94,62.0,2.99,42.0,76.0,0.8
Jason Godsey,,16,16,0,187.96,104.33,,Orthodox,1964-01-01,0.0,0.0,0.0,0.0,0.0,0.0,0.0,0.0
Allan Goes,,10,5,2,182.88,92.99,,Orthodox,1971-04-20,0.64,52.0,1.35,41.0,1.75,40.0,0.0,2.6
Billy Ray Goff,,9,4,0,177.8,77.11,182.88,Switch,1998-06-18,7.51,46.0,5.02,59.0,1.75,16.0,66.0,0.0
Amiran Gogoladze,,14,3,0,185.42,77.11,187.96,Switch,1997-12-09,1.64,66.0,0.82,0.0,0.0,0.0,0.0,0.0
Jonny Goh,,3,4,0,180.34,70.31,,,,0.0,0.0,0.0,0.0,0.0,0.0,0.0,0.0
Hannah Goldy,24K,6,4,0,162.56,52.16,154.94,Orthodox,1992-05-18,5.19,47.0,4.67,50.0,0.66,12.0,54.0,0.2
Marcelo Golm,,6,3,0,190.5,112.94,190.5,Orthodox,1992-09-15,4.27,58.0,4.3,45.0,0.45,50.0,87.0,0.5
Denise Gomes,Dee,12,3,0,157.48,52.16,160.02,Orthodox,1999-12-30,4.43,49.0,3.16,51.0,1.45,34.0,66.0,0.7
Sergio Gomez,,10,3,0,167.64,70.31,,Orthodox,1982-04-29,1.5,42.0,1.16,56.0,2.57,66.0,31.0,0.0
Frank Gomez,,10,6,0,177.8,61.23,170.18,Orthodox,1986-03-31,1.52,48.0,0.79,66.0,1.14,60.0,70.0,0.8
Alan Gomez,,2,0,0,,70.31,,,,0.0,0.0,0.0,0.0,0.0,0.0,0.0,0.0
David Gomez,,1,2,0,,70.31,,,1983-08-08,0.0,0.0,0.0,0.0,0.0,0.0,0.0,0.0
Ulysses Gomez,Useless,9,5,0,167.64,56.7,,Orthodox,1983-05-25,2.72,25.0,3.57,68.0,0.0,0.0,0.0,0.0
Joey Gomez,KO King,6,2,0,177.8,61.23,185.42,Orthodox,1986-07-21,2.44,28.0,4.46,55.0,0.62,100.0,50.0,0.0
Luis Gomez,Tiger Junior,4,1,0,170.18,65.77,172.72,Orthodox,1995-01-28,1.57,33.0,4.03,55.0,4.48,50.0,33.0,0.0
Joey Gomez,,7,1,0,177.8,70.31,180.34,Orthodox,1989-08-29,3.73,49.0,3.33,50.0,2.0,28.0,0.0,0.0
Edson Gomez,,6,2,0,172.72,77.11,175.26,Switch,1991-02-23,2.66,32.0,8.78,45.0,0.0,0.0,0.0,0.0
Silvana Gomez Juarez,La Malvada,11,5,0,160.02,52.16,165.1,Orthodox,1984-12-06,4.26,32.0,4.04,61.0,0.0,0.0,30.0,0.0
Takanori Gomi,The Fireball Kid,35,14,01,170.18,70.31,177.8,Southpaw,1978-09-22,3.81,41.0,3.52,60.0,1.23,65.0,63.0,0.8
William Gomis,Jaguar,15,3,0,182.88,65.77,185.42,Southpaw,1997-06-13,3.48,49.0,2.76,61.0,0.86,38.0,72.0,0.3
Akihiro Gono,,35,21,8,170.18,77.11,172.72,Switch,1974-10-07,2.18,48.0,2.67,63.0,1.01,84.0,46.0,0.5
Gabriel Gonzaga,Napao,17,11,0,187.96,109.77,193.04,Orthodox,1979-05-18,2.12,45.0,2.94,57.0,2.8,39.0,66.0,1.1
Justin Gonzales,J-Train,6,0,0,175.26,65.77,182.88,Orthodox,1991-04-28,6.67,80.0,0.87,43.0,14.0,73.0,100.0,0.0
Fernando Gonzalez,The Menifee Maniac,26,14,0,175.26,77.11,172.72,Southpaw,1983-09-15,4.47,47.0,4.03,65.0,0.86,33.0,43.0,1.4
Nick Gonzalez,The Ghost,17,12,01,167.64,70.31,,Orthodox,1981-03-03,0.59,20.0,2.35,33.0,0.0,0.0,50.0,0.0
Fabian Gonzalez,,2,1,0,177.8,61.23,,,,3.9,48.0,4.39,51.0,0.0,0.0,66.0,0.0
Lewis Gonzalez,Lethal,11,3,0,177.8,77.11,,Orthodox,1987-09-19,1.4,37.0,1.87,41.0,2.0,33.0,62.0,0.0
Jason Gonzalez,Nicoya,11,5,0,187.96,70.31,187.96,Southpaw,1990-02-28,3.06,39.0,3.13,58.0,0.0,0.0,30.0,1.0
Pearl Gonzalez,,6,3,0,162.56,52.16,,Orthodox,1986-08-12,2.23,37.0,4.07,57.0,1.04,11.0,0.0,0.5
Jorge Gonzalez,Street,16,4,0,187.96,92.99,193.04,Orthodox,1984-02-29,0.0,0.0,0.0,0.0,0.0,0.0,0.0,0.0
Mikey Gonzalez,Rolls,7,2,0,180.34,70.31,187.96,Orthodox,1985-08-13,0.91,16.0,14.55,11.0,0.0,0.0,0.0,0.0
Erick Gonzalez,The Ghost Pepper,14,8,0,180.34,70.31,190.5,Orthodox,1992-01-20,2.4,36.0,8.08,40.0,6.0,55.0,50.0,0.0
Jennifer Gonzalez,Jefa,13,5,0,157.48,56.7,,,1986-03-22,0.0,0.0,0.0,0.0,0.0,0.0,0.0,0.0
Kier Gooch,,2,7,0,,70.31,,,1986-04-21,0.0,0.0,0.0,0.0,0.0,0.0,0.0,0.0
Lyman Good,Cyborg,21,6,01,182.88,77.11,187.96,Orthodox,1985-05-26,5.34,48.0,4.01,63.0,0.27,100.0,75.0,0.0
Jared Gooden,NiteTrain,23,10,0,182.88,77.11,195.58,Orthodox,1993-12-05,4.4,48.0,6.74,45.0,0.91,45.0,65.0,0.4
Gary Goodridge,Big Daddy,23,22,1,190.5,112.94,,Orthodox,1966-01-17,1.84,56.0,2.14,48.0,0.4,100.0,53.0,0.8
Jordan Goodwin,,0,0,0,,70.31,,,,0.0,0.0,0.0,0.0,0.0,0.0,0.0,0.0
Gerard Gordeau,,2,2,0,195.58,97.98,,Orthodox,1959-03-30,0.0,0.0,0.0,0.0,0.0,0.0,0.0,0.0
Eddie Gordon,Truck,8,4,0,182.88,83.91,193.04,Orthodox,1983-07-22,2.03,32.0,2.57,60.0,1.93,83.0,63.0,0.0
Jared Gordon,Flash,21,8,01,175.26,70.31,172.72,Orthodox,1988-09-06,5.64,53.0,4.14,55.0,1.78,32.0,60.0,0.0
Tebaris Gordon,Boom,3,1,0,185.42,120.2,,Orthodox,1988-07-19,3.53,16.0,49.41,22.0,0.0,0.0,0.0,0.0
Malcolm Gordon,X,14,8,0,170.18,56.7,180.34,Switch,1990-05-19,2.5,45.0,2.0,43.0,1.72,35.0,26.0,1.0
Tresean Gore,Mr. Vicious,7,4,0,182.88,83.91,190.5,Switch,1994-06-21,3.41,49.0,7.0,40.0,1.91,72.0,83.0,1.0
Alex Gorgees,Hitman,6,1,0,187.96,70.31,187.96,Switch,1995-08-11,0.67,32.0,2.27,38.0,0.0,0.0,54.0,0.0
Themba Gorimbo,Mamba,14,7,0,185.42,77.11,195.58,Orthodox,1991-01-23,2.72,60.0,1.32,51.0,5.07,65.0,72.0,0.4
Tim Gorman,The Psycho,9,4,0,165.1,61.23,,Southpaw,1983-04-29,2.73,31.0,5.57,46.0,1.0,9.0,33.0,0.0
Chase Gormley,,14,6,01,190.5,120.2,,Orthodox,1983-08-11,3.6,42.0,6.03,44.0,3.12,42.0,0.0,1.0
Jonathan Goulet,The Road Warrior,23,12,01,182.88,77.11,185.42,Orthodox,1979-07-13,1.61,41.0,2.01,46.0,4.17,70.0,45.0,0.6
Thibault Gouti,GT,12,5,0,177.8,70.31,182.88,Orthodox,1987-02-27,3.68,34.0,5.64,50.0,1.23,80.0,83.0,0.3
Wilson Gouveia,,14,8,0,185.42,83.91,193.04,Orthodox,1978-10-03,3.02,39.0,4.06,56.0,0.9,66.0,57.0,2.2
Todd Gouwenberg,,9,5,0,185.42,92.99,,Orthodox,1974-09-25,0.52,23.0,2.93,42.0,1.57,33.0,50.0,0.0
Hugo Govea,,0,1,0,,,,,,0.0,0.0,0.0,0.0,0.0,0.0,0.0,0.0
Justin Governale,The Therapist,5,5,0,,65.77,,,,0.0,0.0,0.0,0.0,0.0,0.0,0.0,0.0
Damian Grabowski,The Polish Pitbull,20,5,0,185.42,109.32,190.5,Orthodox,1980-05-12,4.0,36.0,7.65,51.0,0.0,0.0,0.0,0.0
Patryk Grabowski,Czapla,5,1,0,,92.99,,,1995-11-12,0.0,0.0,0.0,0.0,0.0,0.0,0.0,0.0
Royce Gracie,,15,2,3,185.42,79.38,,Southpaw,1966-12-12,0.88,41.0,1.13,37.0,0.0,0.0,66.0,0.8
Crosley Gracie,,2,2,0,175.26,86.18,,Orthodox,1979-07-18,1.69,37.0,1.54,60.0,3.46,85.0,50.0,0.6
Daniel Gracie,,5,4,1,187.96,102.06,,Orthodox,1972-06-28,1.9,38.0,1.33,59.0,0.36,100.0,80.0,2.1
Ralph Gracie,,6,1,0,175.26,83.01,,Orthodox,1971-05-25,0.86,37.0,1.72,31.0,0.0,0.0,25.0,4.0
Renzo Gracie,,13,7,11,177.8,83.91,,Orthodox,1967-03-11,1.71,41.0,1.67,55.0,1.13,20.0,40.0,0.8
Rickson Gracie,,11,0,0,177.8,83.91,,Switch,1958-11-20,0.0,0.0,0.0,0.0,0.0,0.0,0.0,0.0
Rodrigo Gracie,,6,2,1,182.88,83.01,,Orthodox,1975-04-11,1.34,51.0,0.86,46.0,1.49,50.0,75.0,0.4
Royler Gracie,,5,5,1,172.72,68.04,,Southpaw,1965-12-06,0.0,0.0,0.0,0.0,0.0,0.0,0.0,0.0
Ryan Gracie,,5,2,0,175.26,90.72,,Orthodox,1974-08-14,0.82,61.0,0.5,40.0,2.83,75.0,25.0,0.9
Ralek Gracie,,3,1,0,187.96,95.25,,Orthodox,1985-10-04,1.61,46.0,1.05,55.0,2.5,75.0,0.0,1.7
Rolles Gracie,,8,4,0,193.04,109.77,,Orthodox,1978-07-14,2.3,32.0,3.38,55.0,2.3,10.0,0.0,0.0
Cesar Gracie,,0,1,0,177.8,82.1,,Orthodox,,0.0,0.0,17.14,50.0,0.0,0.0,0.0,0.0
Roger Gracie,,8,2,0,193.04,83.91,200.66,Orthodox,1981-09-26,1.78,35.0,1.79,61.0,1.87,53.0,60.0,1.9
Igor Gracie,,5,4,0,180.34,77.11,,,1980-02-04,1.86,60.0,0.99,50.0,3.72,50.0,0.0,3.7
Neiman Gracie,,6,0,0,182.88,77.11,,,,0.77,100.0,0.38,75.0,5.77,100.0,0.0,5.8
Kron Gracie,,5,3,0,175.26,65.77,177.8,Southpaw,1988-07-11,2.95,42.0,5.73,51.0,0.35,25.0,0.0,0.7
Bogdan Grad,The Unleashed,15,4,0,172.72,65.77,177.8,Orthodox,1995-09-28,4.06,51.0,5.06,49.0,4.22,40.0,75.0,0.0
Steven Graham,,2,1,0,185.42,131.54,,Orthodox,,0.0,0.0,0.0,0.0,0.0,0.0,0.0,0.0
Scott Graham,,3,1,0,193.04,83.91,,Orthodox,,0.91,42.0,2.27,28.0,0.0,0.0,0.0,0.0
Miranda Granger,Danger,7,3,0,170.18,52.16,172.72,Orthodox,1992-04-13,2.79,47.0,2.57,57.0,0.0,0.0,33.0,0.0
TJ Grant,,21,5,0,177.8,70.31,182.88,Orthodox,1984-02-26,3.95,54.0,3.21,56.0,1.63,43.0,36.0,0.6
Davey Grant,Dangerous,18,8,0,172.72,61.23,175.26,Orthodox,1985-12-18,5.58,45.0,4.04,54.0,0.95,38.0,65.0,0.2
Dwight Grant,The Body Snatcher,11,6,0,185.42,83.91,193.04,Switch,1984-09-14,3.29,36.0,2.66,60.0,0.61,100.0,66.0,0.0
Alexa Grasso,,17,5,1,165.1,56.7,167.64,Orthodox,1993-08-09,4.11,41.0,3.71,58.0,0.4,35.0,54.0,0.7
Tony Gravely,,23,9,0,165.1,61.23,175.26,Orthodox,1991-09-28,3.82,48.0,4.47,44.0,5.4,41.0,52.0,0.3
Michael Graves,,6,0,1,177.8,77.11,180.34,Orthodox,1991-01-08,1.25,54.0,1.47,58.0,4.8,52.0,66.0,0.4
Shelton Graves,The Gravedigger,7,3,0,187.96,115.67,193.04,Southpaw,1985-10-23,2.19,69.0,0.81,33.0,4.86,57.0,0.0,0.0
James Gray,The Phenom,4,1,0,175.26,61.23,,Orthodox,1987-10-25,2.61,50.0,18.26,44.0,0.0,0.0,0.0,0.0
Kevin Gray,Pocket Herc,9,4,0,162.56,56.7,170.18,Orthodox,1985-05-03,3.45,62.0,4.48,66.0,0.0,0.0,0.0,0.0
Sam Greco,,3,1,1,187.96,92.99,,Orthodox,1967-05-03,2.4,75.0,1.33,53.0,0.0,0.0,25.0,1.0
King Green,,34,17,11,177.8,70.31,180.34,Orthodox,1986-09-09,6.38,53.0,3.58,62.0,1.31,42.0,72.0,0.3
Desmond Green,The Predator,23,8,0,177.8,70.31,185.42,Southpaw,1989-10-11,3.7,46.0,2.51,69.0,1.62,50.0,75.0,0.0
Gabe Green,Gifted,12,5,0,177.8,70.31,185.42,Switch,1993-05-02,5.6,45.0,6.19,47.0,0.71,50.0,50.0,0.5
Maurice Greene,The Crochet Boss,9,7,0,200.66,117.03,203.2,Orthodox,1986-07-05,3.28,45.0,3.61,45.0,0.0,0.0,27.0,0.4
Matt Grice,The Real One,15,5,0,172.72,65.77,177.8,Orthodox,1981-07-29,4.09,53.0,2.69,56.0,2.19,37.0,82.0,0.5
Forrest Griffin,,19,7,0,190.5,92.99,195.58,Orthodox,1979-03-16,4.38,36.0,2.81,61.0,1.05,48.0,57.0,0.7
Tyson Griffin,,16,8,0,167.64,65.77,172.72,Orthodox,1984-04-20,3.71,41.0,2.3,65.0,1.87,46.0,59.0,0.9
Max Griffin,Pain,20,13,0,180.34,77.11,193.04,Orthodox,1985-11-29,3.7,47.0,3.69,58.0,1.44,41.0,69.0,0.2
Jordan Griffin,Native Psycho,18,9,0,177.8,65.77,185.42,Southpaw,1990-02-28,2.52,46.0,3.02,50.0,1.45,35.0,42.0,1.9
Chad Griggs,The Grave Digger,11,3,0,185.42,92.99,185.42,Orthodox,1978-05-15,2.67,50.0,2.22,46.0,1.51,66.0,41.0,0.0
Charalampos Grigoriou,Ferocious,8,5,0,170.18,61.23,170.18,Orthodox,1992-03-31,2.62,48.0,3.97,46.0,2.62,80.0,90.0,0.0
Chuck Grigsby,The Reverend,23,10,0,198.12,92.99,,Orthodox,1972-08-15,0.71,16.0,3.29,46.0,0.0,0.0,66.0,0.0
Rodrigo Gripp de Sousa,Riscado,7,9,0,180.34,92.99,,Orthodox,,0.48,23.0,4.81,52.0,0.0,0.0,0.0,9.6
Maxim Grishin,Maximus,32,10,2,190.5,92.99,198.12,Orthodox,1984-05-02,3.26,52.0,2.27,58.0,0.21,16.0,66.0,0.0
Josh Grispi,The Fluke,14,5,0,180.34,65.77,187.96,Orthodox,1988-10-14,1.44,41.0,3.71,50.0,1.97,36.0,16.0,2.2
Garrett Gross,,11,7,0,175.26,70.31,,Orthodox,1988-08-08,2.39,45.0,1.67,46.0,0.0,0.0,52.0,0.0
Kendall Grove,Da Spyder,23,17,01,198.12,83.91,200.66,Orthodox,1982-11-12,2.31,41.0,2.4,54.0,0.49,45.0,56.0,1.7
Neil Grove,Goliath,12,8,1,198.12,120.2,,Orthodox,1971-01-18,0.0,0.0,0.0,0.0,0.0,0.0,100.0,14.3
Chris Gruetzemacher,Gritz,15,5,0,172.72,70.31,172.72,Orthodox,1986-06-16,6.18,57.0,4.96,52.0,0.21,50.0,65.0,0.0
Vik Grujic,The Spartan,6,6,0,180.34,77.11,185.42,Orthodox,1977-02-06,2.24,48.0,3.39,41.0,1.18,33.0,26.0,0.4
Mike Grundy,,12,4,0,170.18,65.77,182.88,Orthodox,1987-01-03,2.09,45.0,4.45,56.0,4.06,28.0,50.0,0.4
Wang Guan,The Dongbei Tiger,20,1,1,175.26,65.77,180.34,Orthodox,1986-03-14,4.73,43.0,3.27,60.0,0.0,0.0,0.0,0.0
Anthony Guarascio,The Daywalker,3,1,01,187.96,105.69,182.88,Orthodox,1994-02-26,7.5,28.0,41.25,35.0,0.0,0.0,0.0,0.0
Nandor Guelmino,The Hun,11,5,1,190.5,104.33,,,1975-12-20,3.62,56.0,3.16,33.0,0.0,0.0,42.0,0.0
Fabricio Guerreiro,,21,5,01,177.8,65.77,,,1990-07-24,1.87,31.0,2.2,67.0,2.0,50.0,0.0,0.0
Rainn Guerrero,Purple Rainn,5,2,0,167.64,56.7,165.1,Orthodox,1992-05-13,0.65,33.0,0.87,50.0,3.27,100.0,0.0,0.0
Shannon Gugerty,,15,7,0,177.8,70.31,180.34,Orthodox,1981-12-30,1.25,39.0,1.88,58.0,2.13,27.0,50.0,3.4
Clay Guida,The Carpenter,38,22,0,170.18,70.31,177.8,Orthodox,1981-12-08,2.63,33.0,3.0,61.0,3.1,35.0,66.0,0.6
Jason Guida,,19,28,02,177.8,97.07,,,1977-08-04,1.87,40.0,3.33,52.0,1.0,14.0,50.0,1.0
Melvin Guillard,The Young Assassin,32,18,23,175.26,70.31,180.34,Orthodox,1983-03-30,2.96,40.0,1.85,66.0,1.3,63.0,61.0,0.2
Chris Guillen,,13,16,0,182.88,108.86,,Orthodox,1972-12-09,0.82,27.0,1.91,36.0,0.0,0.0,0.0,0.0
Marcelo Guimaraes,Magrao,9,2,1,182.88,83.91,185.42,Orthodox,1983-06-25,4.67,51.0,4.41,62.0,1.99,13.0,0.0,0.0
Leonardo Guimaraes,Leleco,11,5,01,182.88,83.91,,Orthodox,1982-04-15,2.35,56.0,2.99,44.0,0.0,0.0,52.0,1.0
Brad Gumm,,10,6,11,180.34,77.11,,Orthodox,,0.0,0.0,0.0,0.0,0.0,0.0,0.0,0.0
John Gunderson,Quick Guns,35,16,2,175.26,70.31,175.26,Orthodox,1979-01-05,1.04,27.0,1.71,58.0,1.67,33.0,11.0,2.0
John Gunther,The Machine,5,1,0,175.26,70.31,182.88,Orthodox,1985-11-24,1.65,37.0,3.72,46.0,7.08,42.0,0.0,0.0
Jorge Gurgel,,14,10,0,170.18,70.31,175.26,Orthodox,1977-01-25,3.37,32.0,3.62,62.0,0.81,23.0,60.0,0.5
Fabio Gurgel,,3,2,0,182.88,92.99,,Orthodox,1970-01-18,0.0,0.0,0.0,0.0,0.0,0.0,0.0,0.0
Luis Gurule,Grim,10,3,0,165.1,56.7,162.56,Orthodox,1993-11-16,4.47,40.0,4.74,59.0,0.58,14.0,58.0,0.0
Bogdan Guskov,Hitman,18,3,1,190.5,92.99,193.04,Orthodox,1992-09-12,4.57,55.0,4.09,44.0,0.0,0.0,57.0,0.7
Gugun Gusman,The Tiger,8,4,0,170.18,61.23,172.72,Orthodox,1990-03-03,0.88,27.0,6.18,41.0,0.0,0.0,33.0,0.0
Andre Gusmao,,6,3,0,182.88,92.99,,Orthodox,1977-05-19,2.79,43.0,3.28,60.0,0.0,0.0,60.0,0.0
Alexander Gustafsson,The Mauler,18,8,0,195.58,92.99,200.66,Orthodox,1987-01-15,4.03,40.0,3.53,51.0,1.53,39.0,83.0,0.4
Andreas Gustafsson,Bane,12,3,0,185.42,77.11,185.42,Orthodox,1991-02-20,5.82,71.0,3.63,45.0,6.19,58.0,100.0,0.0
Justin Guthrie,,18,9,0,185.42,77.11,,,1981-01-19,0.16,33.0,3.74,14.0,2.44,25.0,0.0,4.9
Horacio Gutierrez,The Punisher,4,3,0,177.8,65.77,,,1990-09-15,0.86,26.0,2.91,46.0,0.0,0.0,50.0,0.0
Chris Gutierrez,El Guapo,22,7,2,175.26,61.23,170.18,Orthodox,1991-04-22,4.4,57.0,2.65,63.0,0.3,30.0,67.0,0.1
Mando Gutierrez,El Toro,7,2,0,167.64,61.23,177.8,Southpaw,1997-02-24,0.8,75.0,1.33,50.0,1.0,100.0,40.0,1.0
Mike Guymon,The Joker,15,6,1,182.88,77.11,187.96,Orthodox,1974-09-17,2.75,65.0,0.79,66.0,1.87,37.0,54.0,1.2
Chelsea Hackett,Hammer,3,1,1,162.56,56.7,167.64,Switch,1998-08-16,2.58,51.0,4.85,46.0,0.0,0.0,57.0,0.0
Keith Hackney,The Giant Killer,2,2,0,180.34,90.72,,Sideways,1958-04-15,0.0,0.0,0.0,0.0,0.0,0.0,0.0,0.0
Cody Haddon,,8,1,0,170.18,61.23,175.26,Orthodox,1998-09-08,9.2,51.0,3.47,64.0,2.48,37.0,83.0,0.8
Jake Hadley,White Kong,11,4,0,170.18,61.23,177.8,Southpaw,1996-08-03,3.8,43.0,4.16,61.0,0.33,11.0,54.0,1.1
Steve Hadsel,,3,0,0,172.72,77.11,,,,0.0,0.0,0.0,0.0,0.0,0.0,0.0,0.0
Damir Hadzovic,The Bosnian Bomber,14,8,0,175.26,70.31,177.8,Orthodox,1986-08-08,3.34,47.0,3.74,59.0,0.91,54.0,34.0,0.1
Bassil Hafez,The Habibi,9,4,1,180.34,77.11,182.88,Orthodox,1992-01-31,3.71,38.0,5.68,41.0,2.21,24.0,50.0,0.0
Tim Hague,The Trashing Machine,21,13,0,193.04,117.93,193.04,Orthodox,1983-05-09,2.79,47.0,4.14,46.0,1.72,33.0,85.0,0.9
Theo Haig,,6,1,0,187.96,83.91,195.58,Orthodox,1996-08-23,0.0,0.0,28.33,0.0,0.0,0.0,0.0,0.0
Yazan Hajeh,Yazzle Dazzle,6,1,0,175.26,65.77,,Orthodox,1992-09-04,1.54,25.0,17.44,44.0,0.0,0.0,100.0,0.0
Stoney Hale,The Skuller,5,3,0,182.88,,,,1979-10-18,0.0,0.0,0.0,0.0,0.0,0.0,0.0,0.0
Kevin Haley,The North Woods Nightmare,6,4,0,187.96,92.99,,,,0.87,59.0,0.87,64.0,3.0,100.0,0.0,2.0
Mark Hall,,5,6,0,182.88,86.18,,Orthodox,1961-01-26,0.0,0.0,0.0,0.0,0.0,0.0,0.0,0.0
Uriah Hall,Prime Time,18,11,0,182.88,83.91,200.66,Orthodox,1984-07-31,3.23,48.0,3.85,54.0,0.54,38.0,64.0,0.1
Ryan Hall,The Wizard,9,2,0,177.8,65.77,177.8,Southpaw,1985-02-22,2.38,50.0,1.33,65.0,0.22,9.0,0.0,2.2
Dennis Hallman,Superman,53,20,21,175.26,70.31,182.88,Orthodox,1975-12-02,1.12,44.0,1.96,43.0,1.79,30.0,25.0,2.1
Piotr Hallmann,Pletwal,18,6,0,175.26,70.31,180.34,Orthodox,1987-08-25,3.98,45.0,3.17,58.0,2.55,44.0,70.0,0.4
Tony Halme,,0,4,0,190.5,136.08,,Orthodox,1963-01-06,0.0,0.0,0.0,0.0,0.0,0.0,0.0,0.0
Brandon Halsey,Bull,9,3,0,182.88,83.91,,,1986-09-16,1.74,47.0,0.87,65.0,4.98,53.0,100.0,1.2
John Halverson,The Hurricane,16,8,01,175.26,70.31,,Southpaw,1972-09-08,2.94,43.0,5.29,47.0,0.0,0.0,66.0,2.0
Seo Hee Ham,,17,8,0,157.48,52.16,157.48,Southpaw,1987-03-08,4.2,39.0,5.15,61.0,0.0,0.0,66.0,0.2
Frank Hamaker,,1,0,0,,,,,,0.0,0.0,0.0,0.0,0.0,0.0,0.0,0.0
Kazuhiro Hamanaka,,5,7,1,182.88,83.91,,Southpaw,1978-10-24,1.7,37.0,0.91,60.0,0.0,0.0,50.0,0.0
Rami Hamed,,13,3,0,185.42,77.11,180.34,Orthodox,1991-04-25,3.87,51.0,3.4,50.0,0.0,0.0,50.0,0.0
Matt Hamill,The Hammer,12,8,0,185.42,92.99,193.04,Orthodox,1976-10-05,3.69,42.0,3.8,61.0,3.0,34.0,91.0,0.0
Jeremy Hamilton,Hawk,9,2,0,,83.91,,,1984-11-14,0.0,0.0,0.0,0.0,0.0,0.0,0.0,0.0
Anthony Hamilton,Freight Train,15,9,0,195.58,117.93,193.04,Orthodox,1980-04-14,3.91,65.0,3.02,45.0,2.62,42.0,78.0,0.0
CJ Hamilton,The Autobot,11,4,0,170.18,56.7,172.72,Switch,1986-10-07,2.47,31.0,3.93,58.0,0.0,0.0,62.0,0.0
Jared Hamman,The Messenger,14,6,0,190.5,83.91,190.5,Orthodox,1982-03-07,5.15,42.0,3.93,55.0,1.57,46.0,30.0,0.0
James Hammortree,The Sledge,6,3,0,190.5,83.91,,Orthodox,1983-11-29,1.93,30.0,4.13,44.0,2.0,50.0,100.0,1.0
Dean Hancock,The Hammer,2,1,0,,70.31,,,,7.97,63.0,1.94,67.0,1.71,33.0,75.0,1.7
Chad Hanekom,Superman,9,3,0,193.04,83.91,187.96,Orthodox,1990-04-20,0.73,47.0,1.47,33.0,0.0,0.0,71.0,1.0
Joachim Hansen,Hellboy,23,14,1,170.18,68.04,,Southpaw,1979-05-26,2.01,43.0,2.04,58.0,2.21,58.0,34.0,1.9
Kay Hansen,,7,6,0,157.48,52.16,160.02,Orthodox,1999-08-14,3.01,50.0,3.19,51.0,1.83,22.0,37.0,0.8
Nasrat Haqparast,,18,6,0,177.8,70.31,182.88,Southpaw,1995-08-22,6.36,45.0,6.0,63.0,0.34,20.0,86.0,0.0
Shin Haraguchi,,8,2,01,165.1,65.77,172.72,Switch,1998-11-27,2.02,63.0,1.84,43.0,12.32,51.0,0.0,0.0
Janay Harding,Hollowpoint,2,3,0,,61.23,,,,0.0,0.0,0.0,0.0,0.0,0.0,0.0,0.0
Antoni Hardonk,,8,6,0,193.04,111.13,198.12,Orthodox,1976-02-05,3.4,61.0,3.07,46.0,0.0,0.0,40.0,0.9
George Hardwick,King,12,2,0,177.8,70.31,182.88,Orthodox,1996-12-06,3.6,38.0,4.6,71.0,0.0,0.0,83.0,0.0
Harry Hardwick,Houdini,13,5,1,172.72,65.77,180.34,Switch,1994-09-29,5.47,42.0,8.54,44.0,0.0,0.0,0.0,0.0
Dan Hardy,The Outlaw,25,10,01,182.88,77.11,187.96,Orthodox,1982-05-17,2.46,35.0,3.44,51.0,0.73,35.0,35.0,0.4
Veronica Hardy,,10,5,1,162.56,56.7,162.56,Southpaw,1995-10-30,3.06,45.0,3.24,50.0,0.82,41.0,51.0,0.3
Greg Hardy,Prince of War,7,5,01,195.58,120.2,203.2,Orthodox,1988-07-28,4.79,50.0,3.31,55.0,0.2,33.0,64.0,0.0
Tobias Harila,Bad Intention,12,3,0,,,,,1994-01-13,0.0,0.0,0.0,0.0,0.0,0.0,0.0,0.0
Baru Harn,Seiryu,1,2,0,,120.2,,,1977-10-24,0.0,0.0,0.0,0.0,0.0,0.0,0.0,0.0
Scott Harper,,12,7,0,182.88,83.91,,Orthodox,1972-04-14,1.3,54.0,4.98,47.0,3.25,100.0,0.0,0.0
Josiah Harrell,The Muscle Hamster,11,1,0,170.18,77.11,172.72,Southpaw,1998-11-13,2.32,50.0,10.94,29.0,0.0,0.0,0.0,0.0
Gerry Harris,,1,4,0,203.2,122.47,,Orthodox,,0.0,0.0,0.0,0.0,0.0,0.0,0.0,0.0
Gerald Harris,,23,5,0,180.34,83.91,195.58,Southpaw,1979-11-19,1.41,29.0,1.58,62.0,2.96,54.0,72.0,0.0
Phil Harris,Billy,22,12,02,162.56,56.7,165.1,Orthodox,1983-09-04,2.34,26.0,3.16,68.0,1.76,21.0,60.0,0.0
Walt Harris,The Big Ticket,13,10,01,195.58,113.4,195.58,Southpaw,1983-06-10,3.05,39.0,3.33,54.0,0.29,28.0,70.0,0.1
Dhafir Harris,Dada 5000,2,0,01,,116.57,,,1977-08-04,0.0,0.0,0.0,0.0,0.0,0.0,0.0,0.0
Trevor Harris,,2,2,0,167.64,65.77,,,,1.73,50.0,0.43,75.0,0.0,0.0,50.0,6.5
Carlston Harris,Mocambique,19,7,0,182.88,77.11,193.04,Orthodox,1987-07-09,3.79,43.0,3.46,54.0,1.46,22.0,55.0,0.6
Kayla Harrison,,19,1,0,172.72,61.23,167.64,Southpaw,1990-07-02,4.29,62.0,1.1,66.0,2.84,37.0,100.0,0.9
Collin Hart,,6,3,1,185.42,83.91,,Orthodox,1989-10-12,6.33,44.0,7.53,51.0,2.0,16.0,50.0,0.0
Joey Hart,The Hitman,6,2,0,190.5,77.11,200.66,Orthodox,1997-06-24,4.53,34.0,4.53,45.0,0.0,0.0,40.0,0.0
Dale Hartt,,6,3,0,177.8,70.31,175.26,Orthodox,1979-04-04,1.14,35.0,1.55,66.0,1.22,100.0,25.0,2.5
Luke Hartwig,,0,1,0,,,,,,0.0,0.0,0.0,0.0,0.0,0.0,0.0,0.0
Clay Harvison,Bushwacker,13,6,0,185.42,77.11,187.96,Orthodox,1980-09-25,3.29,48.0,3.91,58.0,0.66,100.0,68.0,1.3
Hidehiko Hasegawa,,19,20,6,175.26,77.11,,,1978-07-13,0.0,0.0,0.0,0.0,0.0,0.0,0.0,0.0
Chris Haseman,The Hammer,20,17,0,180.34,92.99,,Orthodox,1969-06-02,0.93,70.0,4.67,28.0,0.0,0.0,40.0,2.0
Takayo Hashi,,15,6,1,162.56,61.23,,Orthodox,1977-10-02,2.84,26.0,6.56,61.0,0.0,0.0,0.0,0.0
Tomohiko Hashimoto,,1,4,0,182.88,113.4,,Orthodox,1977-08-16,0.0,0.0,11.67,30.0,0.0,0.0,0.0,0.0
Justin Haskins,,7,6,0,177.8,77.11,,Orthodox,1979-08-30,1.51,33.0,2.65,54.0,1.62,40.0,52.0,0.8
Hayder Hassan,Hulk,6,3,0,177.8,77.11,,,1982-10-20,2.11,46.0,3.16,48.0,0.0,0.0,25.0,0.0
Ahmad Hassanzada,Lion of the Ring,11,3,0,185.42,70.31,190.5,Orthodox,1996-11-20,3.16,39.0,4.42,38.0,2.43,19.0,0.0,1.2
Daiki Hata,DJ Taiki,17,11,7,167.64,63.05,,Orthodox,1982-08-24,1.44,39.0,1.42,55.0,0.67,100.0,35.0,0.7
John Hathaway,The Hitman,17,2,0,185.42,77.11,190.5,Orthodox,1987-07-23,3.4,40.0,1.8,62.0,2.61,43.0,60.0,0.9
Phil Hawes,No Hype,12,6,0,182.88,83.91,195.58,Orthodox,1989-01-08,5.33,59.0,3.72,55.0,2.11,34.0,90.0,0.2
Justin Hawes,The Hawk,6,9,0,180.34,92.99,,,1979-01-13,0.0,0.0,3.41,37.0,0.0,0.0,0.0,0.0
Chris Hawk,,5,10,0,185.42,92.99,,,1985-12-20,0.0,0.0,0.0,0.0,0.0,0.0,0.0,0.0
Del Hawkins,The Filipino Delight,22,17,0,165.1,61.23,,Orthodox,,1.15,27.0,2.01,46.0,0.0,0.0,0.0,0.0
Tommy Hayden,Wild Card,11,3,0,175.26,65.77,,Southpaw,1986-03-11,1.48,27.0,2.05,55.0,3.42,33.0,66.0,0.0
Mike Hayes,,20,12,2,193.04,104.33,,Orthodox,1980-10-16,4.87,55.0,1.47,77.0,0.0,0.0,75.0,4.0
Ryan Hayes,,7,6,0,,,,,,0.0,0.0,0.0,0.0,0.0,0.0,0.0,0.0
Gerric Hayes,,8,11,0,177.8,,,,1980-10-29,0.0,0.0,0.0,0.0,0.0,0.0,0.0,0.0
Josh Haynes,Bring the Pain,14,11,0,175.26,77.11,,Orthodox,1977-07-30,1.25,22.0,4.03,52.0,0.94,18.0,42.0,0.0
Dustin Hazelett,McLovin,12,7,0,185.42,77.11,193.04,Orthodox,1986-04-29,2.24,40.0,3.51,46.0,0.55,50.0,25.0,4.1
James Head,,9,4,0,185.42,77.11,185.42,Orthodox,1984-02-09,2.75,48.0,3.11,49.0,0.41,100.0,66.0,0.8
Pat Healy,Bam Bam,34,23,01,182.88,70.31,182.88,Orthodox,1983-07-20,2.57,36.0,2.57,50.0,3.08,37.0,55.0,1.1
Ryan Healy,The Irish Assassin,25,14,1,185.42,70.31,,Orthodox,1983-07-20,1.67,35.0,3.0,38.0,3.0,50.0,40.0,1.0
Spencer Hearns,,1,0,0,180.34,83.91,,,,0.0,0.0,0.0,0.0,0.0,0.0,0.0,0.0
David Heath,,18,7,0,180.34,92.99,182.88,Orthodox,1976-02-10,1.48,30.0,5.16,49.0,0.33,50.0,57.0,1.0
Chris Heatherly,Stump,9,4,01,175.26,70.31,,Orthodox,1987-11-24,1.08,45.0,2.67,52.0,3.39,50.0,100.0,0.7
Jake Hecht,Hitman,11,4,0,182.88,77.11,185.42,Orthodox,1984-02-09,3.26,47.0,2.76,56.0,2.04,37.0,40.0,0.0
Donavon Hedrick,,6,1,0,180.34,83.91,193.04,Orthodox,1997-03-21,2.7,47.0,1.77,61.0,3.12,33.0,42.0,0.0
Nick Hein,Sergeant,14,5,01,167.64,70.31,167.64,Southpaw,1984-04-24,2.65,35.0,3.61,59.0,0.86,33.0,83.0,0.0
Ian Heinisch,The Hurricane,14,5,0,180.34,83.91,182.88,Orthodox,1988-08-05,3.25,50.0,2.98,59.0,1.02,17.0,59.0,0.7
Marcin Held,,23,7,0,175.26,70.31,180.34,Orthodox,1992-01-18,1.41,34.0,2.02,47.0,2.46,46.0,37.0,1.3
Delson Heleno,Pe De Chumbo,29,10,0,180.34,83.91,,Orthodox,1977-11-16,0.69,75.0,4.83,19.0,0.0,0.0,0.0,0.0
Matt Helm,,1,1,0,,70.31,,,,0.0,0.0,0.0,0.0,0.0,0.0,0.0,0.0
Elisha Helsper,Knuckles,0,4,0,167.64,61.23,,Orthodox,1983-02-06,0.0,0.0,0.0,0.0,0.0,0.0,0.0,0.0
Dan Henderson,Hendo,32,15,0,180.34,83.91,187.96,Orthodox,1970-08-24,2.44,47.0,2.7,51.0,1.52,52.0,57.0,0.3
Benson Henderson,Smooth,24,7,0,175.26,77.11,177.8,Southpaw,1983-11-16,2.93,45.0,1.79,63.0,2.4,45.0,63.0,0.8
Ron Henderson,,4,3,0,177.8,56.7,,,,2.53,25.0,3.6,48.0,1.0,20.0,0.0,0.0
Josh Hendricks,,19,11,01,187.96,106.59,,Southpaw,1976-08-28,0.98,20.0,11.8,29.0,0.0,0.0,0.0,0.0
Johny Hendricks,Bigg Rigg,18,8,0,175.26,83.91,175.26,Southpaw,1983-09-12,3.49,45.0,3.99,53.0,3.83,46.0,63.0,0.3
Cory Hendricks,,3,1,0,190.5,92.99,,Switch,1988-05-10,3.13,39.0,4.07,42.0,0.0,0.0,100.0,0.0
Luis Henrique,KLB,10,5,01,187.96,110.22,187.96,Orthodox,1993-08-21,1.81,43.0,2.22,47.0,3.09,36.0,50.0,1.0
Jose Henrique,Canela,8,1,0,190.5,77.11,200.66,Orthodox,2002-05-23,3.45,43.0,5.79,38.0,0.0,0.0,0.0,0.0
Paulo Henrique,PH,12,2,0,170.18,56.7,175.26,,2002-07-03,0.93,32.0,1.87,61.0,0.0,0.0,50.0,0.0
Diego Henrique da Silva,Gaucho,8,4,01,187.96,83.91,,Orthodox,1986-08-22,2.53,57.0,3.27,30.0,0.0,0.0,63.0,0.0
Danny Henry,The Hatchet,12,4,0,182.88,65.77,185.42,Orthodox,1988-07-17,5.2,51.0,4.16,45.0,0.74,33.0,50.0,2.2
Victor Henry,La Mangosta,25,7,01,170.18,61.23,172.72,Switch,1987-05-04,7.17,53.0,5.19,48.0,1.04,42.0,81.0,0.3
TJ Hepburn,The Carnivore,4,2,0,170.18,70.31,,,,0.73,37.0,0.13,81.0,2.0,40.0,60.0,0.0
Jai Herbert,Black Country Banger,14,6,1,185.42,70.31,195.58,Orthodox,1988-05-13,3.19,41.0,3.34,52.0,0.42,21.0,66.0,0.0
Ed Herman,Short Fuse,27,16,01,185.42,92.99,195.58,Orthodox,1980-10-02,3.31,48.0,3.71,42.0,1.96,47.0,59.0,1.0
Dave Herman,,22,6,0,193.04,109.77,195.58,Orthodox,1984-10-03,4.98,60.0,3.78,48.0,1.49,100.0,58.0,0.0
Jack Hermansson,The Joker,24,10,0,185.42,77.11,195.58,Orthodox,1988-06-10,5.15,45.0,3.72,56.0,1.48,29.0,80.0,0.4
Noe Hernandez,,5,5,0,,,,Orthodox,,0.0,0.0,0.0,0.0,0.0,0.0,0.0,0.0
Joe Hernandez,,0,1,0,,,,,,0.0,0.0,0.0,0.0,0.0,0.0,0.0,0.0
Ramiro Hernandez,Junior,19,9,0,175.26,61.23,,Orthodox,1986-07-22,2.72,28.0,5.51,64.0,0.0,0.0,0.0,0.0
Alexander Hernandez,El Gran Chango,18,9,0,175.26,70.31,182.88,Orthodox,1992-10-01,4.23,40.0,4.45,59.0,1.05,35.0,68.0,0.1
Anthony Hernandez,Fluffy,15,3,01,182.88,83.91,190.5,Orthodox,1993-10-18,4.57,60.0,3.1,51.0,5.88,48.0,68.0,1.6
Nohelin Hernandez,Suave,9,4,0,177.8,61.23,180.34,Orthodox,1994-03-01,1.32,34.0,2.63,52.0,0.71,50.0,37.0,0.0
Carlos Hernandez,,10,5,0,172.72,56.7,170.18,Orthodox,1993-10-25,3.83,45.0,3.5,50.0,1.56,21.0,65.0,0.2
Leslie Hernandez,Dora The Destroyer,4,2,0,160.02,52.16,162.56,Orthodox,1997-12-29,3.6,58.0,2.53,55.0,0.0,0.0,54.0,0.0
Paul Herrera,The Bone Crusher,1,1,0,177.8,83.91,,Orthodox,1964-02-21,0.0,0.0,0.0,0.0,0.0,0.0,0.0,0.0
Chris Herrera,The Crusher,3,2,1,177.8,83.91,,,,2.04,37.0,3.35,48.0,1.8,100.0,100.0,0.0
Geane Herrera,La Pulga,9,3,0,165.1,56.7,167.64,Orthodox,1990-05-27,1.51,31.0,5.07,52.0,0.83,37.0,38.0,0.6
Alvaro Herrera Mendoza,Chango,9,6,0,182.88,70.31,187.96,Orthodox,1990-05-14,1.89,38.0,3.4,55.0,0.0,0.0,33.0,1.1
Felice Herrig,Lil Bulldog,14,10,0,162.56,52.16,165.1,Orthodox,1984-09-18,3.84,37.0,5.19,48.0,1.08,28.0,75.0,0.8
Heath Herring,The Texas Crazy Horse,28,16,01,193.04,113.4,198.12,Orthodox,1978-03-02,2.37,50.0,1.77,54.0,1.22,50.0,32.0,0.7
Jon Hess,,1,1,0,200.66,133.81,,,,0.0,0.0,0.0,0.0,0.0,0.0,0.0,0.0
Clint Hester,Headbussa,11,6,0,187.96,92.99,195.58,Orthodox,1986-11-21,3.36,42.0,3.44,56.0,1.02,35.0,60.0,0.0
Brandon Hester,The Beast,3,0,0,185.42,92.99,,,,3.53,53.0,0.4,68.0,4.0,80.0,0.0,0.0
Jimy Hettes,The Kid,11,3,0,175.26,65.77,180.34,Southpaw,1987-06-09,3.47,57.0,3.5,57.0,5.2,44.0,61.0,1.4
Conor Heun,Hurricane,9,5,0,177.8,70.31,,Orthodox,1979-02-11,2.92,36.0,3.66,54.0,2.45,31.0,33.0,0.3
Marcus Hicks,The Wrecking Ball,10,4,01,167.64,70.31,162.56,Southpaw,1975-11-25,1.42,43.0,3.06,61.0,2.7,53.0,25.0,4.0
Jay Hieron,The Thoroughbred,23,7,0,182.88,77.11,190.5,Orthodox,1976-07-29,1.66,32.0,1.89,61.0,4.05,60.0,66.0,1.0
Brady Hiestand,Bam Bam,9,2,0,172.72,61.23,180.34,Orthodox,1999-04-30,2.7,50.0,3.75,51.0,4.8,46.0,42.0,1.1
Lee Higgins,,2,1,0,,70.31,,,1980-07-14,1.02,26.0,3.68,40.0,0.0,0.0,0.0,0.0
Jason High,The Kansas City Bandit,21,6,0,172.72,70.31,185.42,Southpaw,1981-10-12,1.28,42.0,1.56,48.0,2.36,63.0,37.0,2.8
Richie Hightower,The Dirty Samurai,8,4,01,172.72,77.11,,Orthodox,1974-11-26,4.62,35.0,6.92,21.0,3.46,100.0,100.0,0.0
Alex Higley,,4,3,0,177.8,65.77,,,,0.29,100.0,1.74,60.0,0.0,0.0,0.0,0.0
Corey Hill,,6,9,0,193.04,70.31,203.2,Orthodox,1978-10-03,3.57,46.0,1.61,70.0,3.02,80.0,100.0,0.0
Isaiah Hill,,5,7,11,177.8,70.31,,,,4.84,50.0,0.97,80.0,0.0,0.0,66.0,14.5
Angela Hill,Overkill,18,16,0,160.02,52.16,162.56,Orthodox,1985-01-12,5.37,50.0,5.02,60.0,0.75,30.0,72.0,0.1
Tyler Hill,,8,2,0,190.5,77.11,,Switch,1991-08-10,3.64,39.0,5.33,47.0,0.0,0.0,0.0,0.0
Jamahal Hill,Sweet Dreams,12,4,01,193.04,92.99,200.66,Southpaw,1991-05-19,6.19,51.0,4.03,44.0,0.0,0.0,73.0,0.0
Kailan Hill,,4,1,01,185.42,83.91,195.58,Southpaw,1994-12-01,2.6,53.0,4.8,37.0,3.0,42.0,0.0,0.0
Alvin Hines,Goozie,7,1,0,187.96,120.2,187.96,Orthodox,1991-10-20,5.47,31.0,7.47,38.0,1.0,10.0,0.0,0.0
Branden Lee Hinkle,The Iron Lion,17,11,01,190.5,106.59,,Orthodox,1973-07-29,2.61,69.0,3.91,26.0,4.34,57.0,66.0,4.3
Hatsu Hioki,,29,10,2,180.34,65.77,185.42,Orthodox,1983-07-18,2.42,42.0,2.12,65.0,2.55,56.0,54.0,0.6
Alan Hiro,Yamaniha,14,5,4,165.1,61.23,,Orthodox,1986-04-04,0.0,0.0,0.0,0.0,0.0,0.0,0.0,0.0
Kuniyoshi Hironaka,,23,9,0,177.8,76.2,177.8,Orthodox,1976-06-17,1.98,40.0,3.01,54.0,1.91,30.0,25.0,0.6
Mizuto Hirota,Pugnus,18,10,2,170.18,70.31,170.18,Orthodox,1981-05-05,3.36,40.0,3.5,54.0,1.36,50.0,58.0,0.1
Yuji Hisamatsu,,16,22,6,177.8,83.91,,,1971-09-18,0.0,0.0,0.0,0.0,0.0,0.0,0.0,0.0
An Tuan Ho,Highlight,6,2,0,167.64,56.7,167.64,Switch,2000-09-27,1.95,35.0,2.81,55.0,1.72,25.0,16.0,0.0
Kwan Ho Kwak,,9,2,0,165.1,61.23,,Switch,1989-06-18,3.29,41.0,3.45,47.0,0.78,100.0,26.0,0.0
Matt Hobar,The Crowbar,9,3,0,177.8,61.23,177.8,Southpaw,1987-01-07,3.23,42.0,4.27,52.0,3.66,44.0,50.0,0.0
Bobby Hoffman,The Truth,36,10,12,187.96,111.13,,Orthodox,1968-10-28,2.02,70.0,1.32,19.0,1.17,50.0,0.0,1.2
Chris Hofmann,,9,2,0,182.88,77.11,182.88,Orthodox,1989-11-18,4.78,45.0,4.63,35.0,3.42,42.0,0.0,0.0
Sam Hoger,The Alaskan Assassin,10,4,0,187.96,92.99,,Orthodox,1980-06-28,1.07,25.0,2.25,57.0,1.12,38.0,29.0,1.3
Josh Hokit,,9,0,0,185.42,107.05,185.42,Orthodox,1997-11-12,9.25,62.0,6.81,44.0,3.89,43.0,75.0,0.0
Andrew Holbrook,,12,3,0,180.34,70.31,177.8,Southpaw,1986-02-06,2.2,49.0,3.0,54.0,0.85,18.0,10.0,2.1
Sean Holden,,5,2,0,177.8,77.11,,,1984-09-17,2.4,59.0,0.6,59.0,5.0,83.0,0.0,2.0
Chris Holdsworth,,6,0,0,180.34,61.23,,,1987-10-24,1.85,29.0,1.94,58.0,3.38,62.0,100.0,2.0
Kevin Holland,Trailblazer,29,15,01,190.5,77.11,205.74,Orthodox,1992-11-05,4.24,49.0,3.21,50.0,0.79,36.0,57.0,0.6
Roger Hollett,The Hulk,13,5,0,180.34,92.99,,Orthodox,1978-10-08,1.83,47.0,6.47,34.0,1.0,28.0,30.0,0.0
Max Holloway,Blessed,27,9,0,180.34,70.31,175.26,Orthodox,1991-12-04,6.91,48.0,4.61,58.0,0.23,53.0,81.0,0.3
Gabrielle Holloway,Gabanator,6,5,0,160.02,65.77,,,1990-04-15,0.7,42.0,3.07,34.0,3.0,35.0,16.0,1.0
Jeremie Holloway,Hit Em,8,3,0,182.88,77.11,,,1984-09-29,0.81,50.0,0.51,79.0,0.0,0.0,0.0,0.0
Holly Holm,The Preacher's Daughter,15,7,01,172.72,61.23,175.26,Southpaw,1981-10-17,3.13,40.0,2.92,55.0,0.87,30.0,76.0,0.1
Rex Holman,Big Dog,4,2,0,190.5,92.99,,Southpaw,,2.75,34.0,7.25,40.0,0.0,0.0,100.0,0.0
Joseph Holmes,Uglyman Joe,8,4,0,193.04,83.91,203.2,Orthodox,1995-07-04,2.88,53.0,3.08,54.0,1.49,40.0,50.0,0.8
Brandon Holmes,,5,1,0,187.96,83.91,187.96,Orthodox,1997-02-05,4.72,45.0,8.76,50.0,0.0,0.0,50.0,0.0
Kurt Holobaugh,The Hurt,22,10,01,180.34,70.31,177.8,Orthodox,1986-09-08,4.58,44.0,4.24,49.0,0.65,33.0,38.0,0.8
Paddy Holohan,The Hooligan,12,2,1,177.8,56.7,175.26,Orthodox,1988-05-03,2.13,46.0,2.81,46.0,2.88,47.0,71.0,1.3
Ben Holscher,The Teacher,4,0,0,180.34,70.31,,,,0.0,0.0,0.0,0.0,0.0,0.0,0.0,0.0
Mark Holst,Boots,12,6,0,182.88,70.31,,Orthodox,1985-08-14,0.25,19.0,1.67,47.0,0.76,100.0,60.0,2.3
Scott Holtzman,Hot Sauce,14,6,0,175.26,70.31,175.26,Orthodox,1983-09-30,4.32,47.0,3.66,55.0,1.88,56.0,67.0,0.2
Sabah Homasi,,11,8,0,182.88,77.11,182.88,Orthodox,1988-10-19,4.98,48.0,6.91,47.0,2.8,50.0,66.0,0.0
Mark Hominick,The Machine,20,12,0,172.72,65.77,172.72,Orthodox,1982-07-22,4.08,42.0,4.18,69.0,0.25,66.0,71.0,0.9
Barb Honchak,Little Warrior,10,4,0,162.56,56.7,165.1,Orthodox,1979-08-30,4.04,30.0,4.67,66.0,0.0,0.0,0.0,1.3
Chris Honeycutt,The Cutt,9,1,01,177.8,77.11,185.42,,1988-07-25,2.99,44.0,1.41,66.0,3.4,45.0,75.0,0.0
JunYoung Hong,Drunken Red,13,8,1,175.26,65.77,175.26,Orthodox,1990-12-18,2.1,39.0,2.3,48.0,0.0,0.0,35.0,0.0
SeongChan Hong,Honey Badger,9,2,02,170.18,70.31,175.26,Orthodox,1989-11-28,6.57,55.0,8.76,47.0,0.0,0.0,0.0,0.0
Satoshi Honma,,4,6,3,185.42,92.99,,Orthodox,1968-05-19,0.0,0.0,0.0,0.0,0.0,0.0,0.0,0.0
David Hood,,1,3,0,182.88,90.72,,,,0.0,0.0,0.0,0.0,0.0,0.0,0.0,0.0
Lorenzo Hood,Dream Killer,14,5,01,190.5,120.2,203.2,Southpaw,1989-03-02,2.64,61.0,4.66,11.0,0.0,0.0,100.0,0.0
Dan Hooker,The Hangman,24,14,0,182.88,70.31,190.5,Switch,1990-02-13,4.82,48.0,4.94,49.0,0.68,33.0,77.0,0.6
Chase Hooper,The Dream,16,5,1,185.42,70.31,187.96,Southpaw,1999-09-13,4.5,49.0,3.02,39.0,2.43,32.0,55.0,2.1
Dakota Hope,Huracan,11,2,0,167.64,70.31,172.72,,1997-01-29,7.07,41.0,7.0,33.0,1.0,33.0,100.0,0.0
Darrell Horcher,The Saint,13,4,0,177.8,70.31,177.8,Southpaw,1987-07-28,2.05,44.0,4.21,39.0,0.35,50.0,47.0,0.7
Moti Horenstein,,1,6,0,193.04,104.33,,Orthodox,1964-03-23,0.0,0.0,0.0,0.0,0.0,0.0,0.0,0.0
Yoshinori Horie,,8,2,0,172.72,65.77,177.8,Orthodox,1995-05-10,2.76,49.0,5.65,48.0,0.0,0.0,0.0,0.0
Kyoji Horiguchi,Karate Kid,36,5,01,162.56,56.7,160.02,Orthodox,1990-10-12,3.77,47.0,2.13,63.0,1.61,40.0,61.0,0.1
Yuma Horiuchi,Ichiban,9,5,0,167.64,56.7,170.18,Switch,1997-09-22,3.73,30.0,5.0,35.0,2.0,16.0,0.0,2.0
Jeremy Horn,Gumby,91,22,51,185.42,83.91,187.96,Orthodox,1975-08-25,1.19,39.0,1.99,55.0,1.83,38.0,29.0,1.1
Matt Horning,Horndog,20,25,01,162.56,56.7,,,1976-08-18,0.0,0.0,0.0,0.0,0.0,0.0,0.0,0.0
Chris Horodecki,The Polish Hammer,21,7,11,175.26,70.31,175.26,Orthodox,1987-09-24,4.59,41.0,3.16,65.0,1.52,55.0,37.0,0.9
Jamey-Lyn Horth,,9,3,0,170.18,56.7,167.64,Orthodox,1990-03-30,3.8,47.0,2.64,63.0,0.98,42.0,80.0,0.2
Matt Horwich,Suave,30,25,1,185.42,83.91,,Orthodox,1978-10-02,1.11,62.0,2.16,38.0,0.33,9.0,28.0,2.7
John Hosman,,18,8,1,177.8,61.23,,Southpaw,1980-11-13,1.11,38.0,1.52,45.0,0.0,0.0,46.0,0.0
Saeed Hosseini,,0,1,0,,,,,,0.0,0.0,0.0,0.0,0.0,0.0,0.0,0.0
Jeff Hougland,Hellbound,10,6,0,170.18,61.23,172.72,Orthodox,1978-08-02,1.86,48.0,3.46,47.0,0.86,18.0,0.0,1.1
Trey Houston,,11,4,0,180.34,83.91,,,1988-06-08,0.0,0.0,0.0,0.0,0.0,0.0,0.0,0.0
Jamie Houston,,3,0,0,,83.91,,,,0.0,0.0,0.0,0.0,0.0,0.0,0.0,0.0
Brian Houston,B-Hue,4,6,0,187.96,83.91,,Orthodox,1981-04-26,1.9,35.0,3.67,53.0,0.95,100.0,87.0,0.0
Harold Howard,,1,3,0,187.96,108.86,,Orthodox,,0.0,0.0,0.0,0.0,0.0,0.0,0.0,0.0
John Howard,Doomsday,24,13,0,170.18,77.11,182.88,Orthodox,1983-03-01,2.15,50.0,3.08,51.0,2.7,49.0,53.0,0.4
Shane Howell,,13,10,0,172.72,56.7,,Orthodox,1983-11-28,1.27,32.0,2.55,42.0,0.0,0.0,20.0,0.0
Hu Yaozong,Totoro,3,3,0,190.5,83.91,182.88,Orthodox,1995-04-07,3.35,48.0,5.09,35.0,0.0,0.0,33.0,0.4
Carlos Huachin,Perro Malo,10,5,1,162.56,61.23,170.18,Southpaw,1996-06-04,2.1,21.0,4.8,50.0,0.0,0.0,66.0,0.0
Brady Huang,The Kung Fu Warrior,11,2,0,175.26,61.23,175.26,Orthodox,1992-12-16,4.62,37.0,10.77,30.0,0.0,0.0,0.0,0.0
Yuele Huang,,13,0,0,,65.77,,,2000-07-04,0.0,0.0,0.0,0.0,0.0,0.0,0.0,0.0
Huang Feier,Muscle Barbie,14,8,0,165.1,52.16,165.1,Orthodox,1994-03-12,0.0,0.0,0.0,0.0,0.0,0.0,0.0,0.0
Austin Hubbard,Thud,17,10,0,177.8,70.31,180.34,Orthodox,1991-12-22,3.97,42.0,4.1,55.0,1.63,28.0,68.0,0.1
Collin Huckbody,All In,8,2,0,190.5,83.91,193.04,Orthodox,1994-09-29,2.05,60.0,2.73,42.0,10.23,100.0,0.0,20.4
Alex Huddleston,The Shaved Gorilla,6,2,0,200.66,115.21,,,1986-08-11,2.47,42.0,2.59,67.0,0.0,0.0,0.0,0.9
Roger Huerta,El Matador,23,9,11,175.26,70.31,177.8,Orthodox,1983-05-20,3.64,36.0,2.33,56.0,2.13,46.0,52.0,0.5
Casey Huffman,Hellbent,3,1,0,190.5,83.91,,,,0.0,0.0,0.0,0.0,0.0,0.0,0.0,0.0
Matt Hughes,,45,9,0,175.26,77.11,185.42,Switch,1973-10-13,2.14,53.0,1.36,53.0,2.95,50.0,35.0,1.2
Mark Hughes,,6,2,0,175.26,92.99,,Southpaw,1973-10-13,0.9,47.0,0.4,42.0,3.0,50.0,0.0,4.5
Jeff Hughes,Lights Out,10,4,01,187.96,113.4,195.58,Orthodox,1988-05-17,3.95,51.0,3.67,60.0,0.71,50.0,45.0,0.0
Sam Hughes,Sampage,11,7,0,165.1,52.16,162.56,Orthodox,1992-06-28,4.41,47.0,4.69,58.0,1.12,29.0,63.0,0.2
Victor Hugo,Striker,25,5,0,170.18,61.23,180.34,Orthodox,1992-11-22,3.27,44.0,2.95,56.0,0.81,33.0,73.0,1.2
David Hulett,Hollywood,22,10,0,177.8,77.11,,,1980-09-07,0.0,0.0,0.0,0.0,0.0,0.0,0.0,0.0
Dominik Humburger,,8,1,0,,83.91,,,1996-01-03,0.0,0.0,0.0,0.0,0.0,0.0,0.0,0.0
Bryan Humes,,6,2,0,,120.2,,,,0.0,0.0,0.0,0.0,0.0,0.0,0.0,0.0
Abongo Humphrey,,7,3,0,180.34,92.99,,Orthodox,1977-05-27,1.45,40.0,3.83,46.0,1.41,37.0,33.0,3.8
Harry Hunsucker,The Hurricane,7,6,0,187.96,92.99,190.5,Orthodox,1989-01-03,3.54,52.0,6.53,42.0,0.0,0.0,0.0,2.0
Mark Hunt,Super Samoan,13,14,11,177.8,120.2,182.88,Orthodox,1974-03-23,2.81,43.0,2.9,51.0,0.51,55.0,64.0,0.2
Alex Hunter,,2,0,0,175.26,102.51,,Orthodox,,0.0,0.0,0.0,0.0,0.0,0.0,0.0,0.0
Adam Hunter,Warhammer,7,1,0,185.42,83.91,,Orthodox,1983-10-16,0.0,0.0,0.0,0.0,0.0,0.0,0.0,0.0
Joe Hurley,,12,5,0,172.72,70.31,,,1978-06-24,1.12,45.0,3.35,56.0,0.0,0.0,20.0,0.0
Solomon Hutcherson,King,11,7,01,180.34,83.91,,Southpaw,1972-08-31,2.59,39.0,2.59,64.0,3.53,100.0,0.0,0.0
Young Hwang,,8,5,0,175.26,61.23,,,1988-09-02,0.0,0.0,0.0,0.0,0.0,0.0,0.0,0.0
In Su Hwang,Legendary,8,2,0,180.34,83.91,187.96,Orthodox,1994-01-18,2.47,46.0,6.2,44.0,0.0,0.0,50.0,0.0
Matty Iann,Ironside,4,0,0,,61.23,,,2000-10-26,0.0,0.0,0.0,0.0,0.0,0.0,0.0,0.0
Al Iaquinta,Raging,14,7,1,177.8,70.31,177.8,Orthodox,1987-04-30,4.06,40.0,4.53,61.0,0.63,18.0,74.0,0.2
Khadis Ibragimov,,8,4,0,190.5,92.99,198.12,Orthodox,1995-05-21,3.55,49.0,4.26,47.0,0.97,30.0,80.0,0.3
Minoki Ichihara,,0,1,0,170.18,80.74,,Orthodox,1968-06-30,0.0,0.0,0.0,0.0,0.0,0.0,0.0,0.0
Alibi Idiris,,11,1,01,167.64,56.7,172.72,Orthodox,1994-10-22,2.51,44.0,2.64,60.0,3.25,31.0,66.0,0.0
Dan Ige,100K,19,11,0,170.18,65.77,180.34,Orthodox,1991-08-06,3.6,45.0,3.56,56.0,0.93,26.0,56.0,0.2
Valeri Ignatov,,1,2,0,175.26,77.11,,Orthodox,,0.0,0.0,0.0,0.0,0.0,0.0,0.0,0.0
Sergey Ignatov,,0,1,0,175.26,95.25,,Orthodox,1971-10-13,0.35,50.0,3.25,42.0,0.0,0.0,0.0,0.0
Fabiano Iha,,9,5,0,172.72,70.31,,Orthodox,1970-07-28,1.73,47.0,2.49,42.0,2.88,40.0,50.0,2.9
Seichi Ikemoto,,21,19,5,180.34,76.2,,Orthodox,1975-08-24,2.59,32.0,3.74,57.0,1.23,26.0,60.0,0.0
Mikhail Iloukhine,,30,11,1,175.26,92.99,,Orthodox,1966-11-21,0.16,20.0,2.95,26.0,0.0,0.0,0.0,7.0
Zelim Imadaev,,8,3,0,182.88,77.11,193.04,Orthodox,1995-01-25,2.91,36.0,4.35,43.0,0.38,50.0,60.0,0.0
Kento Imai,,12,4,0,,56.7,,,1999-08-10,0.0,0.0,0.0,0.0,0.0,0.0,0.0,0.0
Yusuke Imamura,,2,6,0,172.72,99.79,,Orthodox,1976-08-08,0.18,50.0,1.83,52.0,2.75,50.0,0.0,0.0
Masakazu Imanari,,36,16,2,162.56,63.05,,Southpaw,1976-02-10,0.55,30.0,1.74,57.0,0.0,0.0,0.0,2.1
Nassourdine Imavov,The Sniper,17,4,01,190.5,83.91,190.5,Orthodox,1996-03-01,4.28,54.0,3.17,58.0,0.74,32.0,81.0,1.0
Brad Imes,Hillbilly Heartthrob,13,7,0,200.66,120.2,,Orthodox,1977-03-13,2.73,31.0,4.24,49.0,1.72,71.0,0.0,1.0
Michael Imperato,,12,7,0,170.18,61.23,167.64,Switch,1989-09-01,1.93,48.0,2.67,60.0,1.0,12.0,0.0,1.0
Rui Imura,,12,5,0,177.8,61.23,175.26,Southpaw,1999-03-24,1.65,33.0,4.19,33.0,1.65,20.0,0.0,0.0
Chris Indich,,6,4,0,177.8,77.11,,,1987-04-22,1.31,30.0,4.32,43.0,0.75,50.0,50.0,1.5
Chris Inman,,1,0,0,,,,,,0.0,0.0,0.0,0.0,0.0,0.0,0.0,0.0
Guto Inocente,,7,4,0,190.5,92.99,,Orthodox,1986-05-29,4.13,66.0,2.92,54.0,0.67,33.0,66.0,0.7
Enson Inoue,Yamato Damashii,12,8,0,177.8,95.25,,Orthodox,1967-04-15,1.7,63.0,1.88,30.0,0.0,0.0,33.0,0.0
Egan Inoue,,13,8,0,175.26,86.18,,Southpaw,1965-07-04,1.66,36.0,3.31,57.0,0.0,0.0,0.0,0.0
Katsuya Inoue,,19,9,4,175.26,76.2,,Southpaw,1979-08-10,3.41,24.0,12.89,51.0,0.0,0.0,66.0,0.0
Takeshi Inoue,Lion,23,10,0,172.72,65.77,,,1980-03-18,2.54,44.0,3.32,61.0,0.0,0.0,47.0,0.0
Naoki Inoue,,11,1,0,175.26,56.7,180.34,Orthodox,1997-06-14,3.67,35.0,3.37,60.0,0.0,0.0,60.0,2.5
Jorge Interiano,,4,3,0,185.42,92.99,,,,0.0,0.0,0.0,0.0,0.0,0.0,0.0,0.0
Jason Ireland,The Irish Tornado,19,9,1,175.26,73.03,,Southpaw,1979-12-30,1.2,25.0,2.07,51.0,3.59,75.0,0.0,1.2
James Irvin,The Sandman,17,10,02,187.96,92.99,190.5,Orthodox,1978-09-12,2.03,48.0,3.86,35.0,0.0,0.0,36.0,0.5
Eric Irvin,,11,4,0,172.72,70.31,,,1986-01-10,3.27,42.0,4.47,36.0,4.0,30.0,33.0,0.0
Issa Isakov,Determinator,10,3,0,175.26,70.31,177.8,Orthodox,1989-10-22,1.93,36.0,5.78,40.0,0.0,0.0,0.0,0.0
Mitsuhiro Ishida,The Endless Warrior,20,8,1,167.64,69.85,,Southpaw,1978-12-29,1.46,41.0,1.13,61.0,4.76,53.0,33.0,0.7
Teruto Ishihara,Yashabo,10,7,2,170.18,61.23,175.26,Southpaw,1991-07-23,3.26,44.0,3.63,53.0,0.5,16.0,30.0,0.0
Satoshi Ishii,,15,8,1,180.34,108.86,,Orthodox,1986-12-19,1.41,36.0,1.58,63.0,3.47,52.0,100.0,1.6
Yuki Ishikawa,,0,2,0,180.34,92.99,,Orthodox,1967-02-08,1.07,28.0,8.57,11.0,0.0,0.0,50.0,0.0
Eiji Ishikawa,,29,24,3,177.8,77.11,,,1979-10-12,1.2,29.0,4.07,60.0,1.0,9.0,0.0,0.0
Tokimitsu Ishizawa,Kendo Ka Shin,1,5,1,182.88,83.91,,Orthodox,1968-08-05,1.34,30.0,2.99,59.0,2.74,18.0,0.0,0.0
Damir Ismagulov,Qazaq,24,3,0,177.8,70.31,187.96,Orthodox,1991-02-03,3.36,42.0,2.44,61.0,1.0,28.0,70.0,0.0
Wallid Ismail,,9,3,0,170.18,92.99,,Orthodox,1968-02-23,0.92,31.0,0.83,44.0,1.85,28.0,0.0,0.5
Leandro Issa,Brodinho,13,6,0,170.18,61.23,175.26,Orthodox,1983-09-19,2.08,37.0,3.17,58.0,2.38,22.0,50.0,1.2
Kuya Ito,Psycho Zombie,17,9,1,165.1,61.23,167.64,Orthodox,1996-10-07,3.4,39.0,3.13,55.0,0.0,0.0,62.0,1.0
Blagoy Ivanov,Baga,19,6,01,180.34,113.4,185.42,Southpaw,1986-10-09,3.25,40.0,4.2,53.0,0.69,40.0,61.0,0.1
Anthony Ivy,Aquaman,8,4,0,187.96,83.91,187.96,Orthodox,1990-01-23,2.5,42.0,4.57,51.0,4.69,20.0,100.0,0.0
Tomomi Iwama,,9,6,2,160.02,70.31,,Orthodox,1977-02-07,1.0,20.0,3.0,70.0,0.0,0.0,0.0,0.0
Tatsuya Iwasaki,,0,1,0,175.26,92.99,,Orthodox,1969-06-20,0.79,100.0,8.68,38.0,0.0,0.0,0.0,0.0
Taiga Iwasaki,,9,2,0,185.42,83.91,185.42,Orthodox,1997-07-07,1.99,33.0,7.08,32.0,0.0,0.0,0.0,0.0
Saygid Izagakhmaev,,22,3,0,182.88,77.11,187.96,,1994-09-03,1.33,58.0,1.73,58.0,4.0,40.0,100.0,0.0
Yoislandy Izquierdo,Cuba,10,4,0,180.34,70.31,,Southpaw,1984-01-09,2.93,52.0,1.4,26.0,0.0,0.0,50.0,0.0
Hiroshi Izumi,,4,2,0,,92.99,,Orthodox,1982-06-22,1.95,37.0,2.65,66.0,3.35,70.0,100.0,0.5
Yves Jabouin,Tiger,20,11,0,170.18,61.23,172.72,Orthodox,1979-05-30,3.06,41.0,2.93,62.0,1.94,60.0,82.0,0.1
Kevin Jackson,,4,2,0,177.8,90.26,,Switch,1964-11-25,0.0,0.0,0.0,0.0,0.0,0.0,0.0,0.0
Eugene Jackson,The Wolf,15,9,1,172.72,83.91,,Orthodox,1966-09-23,2.19,33.0,3.44,32.0,1.91,71.0,16.0,2.3
Quinton Jackson,Rampage,37,12,0,185.42,92.99,185.42,Orthodox,1978-06-20,3.25,54.0,2.51,55.0,1.52,56.0,73.0,0.1
Jeremy Jackson,Scorpion,9,5,0,177.8,77.11,,Orthodox,1982-09-19,0.71,27.0,2.03,25.0,1.52,40.0,58.0,0.0
Damon Jackson,The Leech,23,8,11,180.34,70.31,180.34,Switch,1988-08-08,2.96,42.0,3.47,49.0,2.3,32.0,37.0,1.2
Kenyon Jackson,,4,3,0,182.88,83.91,,,,0.0,0.0,0.0,0.0,0.0,0.0,0.0,0.0
Mike Jackson,The Truth,1,2,01,187.96,77.11,187.96,Orthodox,1985-03-22,4.49,57.0,3.73,62.0,0.71,33.0,88.0,0.0
Jason Jackson,Jah-Son,7,2,0,185.42,77.11,198.12,Orthodox,1990-10-30,2.24,48.0,1.31,56.0,0.0,0.0,0.0,0.0
Montel Jackson,Quik,15,4,0,177.8,61.23,190.5,Southpaw,1992-04-24,3.02,52.0,1.4,60.0,2.71,63.0,67.0,0.3
Eric Jacob,,1,9,0,,70.31,,,,0.0,0.0,0.0,0.0,0.0,0.0,0.0,0.0
Richard Jacobi,,6,1,1,193.04,117.93,190.5,Orthodox,1993-09-28,0.88,44.0,3.94,51.0,3.28,100.0,100.0,0.0
Dustin Jacoby,The Hanyak,22,9,1,190.5,92.99,193.04,Orthodox,1988-04-04,5.4,48.0,3.92,57.0,0.32,25.0,62.0,0.0
Justin James,,13,7,0,177.8,70.31,,Orthodox,1976-11-08,1.34,36.0,2.68,50.0,0.0,0.0,50.0,1.6
Nate James,,14,8,1,182.88,83.91,,,1978-05-29,1.33,42.0,2.67,28.0,0.0,0.0,44.0,0.0
Virna Jandiroba,Carcara,23,4,0,160.02,52.16,162.56,Orthodox,1988-05-30,2.27,41.0,2.86,55.0,3.13,39.0,72.0,1.4
Ryan Janes,,10,3,0,190.5,83.91,193.04,Orthodox,1981-08-22,7.69,48.0,5.53,59.0,0.35,100.0,58.0,0.0
YunSeong Jang,,7,2,0,182.88,77.11,182.88,Orthodox,2002-11-04,2.53,41.0,4.13,51.0,2.0,50.0,90.0,0.0
Josh Janousek,,8,1,0,180.34,83.91,,Orthodox,1980-09-25,0.0,0.0,0.0,0.0,0.0,0.0,0.0,0.0
Dave Jansen,,20,4,0,175.26,70.31,185.42,Orthodox,1979-08-21,2.94,33.0,3.67,58.0,2.79,28.0,38.0,0.9
Jaime Jara,El Cucui,38,18,01,185.42,92.99,,Southpaw,1969-08-02,2.2,60.0,1.47,56.0,0.0,0.0,25.0,0.0
Gigo Jara,The Little Animal,6,9,0,175.26,65.77,,,,2.26,57.0,2.71,51.0,0.0,0.0,66.0,0.0
Keith Jardine,The Dean of Mean,17,11,2,187.96,83.91,193.04,Orthodox,1975-10-31,3.25,36.0,2.98,59.0,1.18,45.0,62.0,0.7
Brock Jardine,The Machine,12,6,0,180.34,77.11,,Orthodox,1985-07-10,1.06,30.0,3.34,56.0,0.0,0.0,14.0,0.8
Josh Jarvis,,1,4,0,,,,,,0.0,0.0,0.0,0.0,0.0,0.0,0.0,0.0
Rony Jason,,14,7,01,170.18,65.77,185.42,Orthodox,1984-03-21,2.04,44.0,3.14,53.0,0.59,30.0,36.0,0.8
Jasmine Jasudavicius,,15,4,0,170.18,56.7,172.72,Orthodox,1989-03-01,3.47,44.0,3.46,51.0,2.63,46.0,75.0,0.5
Louis Jauregui,,4,2,0,170.18,77.11,,,,0.0,0.0,0.0,0.0,0.0,0.0,0.0,0.0
Yazmin Jauregui,,11,2,0,160.02,52.16,162.56,Orthodox,1999-02-28,6.64,39.0,5.25,54.0,0.0,0.0,100.0,0.0
Justin Jaynes,The Guitar Hero,16,8,0,170.18,65.77,172.72,Orthodox,1989-08-10,3.34,44.0,5.33,62.0,0.75,40.0,20.0,1.1
Joanna Jedrzejczyk,,16,5,0,167.64,52.16,165.1,Orthodox,1987-08-18,6.28,48.0,3.25,62.0,0.27,62.0,80.0,0.1
Aaron Jeffery,,10,3,0,187.96,83.91,185.42,Orthodox,1992-11-14,3.1,45.0,4.46,34.0,0.0,0.0,50.0,0.0
Trent Jenkins,,0,4,0,187.96,83.91,,,,0.0,0.0,0.0,0.0,0.0,0.0,0.0,0.0
Bubba Jenkins,The Highlight Kid,11,4,0,170.18,65.77,,,1988-02-05,2.41,37.0,1.58,67.0,7.23,68.0,100.0,0.0
Adrienna Jenkins,AJ,19,6,0,172.72,65.77,,,1981-07-22,0.0,0.0,0.0,0.0,0.0,0.0,0.0,0.0
Brandon Jenkins,The Human Highlight Reel,15,9,0,182.88,70.31,180.34,Switch,1991-09-30,2.93,41.0,8.05,33.0,0.0,0.0,27.0,0.0
Jack Jenkins,Phar,14,4,0,170.18,65.77,172.72,Switch,1993-11-03,4.48,61.0,2.95,59.0,1.98,60.0,71.0,0.2
Steve Jennum,,2,3,0,177.8,97.52,,Orthodox,1963-09-23,0.0,0.0,0.0,0.0,0.0,0.0,0.0,0.0
Ryan Jensen,,21,8,0,185.42,83.91,193.04,Orthodox,1977-09-20,2.84,39.0,2.99,59.0,1.55,50.0,31.0,1.9
Kyle Jensen,,4,11,2,175.26,77.11,,Orthodox,1979-07-20,0.0,0.0,0.92,60.0,6.92,100.0,0.0,6.9
Chan-Mi Jeon,,5,2,0,165.1,52.16,,Orthodox,1997-08-28,6.23,31.0,7.77,55.0,0.0,0.0,0.0,0.0
Maciej Jewtuszko,Irokez,12,3,0,182.88,70.31,,Southpaw,1981-01-31,2.29,45.0,1.39,66.0,0.0,0.0,42.0,0.9
Ronald Jhun,The Machine Gun,24,26,2,180.34,77.11,,Orthodox,1970-09-21,1.45,57.0,3.01,50.0,1.81,100.0,100.0,0.0
Baergeng Jieleyisi,,18,7,0,175.26,65.77,180.34,Orthodox,1995-11-24,1.61,35.0,2.62,52.0,1.73,38.0,78.0,0.2
Gilbert Jimenez,,8,12,11,,70.31,,,,0.0,0.0,0.0,0.0,0.0,0.0,0.0,0.0
Ramiro Jimenez,El Cachanilla,11,0,0,175.26,65.77,185.42,Southpaw,1999-01-16,14.22,65.0,2.43,82.0,5.2,100.0,100.0,0.0
Art Jimmerson,,0,1,0,185.42,88.9,,Orthodox,1963-08-04,0.0,0.0,0.0,0.0,0.0,0.0,0.0,0.0
Ryan Jimmo,The Big Deal,19,5,0,185.42,92.99,185.42,Orthodox,1981-11-27,3.12,66.0,2.77,46.0,0.45,28.0,87.0,0.0
Jinensibieke Asikeerbai,,36,11,0,167.64,70.31,175.26,Orthodox,1988-07-10,2.0,50.0,10.0,0.0,0.0,0.0,0.0,0.0
Jiniushiyue,Little King Kong,13,4,0,167.64,56.7,172.72,Southpaw,2000-12-09,3.0,41.0,2.71,50.0,0.79,28.0,75.0,0.0
Sung Bin Jo,Korean Falcon,9,1,0,182.88,65.77,182.88,Orthodox,1992-07-17,1.4,33.0,2.67,51.0,1.0,33.0,83.0,1.0
Carls John De Tomas,,6,2,0,165.1,56.7,180.34,Southpaw,1996-08-28,1.74,37.0,3.93,44.0,1.37,33.0,66.0,0.0
Phil Johns,,30,14,1,157.48,77.11,,Southpaw,1968-10-22,1.2,66.0,1.8,50.0,0.0,0.0,50.0,0.0
Brett Johns,The Pikey,17,2,0,170.18,61.23,180.34,Orthodox,1992-02-21,2.86,49.0,3.84,53.0,4.92,49.0,58.0,1.0
Miles Johns,Chapo,15,5,01,170.18,61.23,172.72,Orthodox,1994-03-30,3.36,44.0,2.99,65.0,1.22,26.0,77.0,0.0
Anthony Johnson,Rumble,22,6,0,187.96,92.99,198.12,Orthodox,1984-03-06,3.25,47.0,1.83,60.0,2.43,57.0,77.0,0.6
DaMarques Johnson,Darkness,15,15,0,185.42,77.11,190.5,Orthodox,1982-06-28,2.11,37.0,3.75,51.0,1.18,55.0,19.0,0.7
Devin Johnson,,1,1,1,,,,,,0.0,0.0,0.0,0.0,0.0,0.0,0.0,0.0
Travis Johnson,,0,1,0,,92.99,,,,0.0,0.0,0.0,0.0,0.0,0.0,0.0,0.0
Ricky Johnson,,10,6,0,172.72,65.77,,Orthodox,,1.83,25.0,6.3,36.0,0.0,0.0,0.0,0.0
Tony Johnson,,7,2,0,187.96,92.99,193.04,Orthodox,1983-05-02,4.0,92.0,3.67,22.0,0.0,0.0,90.0,0.0
Lavar Johnson,Big,18,10,0,193.04,108.86,208.28,Orthodox,1977-06-11,5.39,55.0,2.54,55.0,0.61,66.0,54.0,0.6
Demetrious Johnson,Mighty Mouse,27,3,1,160.02,56.7,167.64,Orthodox,1986-08-13,3.43,54.0,1.66,67.0,3.35,56.0,65.0,0.5
Michael Johnson,The Menace,25,20,0,177.8,70.31,185.42,Southpaw,1986-06-04,4.27,39.0,3.78,58.0,0.57,38.0,81.0,0.0
Deshaun Johnson,,6,9,0,,75.75,,,1970-11-15,2.27,41.0,6.67,43.0,0.0,0.0,0.0,0.0
Kajan Johnson,Ragin',23,13,1,180.34,70.31,190.5,Orthodox,1984-04-21,2.47,42.0,1.59,64.0,1.54,37.0,62.0,0.2
Dashon Johnson,Flyboy,9,2,0,170.18,65.77,,Orthodox,1988-01-25,1.01,69.0,3.83,35.0,0.85,33.0,63.0,0.8
Timothy Johnson,,12,4,0,190.5,120.2,195.58,Southpaw,1985-03-13,3.43,45.0,3.08,44.0,1.09,24.0,69.0,0.0
Tony Johnson,,11,3,0,185.42,120.2,,,,2.0,53.0,4.73,31.0,2.0,22.0,0.0,0.0
Jordan Johnson,,10,0,0,187.96,92.99,200.66,Orthodox,1988-11-18,3.45,47.0,2.64,53.0,3.25,42.0,100.0,1.2
Taylor Johnson,Tombstone,5,1,0,182.88,83.91,187.96,Switch,1990-11-09,5.09,60.0,1.13,33.0,8.49,100.0,100.0,0.0
Chad Johnson,Big Rigg,6,2,0,187.96,104.33,203.2,Orthodox,1986-07-22,5.92,68.0,7.8,40.0,0.0,0.0,0.0,0.0
Jose Johnson,Zhakwarius,16,10,0,182.88,56.7,180.34,Orthodox,1995-05-20,2.27,57.0,1.61,53.0,0.69,60.0,41.0,0.7
Charles Johnson,InnerG,19,8,0,175.26,56.7,177.8,Switch,1991-01-10,4.77,49.0,4.02,55.0,0.51,16.0,69.0,0.3
Donte Johnson,Lock Jaw,8,0,0,172.72,83.91,187.96,Southpaw,1999-01-25,3.11,48.0,2.0,61.0,2.0,100.0,75.0,0.7
Brian Johnston,,5,5,0,190.5,104.33,,Orthodox,1968-07-28,0.0,0.0,0.0,0.0,0.0,0.0,0.0,0.0
Ben Johnston,,5,2,0,193.04,83.91,193.04,Orthodox,1990-10-11,0.0,0.0,0.0,0.0,0.0,0.0,0.0,0.0
Liana Jojua,She Wolf,8,5,0,162.56,56.7,157.48,Orthodox,1995-03-22,2.42,30.0,5.32,54.0,1.71,66.0,50.0,1.3
Nikola Joksovic,,16,0,01,,77.11,,,1994-09-11,0.0,0.0,0.0,0.0,0.0,0.0,0.0,0.0
Daniel Jolly,The Werewolf of Texas,5,3,0,185.42,92.99,190.5,Orthodox,1984-09-03,1.32,46.0,3.39,44.0,2.83,33.0,50.0,0.0
Paul Jones,,11,1,1,175.26,90.26,,Orthodox,1963-06-16,0.0,0.0,0.0,0.0,0.0,0.0,0.0,0.0
Jon Jones,Bones,28,1,01,193.04,112.49,213.36,Orthodox,1987-07-19,4.38,58.0,2.24,64.0,1.89,45.0,95.0,0.5
Nathan Jones,,0,1,0,210.82,156.49,,Orthodox,1970-08-21,0.0,0.0,0.0,0.0,0.0,0.0,0.0,0.0
Marcus Jones,The Darkness,4,2,0,198.12,120.2,,Orthodox,1973-08-15,1.94,52.0,2.71,58.0,8.71,75.0,0.0,2.9
Carlton Jones,,1,4,0,185.42,102.06,,Orthodox,,2.32,41.0,3.58,56.0,4.02,50.0,57.0,2.7
Jesse Jones,,2,1,0,175.26,77.11,,,,0.0,0.0,0.0,0.0,0.0,0.0,0.0,0.0
Tito Jones,,11,8,0,172.72,65.77,,Southpaw,1981-07-31,0.0,0.0,0.0,0.0,0.0,0.0,0.0,0.0
Roy Jones,,7,5,0,,92.99,,,1983-10-26,0.0,0.0,0.0,0.0,0.0,0.0,0.0,0.0
Justin Jones,Black Dynamite,9,2,0,180.34,83.91,,Orthodox,1987-09-06,1.7,36.0,3.17,45.0,1.0,15.0,46.0,0.5
Ben Jones,Blitzkrieg,4,4,01,,83.91,,,,0.0,0.0,0.0,0.0,0.0,0.0,0.0,0.0
Victor Jones,,1,3,0,,65.77,,,,0.0,0.0,0.0,0.0,0.0,0.0,0.0,0.0
Chris Jones,Lionheart,10,5,0,175.26,67.59,,,1981-11-16,0.0,0.0,0.0,0.0,0.0,0.0,0.0,0.0
Roshaun Jones,,2,6,0,172.72,61.23,,,,0.0,0.0,0.0,0.0,0.0,0.0,0.0,0.0
Jamelle Jones,The Beast,7,5,0,182.88,92.99,190.5,Orthodox,1988-01-31,1.78,80.0,3.11,65.0,0.0,0.0,0.0,0.0
Antonio Jones,Doomsday,6,1,0,180.34,83.91,,Orthodox,1985-04-12,7.5,55.0,30.0,42.0,0.0,0.0,0.0,0.0
Trevin Jones,5 Star,13,10,01,170.18,61.23,177.8,Southpaw,1990-08-04,2.13,37.0,4.29,39.0,0.62,15.0,60.0,0.2
Mason Jones,The Dragon,18,2,01,177.8,70.31,187.96,Orthodox,1995-04-26,5.98,42.0,4.45,50.0,3.48,55.0,73.0,0.2
Craig Jones,,0,0,0,,92.99,,,1991-07-17,0.0,0.0,0.0,0.0,0.0,0.0,0.0,0.0
Jacobi Jones,Big Toe,6,2,0,175.26,70.31,182.88,Orthodox,1996-05-24,5.87,46.0,7.6,48.0,0.0,0.0,33.0,0.0
Jocelyn Jones-Lybarger,,6,4,0,170.18,52.16,162.56,Orthodox,1985-10-04,2.96,31.0,4.83,56.0,0.34,25.0,81.0,0.0
Kevin Jordan,The Shaman,11,9,0,190.5,111.13,,Orthodox,1970-12-31,2.0,40.0,1.91,55.0,0.0,0.0,77.0,0.6
Joe Jordan,,49,14,2,167.64,70.31,,Orthodox,1978-07-27,1.85,25.0,4.27,59.0,0.0,0.0,66.0,0.0
Shawn Jordan,The Savage,19,8,0,182.88,117.93,190.5,Southpaw,1984-10-21,2.87,50.0,3.3,47.0,1.97,38.0,76.0,0.1
Ivan Jorge,Batman,27,7,0,175.26,70.31,185.42,Orthodox,1980-11-07,3.41,49.0,2.91,59.0,1.56,16.0,75.0,0.6
Scott Jorgensen,Young Guns,15,12,0,165.1,61.23,167.64,Orthodox,1982-09-17,3.37,40.0,3.41,65.0,2.61,45.0,59.0,0.7
Gareth Joseph,,9,5,0,,92.99,,,1984-09-28,0.0,0.0,0.0,0.0,0.0,0.0,0.0,0.0
Dwight Joseph,,5,0,0,167.64,61.23,,Switch,1989-08-16,2.6,52.0,2.87,55.0,1.0,20.0,20.0,1.0
Jeff Joslin,The Inferno,5,3,0,182.88,77.11,,Orthodox,1975-04-30,2.17,39.0,1.57,65.0,0.5,33.0,64.0,0.5
Krzysztof Jotko,,24,6,0,185.42,83.91,195.58,Southpaw,1989-08-19,2.98,42.0,2.23,57.0,1.33,39.0,82.0,0.1
Alan Jouban,Brahma,17,7,0,182.88,77.11,185.42,Southpaw,1981-11-25,5.67,50.0,3.77,60.0,0.51,44.0,58.0,0.3
Charles Jourdain,Air,18,8,1,175.26,61.23,175.26,Switch,1995-11-27,5.36,49.0,4.11,56.0,0.38,21.0,46.0,0.6
Louis Jourdain,The Mad Prince,9,3,0,175.26,61.23,175.26,Orthodox,1997-03-13,7.32,49.0,2.44,54.0,0.0,0.0,66.0,1.4
Kevin Jousset,Air,10,4,0,187.96,77.11,190.5,Orthodox,1993-05-02,6.61,51.0,6.49,50.0,0.69,40.0,100.0,0.3
Mike Joy,,11,8,0,167.64,70.31,,Southpaw,1985-07-18,0.57,33.0,1.71,47.0,0.78,33.0,0.0,2.3
Dustin Joynson,,5,0,01,198.12,110.68,198.12,Orthodox,1985-10-14,3.28,53.0,5.63,47.0,0.0,0.0,0.0,0.0
Tony Juarez,,1,12,0,,70.31,,,,0.89,25.0,10.34,38.0,4.43,100.0,66.0,0.0
Jesse Juarez,,23,12,0,185.42,77.11,,Orthodox,1981-05-08,1.71,48.0,2.87,52.0,2.69,33.0,50.0,0.0
Ernie Juarez,The Young Titan,8,1,0,172.72,65.77,177.8,,1998-01-12,4.21,51.0,6.23,55.0,0.0,0.0,25.0,0.0
Anshul Jubli,King of Lions,7,2,0,182.88,70.31,175.26,Switch,1995-01-13,6.42,46.0,5.72,50.0,0.81,18.0,63.0,0.4
Carli Judice,Crispy,6,2,0,170.18,56.7,172.72,Southpaw,1999-03-02,9.32,50.0,6.62,57.0,0.52,25.0,80.0,0.0
Steve Judson,,0,2,0,180.34,104.33,,Orthodox,,0.0,0.0,0.0,0.0,0.0,0.0,0.0,0.0
Luke Jumeau,The Jedi,13,5,0,180.34,77.11,182.88,Orthodox,1988-02-12,2.93,43.0,3.17,58.0,0.25,100.0,86.0,0.0
Bu-Kyung Jung,,0,4,0,170.18,69.85,,Orthodox,1978-05-26,0.63,36.0,1.85,56.0,1.1,75.0,0.0,1.5
Chan Sung Jung,The Korean Zombie,17,8,0,170.18,65.77,182.88,Orthodox,1987-03-17,3.93,41.0,4.52,52.0,0.7,44.0,72.0,0.6
Young Sam Jung,,4,8,0,172.72,63.05,,Orthodox,1985-10-27,0.53,9.0,2.79,63.0,0.0,0.0,0.0,2.0
Da Woon Jung,Sseda,15,6,1,193.04,92.99,198.12,Orthodox,1993-12-07,3.24,40.0,4.23,49.0,1.59,47.0,75.0,0.2
Scott Junk,,8,3,11,185.42,120.2,,Orthodox,1978-12-17,5.13,60.0,1.81,45.0,0.0,0.0,0.0,0.0
Myles Jury,Fury,17,4,0,177.8,65.77,185.42,Orthodox,1988-10-31,2.94,42.0,2.16,66.0,2.16,55.0,50.0,0.3
Cristiane Justino,Cyborg,21,2,01,172.72,65.77,172.72,Orthodox,1985-07-09,7.28,52.0,2.25,64.0,0.66,55.0,94.0,0.4
Patrick Kaase,Kamikaze,1,2,0,175.26,83.91,,,,4.4,67.0,0.53,50.0,0.0,0.0,50.0,0.0
Emily Kagan,,3,3,0,160.02,52.16,,,1981-07-14,2.6,36.0,5.29,38.0,1.86,14.0,50.0,0.0
Oron Kahlon,,16,1,0,172.72,61.23,177.8,Orthodox,1984-11-04,0.85,37.0,4.93,36.0,0.0,0.0,40.0,0.0
Kaiwen,The Underdog,15,7,0,172.72,65.77,180.34,Switch,1995-10-16,3.73,42.0,4.72,54.0,1.41,26.0,92.0,0.0
Sirwan Kakai,Zohan,12,5,0,165.1,61.23,,Orthodox,1989-10-03,3.57,41.0,4.63,62.0,4.0,42.0,83.0,0.0
Saidyokub Kakhramonov,,10,3,0,172.72,61.23,175.26,Orthodox,1995-11-14,2.05,51.0,0.88,58.0,6.63,48.0,83.0,1.9
Geza Kalman,,4,9,0,185.42,90.72,,,,0.0,0.0,0.0,0.0,0.0,0.0,0.0,0.0
Bryson Kamaka,,12,20,11,180.34,77.11,,Orthodox,,9.47,60.0,12.63,0.0,0.0,0.0,100.0,0.0
Kai Kamaka III,Da Fighting Hawaiian,18,7,1,170.18,70.31,175.26,Orthodox,1995-01-05,5.4,59.0,5.67,56.0,1.51,53.0,55.0,0.2
Shah Kamali,,4,0,0,,120.2,,,1998-10-25,0.0,0.0,0.0,0.0,0.0,0.0,0.0,0.0
Shuya Kamikubo,Stealth,13,2,1,165.1,61.23,172.72,Switch,1993-04-12,3.83,54.0,4.9,47.0,1.5,15.0,0.0,0.5
Daichi Kamiya,,6,1,01,172.72,70.31,172.72,Southpaw,1999-04-19,1.69,53.0,4.5,35.0,5.07,27.0,100.0,0.0
Martin Kampmann,The Hitman,20,7,0,182.88,77.11,182.88,Orthodox,1982-04-17,3.22,42.0,3.28,62.0,1.86,41.0,78.0,2.0
Koya Kanda,Bushido,12,5,0,175.26,65.77,190.5,Southpaw,1995-12-20,3.63,41.0,2.9,53.0,2.0,18.0,100.0,0.0
Bharat Kandare,Daring,5,3,0,170.18,61.23,182.88,Orthodox,1987-06-20,0.7,10.0,1.88,72.0,0.0,0.0,0.0,0.0
Hiromitsu Kanehara,,19,27,5,177.8,90.72,,Orthodox,1970-10-05,0.76,22.0,4.39,40.0,0.0,0.0,40.0,0.4
Masanori Kanehara,,26,12,5,170.18,61.23,170.18,Orthodox,1982-11-19,1.88,49.0,1.63,62.0,1.44,50.0,63.0,0.9
Ken Kaneko,,0,3,0,182.88,73.03,,Orthodox,1976-10-19,0.0,0.0,0.94,42.0,0.0,0.0,0.0,3.5
Denis Kang,,35,16,22,180.34,83.91,195.58,Orthodox,1977-09-17,2.27,35.0,1.65,67.0,2.51,65.0,38.0,1.2
Kyung Ho Kang,Mr. Perfect,19,11,01,175.26,61.23,185.42,Orthodox,1987-09-09,3.13,47.0,3.32,54.0,1.97,50.0,68.0,0.8
Manel Kape,StarBoy,22,7,0,165.1,56.7,172.72,Southpaw,1993-11-14,5.04,56.0,4.08,57.0,0.4,30.0,81.0,0.3
David Kaplan,Diamond,3,4,0,170.18,70.31,,Orthodox,1979-11-16,2.88,46.0,4.32,67.0,4.88,43.0,0.0,0.7
Kai Kara-France,Don't Blink,25,12,01,162.56,56.7,175.26,Orthodox,1993-03-26,4.46,40.0,3.24,64.0,0.56,30.0,83.0,0.0
Georgi Karakhanyan,Insane,26,7,1,172.72,65.77,,,1985-05-29,4.49,39.0,5.0,54.0,1.41,50.0,33.0,1.9
Alex Karalexis,The Assassin,10,6,0,172.72,70.31,167.64,Orthodox,1977-09-20,2.57,42.0,2.39,54.0,2.7,45.0,86.0,0.9
Ernesta Kareckaite,Heavy-Handed,6,2,1,175.26,56.7,180.34,Orthodox,1998-07-05,7.28,42.0,6.47,49.0,0.75,60.0,81.0,0.0
Impa Kasanganay,Tshilobo,9,2,0,180.34,77.11,190.5,Orthodox,1994-01-17,4.96,48.0,3.66,58.0,1.75,58.0,66.0,0.2
Jinnosuke Kashimura,,4,2,0,170.18,70.31,180.34,Southpaw,2001-08-12,0.21,50.0,7.37,25.0,3.16,100.0,0.0,6.3
Nadia Kassem,,5,2,0,165.1,56.7,167.64,Southpaw,1995-11-15,3.13,41.0,4.48,48.0,0.46,33.0,40.0,2.8
Yusuke Kasuya,,9,3,0,170.18,70.31,,Southpaw,1989-11-16,2.17,44.0,4.34,48.0,1.36,33.0,0.0,0.0
Tetsuji Kato,,20,10,0,,70.31,,Orthodox,1977-12-05,1.2,29.0,2.1,70.0,2.0,57.0,80.0,0.5
Hisaki Kato,,8,2,0,182.88,83.91,,,1982-09-17,2.8,48.0,1.72,68.0,1.62,100.0,0.0,0.0
Brad Katona,Superman,16,5,0,167.64,61.23,162.56,Orthodox,1991-12-19,4.81,52.0,4.75,50.0,1.86,34.0,61.0,0.0
Calvin Kattar,,23,10,0,180.34,65.77,182.88,Orthodox,1988-03-26,4.41,37.0,6.55,54.0,0.34,29.0,77.0,0.1
Sarah Kaufman,,18,4,01,165.1,61.23,167.64,Orthodox,1985-09-20,6.65,46.0,4.0,62.0,0.38,57.0,81.0,0.0
Lone'er Kavanagh,,10,1,0,167.64,56.7,170.18,Orthodox,1999-06-09,4.13,48.0,3.49,56.0,1.12,45.0,94.0,0.2
Yusuke Kawaguchi,,18,12,0,182.88,115.67,,,1980-08-14,2.87,47.0,3.93,50.0,0.0,0.0,72.0,0.0
Canaan Kawaihae,,6,2,01,182.88,65.77,180.34,Southpaw,1997-08-26,2.83,51.0,4.59,36.0,0.0,0.0,100.0,0.0
Tatsuya Kawajiri,Crusher,36,11,2,170.18,65.77,175.26,Orthodox,1978-05-08,2.04,44.0,2.01,50.0,3.63,48.0,63.0,1.1
Ryo Kawamura,,18,9,4,180.34,92.99,,Orthodox,1981-06-29,0.6,16.0,3.93,39.0,0.0,0.0,6.0,0.0
Masuto Kawana,Mast,10,4,0,167.64,65.77,175.26,Orthodox,1995-01-30,2.54,41.0,3.79,41.0,11.67,55.0,100.0,0.0
Doug Kay,,0,0,0,,,,,,0.0,0.0,0.0,0.0,0.0,0.0,0.0,0.0
Toshiomi Kazama,,11,5,0,170.18,61.23,175.26,Orthodox,1997-05-15,1.49,53.0,4.56,38.0,1.94,16.0,66.0,1.0
Julie Kedzie,,16,13,0,165.1,61.23,,Orthodox,1981-03-18,2.9,36.0,3.18,46.0,1.14,23.0,78.0,0.0
Ryan Keenan,,6,2,0,177.8,77.11,,,1985-06-15,0.0,0.0,0.0,0.0,0.0,0.0,0.0,0.0
Losene Keita,Black Panther,16,2,0,170.18,65.77,182.88,Orthodox,1997-12-30,3.47,43.0,4.47,62.0,0.0,0.0,100.0,0.0
CJ Keith,,8,4,0,182.88,70.31,,Orthodox,1986-08-09,0.86,50.0,1.82,50.0,0.0,0.0,62.0,0.0
Chris Kelades,The Greek Assassin,9,3,0,170.18,56.7,172.72,Orthodox,1981-02-21,2.4,43.0,2.64,48.0,1.04,18.0,53.0,0.3
Brian Kelleher,Boom,24,16,0,167.64,61.23,167.64,Switch,1986-08-19,3.31,41.0,4.59,54.0,1.68,41.0,60.0,0.7
Mayana Kellem,,7,1,0,165.1,61.23,,Orthodox,1981-07-07,1.94,22.0,2.9,62.0,0.0,0.0,0.0,0.0
Tony Kelley,Primetime,8,3,0,175.26,61.23,177.8,Switch,1987-01-21,5.55,47.0,4.85,45.0,0.0,0.0,52.0,1.4
Paul Kelly,,14,5,0,175.26,70.31,177.8,Orthodox,1984-09-12,3.22,37.0,2.61,59.0,1.34,60.0,30.0,1.5
John Kelly,,5,4,0,175.26,77.11,,,1978-08-02,0.0,0.0,0.0,0.0,0.0,0.0,0.0,0.0
Daniel Kelly,,13,4,0,182.88,83.91,177.8,Southpaw,1977-10-31,3.62,38.0,4.64,61.0,1.86,34.0,78.0,0.3
Tim Kennedy,,18,6,0,180.34,83.91,187.96,Orthodox,1979-09-01,2.78,47.0,1.84,62.0,2.58,35.0,70.0,0.7
Steve Kennedy,The Steamrolla,24,8,0,180.34,77.11,,Orthodox,1983-03-07,2.28,35.0,5.52,45.0,2.51,33.0,0.0,0.0
Jeremy Kennedy,JBC,11,1,0,180.34,65.77,180.34,Orthodox,1992-09-16,2.22,46.0,2.58,47.0,5.73,52.0,66.0,0.0
Waylon Kennell,,6,2,0,182.88,83.91,,,,0.0,0.0,0.0,0.0,0.0,0.0,0.0,0.0
Casey Kenney,,16,4,1,170.18,61.23,172.72,Southpaw,1991-03-20,4.85,42.0,4.67,58.0,1.09,35.0,61.0,0.4
Maimaitituoheti Keremuaili,Kyrgyz Mountain Eagle,26,11,0,167.64,61.23,167.64,Orthodox,1991-03-18,1.47,52.0,1.67,37.0,1.0,33.0,84.0,0.0
Aurelijus Kerpe,,11,22,0,,,,Orthodox,,1.26,16.0,8.21,31.0,0.0,0.0,0.0,0.0
Mark Kerr,The Smashing Machine,15,11,01,190.5,120.66,,Switch,1968-12-21,0.28,41.0,0.89,28.0,2.92,77.0,0.0,0.4
Will Kerr,,9,3,0,177.8,70.31,175.26,Orthodox,1982-10-21,1.91,42.0,6.22,33.0,0.0,0.0,0.0,14.3
Ron Keslar,,11,9,0,,83.91,,,1980-04-17,0.0,0.0,2.05,60.0,0.0,0.0,100.0,7.7
Rustam Khabilov,Tiger,24,4,0,172.72,70.31,185.42,Orthodox,1986-11-04,1.98,34.0,2.16,65.0,3.95,41.0,61.0,0.1
Adam Khaliev,,6,0,0,182.88,77.11,,Orthodox,1984-04-16,0.0,0.0,0.0,0.0,0.0,0.0,0.0,0.0
Sergey Khandozhko,Honda,28,6,1,185.42,77.11,187.96,Orthodox,1992-05-19,3.41,41.0,2.37,60.0,0.76,28.0,61.0,0.0
Sergei Kharitonov,,26,6,0,182.88,111.13,,Orthodox,1980-08-18,3.9,44.0,3.03,54.0,1.16,53.0,70.0,1.0
Alfred Khashakyan,The Fearless,8,3,0,172.72,61.23,177.8,Orthodox,1988-07-17,6.14,42.0,6.38,40.0,3.54,25.0,0.0,0.0
Aziz Khaydarov,,21,7,0,180.34,70.31,182.88,Orthodox,1993-09-25,2.6,61.0,2.8,61.0,0.0,0.0,85.0,0.0
Mansher Khera,New Era,10,0,0,177.8,70.31,172.72,Orthodox,1992-04-15,2.8,38.0,2.6,38.0,2.0,14.0,100.0,0.0
Aliaskhab Khizriev,Black Wolf,14,0,01,175.26,83.91,187.96,Southpaw,1990-08-24,6.01,64.0,4.38,61.0,5.64,60.0,100.0,3.8
WonBin Ki,The Danger,18,9,0,180.34,70.31,185.42,Orthodox,1991-02-11,6.73,50.0,4.21,55.0,0.73,20.0,50.0,0.0
Pannie Kianzad,Banzai,17,9,0,170.18,61.23,167.64,Orthodox,1991-12-08,4.88,49.0,4.09,51.0,0.41,33.0,65.0,0.1
Akira Kikuchi,,16,4,0,172.72,70.31,,Orthodox,1978-07-23,3.67,56.0,0.4,14.0,2.0,40.0,100.0,0.0
Katsunori Kikuno,,24,8,2,172.72,65.77,167.64,Orthodox,1981-10-31,2.64,40.0,2.47,61.0,1.88,75.0,76.0,0.8
Sanae Kikuta,,31,9,31,175.26,90.72,,Orthodox,1971-09-10,0.7,45.0,0.9,52.0,1.6,63.0,25.0,1.8
Jacob Kilburn,The Killer,8,4,0,175.26,65.77,182.88,Orthodox,1995-06-28,2.56,33.0,6.78,35.0,0.51,5.0,20.0,0.5
Dong Hyun Kim,Stun Gun,22,4,11,187.96,77.11,193.04,Southpaw,1981-11-17,2.12,49.0,1.89,58.0,2.93,43.0,71.0,0.6
Jin Oh Kim,,0,4,0,175.26,92.99,,Orthodox,1979-12-12,5.06,25.0,8.43,50.0,0.0,0.0,66.0,0.0
Dae Won Kim,,11,7,0,180.34,81.65,,Orthodox,1979-11-01,1.75,32.0,2.51,36.0,3.43,42.0,0.0,0.0
Jong Wang Kim,,13,23,0,185.42,108.86,,,,0.0,0.0,0.0,0.0,0.0,0.0,0.0,0.0
Jong Won Kim,,0,1,0,170.18,63.05,,Orthodox,1976-11-20,0.84,15.0,3.28,63.0,2.81,100.0,0.0,0.0
Min Soo Kim,,3,7,0,185.42,115.67,,Southpaw,1975-01-22,0.87,100.0,3.48,20.0,0.0,0.0,0.0,0.0
Jong Man Kim,Special Force,23,11,31,170.18,63.05,,Orthodox,1978-03-03,1.33,21.0,3.0,60.0,0.0,0.0,0.0,0.0
Ji Yeon Kim,Firefist,9,7,2,170.18,56.7,182.88,Orthodox,1989-10-18,5.37,36.0,5.41,56.0,0.0,0.0,50.0,0.1
MinWoo Kim,Korean MOAI,10,2,0,172.72,61.23,182.88,Orthodox,1993-07-21,0.0,0.0,0.0,0.0,0.0,0.0,0.0,0.0
HanSeul Kim,Spade,13,6,0,185.42,77.11,185.42,Southpaw,1990-06-19,5.79,42.0,5.68,52.0,0.0,0.0,50.0,1.7
KyeungPyo Kim,Redhorse,11,4,0,175.26,70.31,180.34,Orthodox,1992-01-29,6.77,46.0,6.32,63.0,3.87,40.0,100.0,0.0
Sangwook Kim,Frogman,13,4,0,182.88,70.31,180.34,Orthodox,1993-10-17,5.11,55.0,5.82,44.0,1.77,22.0,72.0,1.2
SangWon Kim,No Problem,10,6,1,175.26,65.77,175.26,Orthodox,1993-09-01,3.18,57.0,3.73,58.0,0.69,25.0,72.0,0.0
KyuSung Kim,,12,6,0,180.34,56.7,175.26,Orthodox,1992-11-05,1.53,53.0,0.87,69.0,0.0,0.0,33.0,0.0
So Yul Kim,,8,1,0,,52.16,,,1997-05-25,0.0,0.0,0.0,0.0,0.0,0.0,0.0,0.0
Jeremy Kimball,,15,8,0,182.88,92.99,182.88,Switch,1991-01-03,2.81,46.0,3.84,49.0,1.41,20.0,50.0,0.0
Rob Kimmons,The Rosedale Reaper,25,9,0,177.8,83.91,185.42,Orthodox,1981-01-30,1.86,48.0,4.79,38.0,2.08,46.0,25.0,2.4
Dustin Kimura,The Diamond,11,3,0,170.18,61.23,180.34,Orthodox,1989-05-21,1.33,21.0,3.82,51.0,0.93,37.0,50.0,2.2
Taiei Kin,,6,3,0,180.34,83.91,,Orthodox,1970-07-08,2.71,60.0,1.33,52.0,0.0,0.0,55.0,0.0
Mike King,,5,1,0,190.5,83.91,,,1983-08-04,4.44,58.0,1.29,72.0,1.75,25.0,40.0,3.5
Kyle Kingsbury,Kingsbu,11,6,01,193.04,92.99,200.66,Orthodox,1982-03-22,2.97,40.0,3.81,51.0,2.64,41.0,52.0,0.0
Yusaku Kinoshita,,6,3,0,182.88,77.11,180.34,Southpaw,2000-08-21,4.65,50.0,5.12,51.0,0.0,0.0,50.0,0.0
Kamuela Kirk,The Jawaiian,12,6,0,177.8,70.31,190.5,Switch,1994-04-13,3.22,50.0,5.87,40.0,1.5,26.0,47.0,1.2
Yurij Kiseliov,Playboy,5,4,0,172.72,83.91,,Orthodox,1976-07-29,4.88,87.0,0.0,0.0,0.0,0.0,50.0,0.0
Justine Kish,,7,4,0,165.1,56.7,162.56,Orthodox,1988-04-13,4.51,48.0,4.59,57.0,0.87,33.0,50.0,0.1
Koji Kitao,,1,2,0,200.66,158.76,,Southpaw,1963-10-12,0.0,0.0,0.0,0.0,0.0,0.0,0.0,0.0
Satoru Kitaoka,,40,14,9,167.64,69.85,,,1980-02-04,0.68,33.0,2.15,45.0,0.62,10.0,27.0,2.1
Top Noi Kiwram,,9,5,0,165.1,56.7,170.18,Southpaw,1992-08-15,4.47,59.0,3.23,66.0,2.72,85.0,74.0,0.0
Ludovit Klein,Mr. Highlight,24,5,1,170.18,70.31,182.88,Southpaw,1995-02-22,3.76,53.0,3.48,53.0,1.37,51.0,76.0,0.0
Nick Klein,Blue Collar,6,3,0,185.42,83.91,195.58,Orthodox,1995-09-08,2.51,56.0,3.41,39.0,5.79,35.0,66.0,1.9
Seth Kleinbeck,Mass Destruction,8,4,0,187.96,83.91,,,1973-07-25,2.55,33.0,2.42,40.0,0.98,25.0,90.0,0.0
Stefan Klever,,6,1,0,,83.91,,Orthodox,,0.82,50.0,3.84,58.0,0.0,0.0,0.0,0.0
Fatima Kline,The Archangel,9,1,0,167.64,52.16,170.18,Orthodox,2000-07-12,5.01,50.0,2.71,57.0,2.02,58.0,50.0,0.0
Felix Klinkhammer,,7,0,0,182.88,77.11,,,,0.0,0.0,0.0,0.0,0.0,0.0,0.0,0.0
Drakkar Klose,,16,3,1,175.26,70.31,177.8,Orthodox,1988-03-09,4.25,55.0,3.65,49.0,1.49,26.0,69.0,0.0
Michael Knaap,Hammer,18,22,3,187.96,99.79,,Orthodox,1984-02-27,0.0,0.0,0.0,0.0,0.0,0.0,0.0,0.0
Kevin Knabjian,,12,7,1,177.8,77.11,,Orthodox,1984-07-05,0.0,0.0,15.56,22.0,0.0,0.0,100.0,0.0
Jason Knight,The Kid,20,5,0,177.8,65.77,180.34,Orthodox,1992-07-14,2.95,33.0,3.02,51.0,1.31,31.0,47.0,1.7
William Knight,Knightmare,11,5,0,177.8,92.99,185.42,Orthodox,1988-04-03,2.62,56.0,3.3,35.0,1.78,40.0,48.0,0.4
Josefine Knutsson,Thunder,8,1,0,160.02,52.16,152.4,Orthodox,1996-01-16,4.24,51.0,2.13,54.0,1.6,72.0,35.0,0.0
Seokhyeon Ko,The Korean Tyson,13,2,0,177.8,77.11,180.34,Southpaw,1993-09-24,2.73,59.0,1.42,58.0,4.0,63.0,75.0,0.3
Isao Kobayashi,,21,4,4,172.72,65.77,,,1988-10-28,1.01,33.0,1.66,45.0,2.17,100.0,100.0,0.0
Kelly Kobold,Blood Red,19,3,1,167.64,61.23,,Orthodox,1983-02-25,2.33,21.0,4.11,59.0,1.67,11.0,0.0,0.0
Erik Koch,Phoenix,16,6,0,177.8,77.11,180.34,Southpaw,1988-10-04,2.33,42.0,2.82,47.0,1.02,42.0,81.0,1.0
Sokun Koh,,4,1,0,185.42,92.99,,,,0.0,0.0,0.0,0.0,0.0,0.0,0.0,0.0
Shingo Kohara,,1,0,0,167.64,61.23,,,,0.0,0.0,0.0,0.0,0.0,0.0,0.0,0.0
Brad Kohler,,12,15,0,175.26,99.79,,Orthodox,1964-05-26,0.0,0.0,0.0,0.0,0.0,0.0,0.0,0.0
Charlie Kohler,,8,4,1,175.26,70.31,,Orthodox,1976-07-16,0.81,33.0,4.31,46.0,0.0,0.0,0.0,4.0
Tsuyoshi Kohsaka,TK,27,19,2,180.34,102.06,,Orthodox,1970-03-06,1.88,38.0,4.41,54.0,1.32,20.0,33.0,0.4
Kaloyan Kolev,,10,1,0,187.96,92.99,185.42,Orthodox,1992-10-17,1.12,45.0,4.49,42.0,10.11,60.0,0.0,0.0
John Kolosci,,15,9,0,180.34,83.91,,Orthodox,1974-11-26,0.21,20.0,0.85,50.0,0.0,0.0,0.0,0.0
Yuki Kondo,,60,33,9,180.34,83.01,,Southpaw,1975-07-17,1.14,42.0,2.57,51.0,0.76,41.0,37.0,0.5
Syuri Kondo,,6,3,0,162.56,52.16,167.64,Orthodox,1989-02-08,5.4,44.0,7.22,58.0,0.0,0.0,83.0,0.3
Mantas Kondratavicius,,9,1,0,187.96,83.91,190.5,Orthodox,1999-07-17,4.97,65.0,1.3,57.0,2.8,60.0,91.0,0.9
Cheick Kongo,,27,10,2,193.04,108.86,208.28,Orthodox,1975-05-17,3.33,56.0,1.28,54.0,2.3,56.0,52.0,0.2
Andrei Kopylov,,6,11,0,187.96,120.2,,Orthodox,1965-07-16,0.33,66.0,4.31,40.0,0.0,0.0,0.0,0.0
Roman Kopylov,,14,5,0,182.88,83.91,190.5,Southpaw,1992-05-04,4.59,50.0,5.18,52.0,1.14,47.0,88.0,0.0
Bruno Korea,,7,3,0,167.64,61.23,165.1,,1991-06-28,2.12,34.0,3.96,42.0,0.0,0.0,25.0,0.0
Chungreng Koren,The Indian Rhino,7,1,0,,61.23,,,1998-02-01,0.0,0.0,0.0,0.0,0.0,0.0,0.0,0.0
Andrey Koreshkov,Spartan,19,2,0,182.88,77.11,,,1990-08-23,2.84,39.0,1.92,63.0,4.8,53.0,0.0,0.0
Josh Koscheck,,17,11,0,177.8,77.11,185.42,Orthodox,1977-11-30,1.79,36.0,2.27,63.0,2.46,48.0,64.0,0.4
Steven Koslow,Obi Won Shinobi The Pillow,6,1,0,170.18,56.7,175.26,Switch,1997-01-22,0.77,37.0,3.73,40.0,5.28,55.0,0.0,1.1
Naoyuki Kotani,,34,14,7,172.72,70.31,167.64,Southpaw,1981-12-08,1.02,31.0,2.89,50.0,0.83,16.0,46.0,0.8
Ilya Kotau,,1,2,0,,77.11,,,,3.94,40.0,4.38,44.0,6.57,100.0,100.0,6.6
Iouri Kotchkine,,7,4,1,187.96,106.59,,Orthodox,1969-12-21,0.67,38.0,4.92,15.0,0.0,0.0,25.0,0.0
Matt Kovacs,300,12,16,0,182.88,110.68,,Orthodox,1981-05-09,1.47,22.0,4.87,44.0,1.0,25.0,0.0,0.0
Marcus Kowal,,3,1,1,,61.23,,,1977-03-29,0.0,0.0,0.0,0.0,0.0,0.0,0.0,0.0
Karolina Kowalkiewicz,,16,10,0,160.02,52.16,162.56,Orthodox,1985-10-15,5.54,42.0,5.77,56.0,0.36,23.0,74.0,0.2
Steve Kozola,,8,0,0,,70.31,,,,3.9,39.0,4.36,50.0,2.34,100.0,100.0,0.0
Derrick Krantz,D-Rock,22,12,0,177.8,77.11,182.88,Orthodox,1988-01-13,2.07,37.0,4.03,50.0,3.18,50.0,0.0,0.8
James Krause,The,28,9,0,187.96,77.11,185.42,Orthodox,1986-06-04,4.79,49.0,4.11,61.0,0.96,18.0,59.0,0.9
Pascal Krauss,Panzer,11,2,0,185.42,77.11,,Orthodox,1987-04-19,5.45,47.0,3.88,59.0,1.53,50.0,60.0,0.9
Rene Kronvold,,5,1,0,172.72,77.11,,Orthodox,1970-01-03,0.82,100.0,2.47,60.0,0.0,0.0,66.0,4.1
Kaynan Kruschewsky,Bahia,15,3,01,182.88,70.31,185.42,Orthodox,1991-04-04,5.67,50.0,5.71,46.0,2.74,100.0,75.0,2.1
Jorgen Kruth,The Last Viking,5,0,0,187.96,92.99,,,1974-05-08,0.0,0.0,0.0,0.0,0.0,0.0,0.0,0.0
Nikita Krylov,The Miner,31,11,0,190.5,92.99,195.58,Orthodox,1992-03-07,4.36,54.0,2.59,47.0,2.05,37.0,53.0,1.2
Mariusz Ksiazkiewicz,The Iron Pol,8,1,0,190.5,83.91,190.5,Southpaw,1989-10-04,0.93,45.0,3.4,39.0,4.0,100.0,0.0,2.0
Eliezer Kubanza,,7,1,0,175.26,77.11,187.96,Orthodox,1997-12-23,2.11,50.0,6.97,37.0,0.0,0.0,100.0,0.0
Junya Kudo,,10,7,2,,61.23,,Orthodox,1983-03-24,1.85,71.0,4.44,33.0,0.0,0.0,0.0,0.0
John Kuhner,,1,2,0,,77.11,,,1982-10-12,0.0,0.0,0.0,0.0,0.0,0.0,0.0,0.0
Michael Kuiper,,15,5,0,182.88,83.91,185.42,Orthodox,1989-06-07,3.28,54.0,3.62,54.0,2.3,55.0,79.0,0.0
Anton Kuivanen,,24,10,0,172.72,70.31,182.88,Orthodox,1984-05-01,2.27,38.0,1.63,67.0,1.2,100.0,71.0,0.4
Maiju Kujala,,6,3,0,,61.23,,,1986-02-24,2.5,40.0,5.5,36.0,0.0,0.0,50.0,0.0
Sumit Kumar,The Indian Kid,8,1,0,165.1,56.7,167.64,Orthodox,2000-09-09,2.8,24.0,4.67,46.0,6.0,30.0,60.0,0.0
Aleksei Kunchenko,,20,2,0,172.72,77.11,177.8,Orthodox,1984-05-02,3.67,44.0,2.83,63.0,0.25,33.0,80.0,0.0
Rizvan Kuniev,,13,3,11,193.04,108.86,193.04,Orthodox,1992-03-10,3.94,54.0,2.33,48.0,0.98,75.0,93.0,0.0
Keigo Kunihara,,3,2,0,182.88,106.59,,Orthodox,,0.17,10.0,1.99,57.0,4.97,40.0,100.0,2.5
Kiichi Kunimoto,Strasser,18,7,21,177.8,77.11,180.34,Orthodox,1981-05-01,1.87,44.0,3.92,41.0,1.59,20.0,28.0,0.3
Jon Kunneman,AK-47,10,0,0,,83.91,,,1999-07-14,0.0,0.0,0.0,0.0,0.0,0.0,0.0,0.0
Leo Kuntz,The Lion,18,4,1,177.8,70.31,,Orthodox,1983-10-03,1.68,32.0,3.8,45.0,1.99,25.0,33.0,0.7
Korey Kuppe,,8,4,0,195.58,77.11,195.58,Switch,1989-01-23,0.73,73.0,1.33,31.0,0.0,0.0,69.0,1.0
Ramazan Kuramagomedov,,8,0,0,185.42,77.11,185.42,Orthodox,1996-08-23,11.67,67.0,9.13,54.0,1.0,14.0,0.0,0.0
Tsuyoshi Kurihara,,10,8,2,177.8,83.91,,Orthodox,1973-07-13,0.0,0.0,12.0,50.0,0.0,0.0,0.0,0.0
Eldari Kurtanidze,,0,1,0,167.64,106.59,,Orthodox,1972-04-16,0.47,20.0,3.72,60.0,0.0,0.0,0.0,0.0
Kyle Kurtz,,7,5,0,,77.11,,,,1.31,36.0,2.95,52.0,1.23,20.0,0.0,2.5
Guram Kutateladze,Georgian Viking,13,5,0,180.34,70.31,182.88,Orthodox,1992-01-08,3.53,45.0,4.22,54.0,0.61,15.0,75.0,0.0
Vadym Kutsyi,,17,2,0,182.88,77.11,180.34,Orthodox,1991-07-18,5.53,48.0,4.94,55.0,3.53,40.0,0.0,0.0
Lina Kvokov,,0,3,0,175.26,61.23,,Orthodox,,2.31,30.0,12.12,19.0,0.0,0.0,0.0,0.0
Kaleo Kwan,Leo Boy,11,16,0,170.18,70.31,,,1970-08-01,0.0,0.0,0.0,0.0,0.0,0.0,0.0,0.0
Jarrod Kwitty,,2,2,0,172.72,83.91,,,,0.53,50.0,4.4,32.0,8.0,50.0,0.0,2.0
Mike Kyle,MAK,22,14,12,193.04,92.99,195.58,Orthodox,1980-03-31,3.93,51.0,3.35,49.0,1.33,62.0,50.0,0.8
Lisa Kyriacou,The Savage,7,2,0,165.1,56.7,162.56,Orthodox,1993-11-17,4.67,41.0,4.4,47.0,0.0,0.0,33.0,0.0
Achmed Labasanov,,7,4,0,190.5,97.52,,Orthodox,1978-04-24,0.75,39.0,1.1,46.0,3.0,100.0,0.0,0.8
Josh LaBerge,,11,6,0,177.8,65.77,,,,2.53,36.0,5.33,44.0,0.0,0.0,71.0,0.0
Jeremiah Labiano,The Kid,11,5,0,177.8,61.23,,,,0.0,0.0,0.0,0.0,0.0,0.0,0.0,0.0
Daniel Lacerda,Miojo,11,6,01,167.64,56.7,177.8,Switch,1996-06-05,3.95,45.0,8.28,34.0,2.32,50.0,0.0,1.2
Luan Lacerda,,13,4,0,170.18,61.23,180.34,Orthodox,1993-01-07,4.06,42.0,6.15,49.0,2.82,39.0,66.0,0.6
Kemran Lachinov,,3,2,0,,77.11,,,,0.0,0.0,0.0,0.0,0.0,0.0,0.0,0.0
Aspen Ladd,,9,3,0,167.64,61.23,167.64,Orthodox,1995-03-01,3.78,47.0,4.65,47.0,1.56,47.0,62.0,0.6
Ryan LaFlare,,14,3,0,185.42,77.11,187.96,Southpaw,1983-10-01,2.89,40.0,1.86,63.0,2.13,44.0,58.0,0.2
Corinne Laframboise,,8,5,0,162.56,56.7,165.1,Orthodox,1989-05-25,3.16,68.0,1.89,47.0,3.16,100.0,33.0,0.0
Ben Lagman,Bad News,6,5,0,187.96,83.91,,,1986-09-04,0.0,0.0,0.0,0.0,0.0,0.0,0.0,0.0
Noad Lahat,Neo,11,2,0,175.26,65.77,175.26,Orthodox,1984-06-08,2.79,46.0,1.47,63.0,2.37,26.0,16.0,2.4
Tina Lahdemaki,Jelly Bean,5,1,0,157.48,52.16,,Orthodox,1988-05-28,1.93,20.0,4.67,57.0,0.0,0.0,16.0,0.0
Yohan Lainesse,White Lion,9,3,0,185.42,77.11,193.04,Orthodox,1992-08-14,2.22,41.0,3.38,58.0,0.94,28.0,72.0,0.5
Tim Lajcik,The Bohemian,7,6,1,185.42,102.06,,Orthodox,1965-06-21,0.0,0.0,0.0,0.0,0.0,0.0,0.0,0.0
Todd Lally,,2,1,0,170.18,65.77,,Orthodox,,0.0,0.0,0.0,0.0,0.0,0.0,0.0,0.0
Sean Lally,The Unpredictable One,7,3,0,182.88,77.11,,Orthodox,1990-11-04,5.34,39.0,7.23,30.0,0.0,0.0,0.0,0.0
Ricardo Lamas,The Bully,20,8,0,172.72,65.77,180.34,Orthodox,1982-05-21,3.13,47.0,2.87,57.0,1.84,33.0,46.0,0.9
Jason Lambert,The Punisher,26,13,0,190.5,83.91,190.5,Orthodox,1975-06-03,3.21,58.0,1.84,50.0,1.35,36.0,28.0,2.4
Jose Landi-Jons,Pele,29,16,0,180.34,77.11,,Orthodox,1973-09-09,0.99,40.0,0.77,43.0,2.2,80.0,40.0,2.2
Nate Landwehr,The Train,18,8,0,175.26,65.77,182.88,Orthodox,1988-06-06,5.55,45.0,5.96,51.0,0.73,41.0,71.0,0.7
Austen Lane,,13,8,01,198.12,92.99,203.2,Orthodox,1987-11-09,2.7,50.0,2.45,39.0,1.5,28.0,33.0,0.0
Aaron Lanfranco,,5,1,0,,70.31,,,1986-08-26,0.0,0.0,0.0,0.0,0.0,0.0,0.0,0.0
Jeremy Lang,,21,2,0,180.34,92.99,,Southpaw,1975-05-11,1.13,50.0,1.41,42.0,4.22,60.0,0.0,4.2
Lionel Lanham,,5,1,0,,92.99,,,1980-08-31,0.0,0.0,0.0,0.0,0.0,0.0,0.0,0.0
Lina Lansberg,Elbow Queen,10,8,0,170.18,61.23,165.1,Orthodox,1982-03-13,2.69,55.0,3.87,44.0,0.52,27.0,47.0,0.1
Taylor Lapilus,Double Impact,21,4,0,167.64,61.23,185.42,Southpaw,1992-04-08,4.59,48.0,2.61,62.0,0.27,33.0,77.0,0.3
Chad Laprise,The Disciple,13,4,0,177.8,77.11,180.34,Orthodox,1986-07-23,4.78,42.0,3.59,65.0,1.05,54.0,78.0,0.0
Anthony Lapsley,The Recipe,23,7,02,175.26,77.11,,Southpaw,1980-02-13,0.53,34.0,0.58,66.0,0.0,0.0,20.0,0.0
TJ Laramie,,12,5,0,167.64,65.77,167.64,Orthodox,1997-10-15,1.49,50.0,2.64,38.0,1.44,33.0,40.0,0.0
Joseph Larcinese,Big Sexy,5,0,0,,56.7,,,1998-10-01,0.0,0.0,0.0,0.0,0.0,0.0,0.0,0.0
Icho Larenas,,6,5,0,190.5,106.59,,Orthodox,1980-03-12,0.17,15.0,2.5,28.0,0.0,0.0,14.0,0.0
Lorenz Larkin,The Monsoon,18,6,01,180.34,77.11,182.88,Orthodox,1986-09-03,3.53,46.0,2.74,63.0,0.27,42.0,79.0,0.1
Jeremy Larsen,,8,5,0,177.8,65.77,177.8,Orthodox,1984-05-18,4.87,48.0,5.75,57.0,2.49,33.0,0.0,0.0
Brock Larson,,42,10,0,180.34,77.11,180.34,Southpaw,1977-08-23,1.39,46.0,1.5,55.0,2.67,34.0,43.0,2.0
Ryan Larson,,6,2,0,,77.11,,,1980-12-30,0.0,0.0,0.0,0.0,0.0,0.0,0.0,0.0
Bobby Lashley,,15,2,0,190.5,115.67,198.12,Orthodox,1976-07-16,3.1,63.0,0.76,63.0,11.47,70.0,0.0,0.0
Ilir Latifi,The Sledgehammer,17,9,01,177.8,104.33,185.42,Orthodox,1982-07-28,2.05,45.0,2.93,56.0,2.11,35.0,100.0,0.3
Sione Latu,,1,0,0,182.88,97.52,,,,0.0,0.0,0.0,0.0,0.0,0.0,0.0,0.0
Phillip Latu,The Doctor,6,2,0,190.5,92.99,193.04,Orthodox,1991-02-17,3.4,51.0,7.07,31.0,0.0,0.0,100.0,0.0
Jenel Lausa,,7,5,0,165.1,56.7,172.72,Orthodox,1988-08-01,1.44,42.0,3.53,53.0,0.55,66.0,51.0,0.8
Joe Lauzon,,28,16,0,177.8,70.31,180.34,Orthodox,1984-05-22,2.84,39.0,5.39,54.0,2.39,45.0,54.0,2.0
Dan Lauzon,The Upgrade,17,6,0,177.8,70.31,,Orthodox,1988-03-30,1.34,25.0,4.09,61.0,1.63,33.0,80.0,2.7
Sandra Lavado,Peruvian Zombie,10,3,0,170.18,52.16,167.64,Orthodox,1994-05-03,0.87,37.0,2.67,34.0,0.0,0.0,33.0,0.0
Chatt Lavender,,9,7,0,172.72,77.11,,,1976-05-24,0.0,0.0,0.0,0.0,0.0,0.0,0.0,0.0
Cody Law,,9,2,0,,65.77,,,1995-03-24,0.0,0.0,0.0,0.0,0.0,0.0,0.0,0.0
Muhammed Lawal,King Mo,21,6,01,182.88,92.99,198.12,Southpaw,1981-01-11,3.79,52.0,1.61,66.0,5.96,75.0,87.0,0.0
Robbie Lawler,Ruthless,30,16,01,180.34,77.11,187.96,Southpaw,1982-03-20,3.85,47.0,4.67,59.0,0.65,64.0,65.0,0.0
Tom Lawlor,Filthy,10,6,01,182.88,92.99,187.96,Southpaw,1983-05-15,2.5,42.0,2.41,60.0,2.46,32.0,57.0,1.4
Justin Lawrence,The American Kidd,10,4,0,172.72,65.77,170.18,Orthodox,1990-05-15,3.84,35.0,2.83,67.0,0.72,28.0,73.0,0.0
Lance Lawrence,,4,1,0,185.42,65.77,187.96,Orthodox,1993-06-26,5.87,50.0,9.8,24.0,1.0,100.0,50.0,0.0
Ronnie Lawrence,The Heat,8,2,01,172.72,61.23,172.72,Switch,1992-06-13,2.78,56.0,1.75,52.0,6.75,77.0,45.0,0.2
Eric Lawson,,9,5,0,182.88,83.91,,Orthodox,1981-02-12,1.58,57.0,1.97,44.0,8.88,42.0,0.0,3.0
Jimmy Lawson,Greedy,4,2,0,182.88,120.2,195.58,Orthodox,1991-11-13,0.07,8.0,1.6,44.0,0.0,0.0,0.0,0.0
Valmir Lazaro,Bidu,15,5,0,182.88,70.31,185.42,Orthodox,1985-08-15,4.87,37.0,4.09,61.0,1.33,40.0,96.0,0.0
Zviad Lazishvili,,13,1,0,167.64,61.23,175.26,Orthodox,1991-10-25,4.2,39.0,6.13,51.0,0.0,0.0,0.0,0.0
Mounir Lazzez,The Sniper,11,3,0,185.42,77.11,193.04,Orthodox,1987-11-16,7.49,55.0,5.42,53.0,1.8,57.0,71.0,0.0
Cung Le,,9,3,0,175.26,83.91,177.8,Southpaw,1972-05-25,4.36,48.0,2.98,66.0,1.37,71.0,88.0,0.3
Thanh Le,,6,1,0,175.26,65.77,187.96,Orthodox,1985-08-28,1.97,40.0,1.82,70.0,0.0,0.0,100.0,0.0
Quang Le,Bang,9,3,0,170.18,61.23,177.8,Orthodox,1991-10-18,2.82,38.0,4.59,49.0,2.9,33.0,100.0,0.4
Carlos Leal,The Lion,23,7,0,180.34,77.11,187.96,Orthodox,1994-05-04,8.75,47.0,7.78,48.0,0.43,11.0,90.0,0.0
Jordan Leavitt,The Monkey King,13,3,0,175.26,65.77,180.34,Southpaw,1995-06-02,2.21,57.0,1.59,58.0,3.15,34.0,30.0,1.1
Jerome LeBanner,,3,2,0,190.5,120.2,,Southpaw,1972-12-26,0.92,35.0,1.03,37.0,0.0,0.0,50.0,0.0
Chris Leben,The Crippler,22,11,0,180.34,83.91,185.42,Southpaw,1980-07-21,2.87,42.0,2.87,52.0,1.14,41.0,53.0,0.8
Julien Leblanc,,10,3,0,187.96,83.91,187.96,Southpaw,1992-01-21,1.69,66.0,2.96,46.0,0.0,0.0,0.0,0.0
Jean-Paul Lebosnoyani,Mufasa,10,2,0,180.34,77.11,182.88,Switch,1999-01-27,4.77,61.0,3.72,53.0,2.79,30.0,0.0,1.9
Mickael Lebout,Ragnar,16,7,11,180.34,70.31,185.42,Orthodox,1987-08-16,2.6,34.0,2.98,54.0,0.0,0.0,60.0,0.0
Stephen Ledbetter,,8,3,0,175.26,65.77,,Orthodox,1982-06-30,1.2,38.0,1.6,57.0,5.0,45.0,100.0,0.0
Justin Ledet,El Blanco,9,4,01,193.04,92.99,203.2,Orthodox,1988-09-28,3.35,39.0,4.82,49.0,0.23,50.0,42.0,0.2
James Lee,,15,3,01,180.34,92.99,,Southpaw,1973-09-22,1.4,42.0,3.72,27.0,13.95,50.0,0.0,7.0
David Lee,,12,10,0,177.8,70.31,,Orthodox,1978-04-12,1.49,50.0,3.31,42.0,0.0,0.0,50.0,0.0
Jackie Lee,,0,1,0,,,,,,0.0,0.0,0.0,0.0,0.0,0.0,0.0,0.0
Eun Soo Lee,,17,4,01,185.42,97.52,,Orthodox,1982-03-07,0.0,0.0,3.05,60.0,0.0,0.0,50.0,0.0
Tae Hyun Lee,,1,2,0,198.12,133.81,,Orthodox,1975-01-17,1.37,31.0,3.89,54.0,5.15,100.0,0.0,0.0
Tommy Lee,,25,6,01,170.18,65.77,,Orthodox,1977-01-20,0.0,0.0,0.3,75.0,4.57,33.0,0.0,0.0
Matt Lee,,14,10,1,180.34,70.31,,Orthodox,1971-07-09,0.0,0.0,9.68,21.0,0.0,0.0,0.0,0.0
Imani Lee,,2,4,0,,,,Orthodox,1977-07-17,0.0,0.0,0.94,33.0,0.0,0.0,0.0,0.0
Vaughan Lee,,14,13,1,167.64,56.7,167.64,Orthodox,1982-10-15,3.47,47.0,2.07,70.0,0.81,33.0,72.0,1.0
Kevin Lee,The Motown Phenom,18,8,0,175.26,77.11,195.58,Orthodox,1992-09-04,3.88,42.0,3.6,50.0,3.18,43.0,75.0,0.8
Rocky Lee,,3,2,0,175.26,65.77,,Orthodox,1987-04-08,2.47,51.0,5.33,44.0,1.0,10.0,33.0,0.0
Andrea Lee,KGB,13,11,0,167.64,56.7,175.26,Orthodox,1989-02-11,4.62,45.0,3.91,61.0,1.65,52.0,53.0,0.6
JeongYeong Lee,Korean Tiger,11,3,0,177.8,65.77,185.42,Orthodox,1995-11-13,3.38,49.0,3.82,50.0,0.63,66.0,72.0,0.3
JungHyun Lee,The Phenom,8,1,0,165.1,56.7,165.1,Orthodox,2002-09-10,4.27,39.0,6.2,38.0,0.0,0.0,64.0,0.0
ChangHo Lee,,11,2,0,172.72,61.23,175.26,Orthodox,1994-05-09,3.88,66.0,2.13,37.0,3.2,34.0,40.0,0.3
Macksom Lee,,9,1,0,185.42,61.23,190.5,Orthodox,1999-01-06,0.87,44.0,2.13,50.0,0.0,0.0,63.0,1.0
Yi Sak Lee,,8,1,0,,83.91,,,2000-01-01,0.0,0.0,0.0,0.0,0.0,0.0,0.0,0.0
Ricky Legere Jr.,IE Bad Boy,14,4,0,172.72,77.11,,,1985-12-21,1.07,41.0,1.53,60.0,5.0,41.0,0.0,0.0
Sherron Leggett,Rob Roy,21,6,0,172.72,70.31,,Southpaw,1978-10-27,2.86,51.0,2.08,47.0,5.19,80.0,33.0,0.0
Cheyden Leialoha,Steadfast,6,0,0,172.72,61.23,185.42,Orthodox,1994-03-15,1.87,28.0,3.2,53.0,2.0,33.0,71.0,0.0
Claudia Leite,,8,3,0,160.02,61.23,162.56,Orthodox,1996-11-04,1.27,47.0,1.73,57.0,1.0,25.0,0.0,1.0
Thales Leites,,28,9,0,185.42,83.91,198.12,Orthodox,1981-09-06,2.13,40.0,2.99,52.0,2.1,27.0,30.0,1.1
Jovan Leka,,11,2,0,193.04,117.48,190.5,Orthodox,2002-03-15,1.6,75.0,0.6,43.0,1.0,100.0,55.0,1.0
Stefan Leko,Blitz,0,3,0,187.96,97.52,,Orthodox,1974-06-03,2.4,43.0,6.17,68.0,0.0,0.0,0.0,0.0
Gabe Lemley,,13,9,0,172.72,70.31,,Orthodox,,0.82,35.0,6.03,45.0,0.0,0.0,0.0,0.0
Amanda Lemos,,15,6,1,162.56,52.16,165.1,Southpaw,1987-05-22,2.75,55.0,3.01,45.0,1.02,64.0,63.0,0.7
Giacomo Lemos,,6,0,0,190.5,112.04,190.5,Orthodox,1989-06-23,0.0,0.0,0.0,0.0,0.0,0.0,0.0,0.0
Christophe Leninger,,3,4,0,182.88,90.72,,Southpaw,,0.0,0.0,0.0,0.0,0.0,0.0,0.0,0.0
Jesse Lennox,The Ox,14,4,0,175.26,77.11,182.88,Orthodox,1982-03-10,2.69,32.0,3.2,64.0,1.22,66.0,63.0,0.3
Jean Francois Lenogue,,16,17,3,182.88,83.91,,Orthodox,1972-11-29,1.13,34.0,0.27,60.0,0.0,0.0,33.0,0.0
Nik Lentz,The Carny,30,12,21,172.72,65.77,172.72,Orthodox,1984-08-13,3.44,47.0,3.25,50.0,3.3,32.0,43.0,1.2
Alberta Cerra Leon,,0,1,0,172.72,107.95,,,,0.0,0.0,0.0,0.0,0.0,0.0,0.0,0.0
Victoria Leonardo,Fury,9,7,0,165.1,56.7,162.56,Orthodox,1990-02-16,3.22,38.0,4.81,47.0,1.57,27.0,71.0,0.0
Anthony Leone,,15,8,0,167.64,61.23,,Orthodox,1987-05-27,1.94,53.0,2.52,56.0,1.72,18.0,0.0,0.0
Chad Leonhardt,The Boss,9,4,0,182.88,77.11,,,1980-02-19,0.0,0.0,0.0,0.0,0.0,0.0,0.0,0.0
Kimo Leopoldo,,10,7,1,190.5,106.59,,Orthodox,1968-01-05,0.76,83.0,2.12,30.0,4.55,100.0,0.0,2.3
Michael Lerma,,0,1,0,,,,,1973-11-18,0.0,0.0,6.47,45.0,0.0,0.0,0.0,0.0
Lukasz Les,,8,3,0,,77.11,,,1981-11-05,0.0,0.0,0.0,0.0,0.0,0.0,0.0,0.0
Brock Lesnar,,5,3,01,190.5,120.2,205.74,Orthodox,1977-07-12,3.53,72.0,2.11,50.0,3.9,55.0,60.0,0.5
Frank Lester,,11,6,01,180.34,77.11,,Orthodox,1984-06-10,2.18,36.0,3.82,53.0,0.0,0.0,0.0,0.0
Valerie Letourneau,Trouble,8,6,0,170.18,52.16,172.72,Orthodox,1983-04-29,4.51,37.0,5.4,58.0,0.77,45.0,66.0,0.3
Leah Letson,Nidas,5,3,0,170.18,65.77,180.34,Southpaw,1992-08-21,3.06,41.0,3.84,52.0,0.51,50.0,76.0,0.0
Justin Levens,The Executioner,10,7,0,180.34,83.91,,Orthodox,1980-04-18,1.24,47.0,3.15,37.0,1.69,50.0,33.0,5.1
Marcus LeVesseur,The Prospect,22,7,0,175.26,70.31,177.8,Southpaw,1982-07-17,2.55,64.0,3.7,37.0,3.89,36.0,83.0,0.6
David Levicki,,1,3,0,195.58,124.74,,,,0.0,0.0,0.0,0.0,0.0,0.0,0.0,0.0
Kyle Levinton,,0,3,0,,,,,,0.0,0.0,0.0,0.0,0.0,0.0,0.0,0.0
Natan Levy,Lethal,8,2,0,175.26,70.31,180.34,Southpaw,1991-09-30,3.7,52.0,3.19,58.0,5.03,58.0,41.0,0.5
John Lewis,,3,4,3,182.88,70.31,,Southpaw,,0.0,0.0,4.0,66.0,0.0,0.0,0.0,0.0
Derrick Lewis,The Black Beast,29,13,01,190.5,117.93,200.66,Orthodox,1985-02-07,2.46,49.0,2.57,39.0,0.55,26.0,52.0,0.0
Bevon Lewis,,7,3,0,190.5,83.91,200.66,Orthodox,1991-05-05,3.73,43.0,2.67,54.0,0.0,0.0,66.0,0.0
Brandon Lewis,,6,2,0,162.56,61.23,177.8,Orthodox,1997-08-02,2.17,29.0,3.63,53.0,1.0,15.0,20.0,0.0
Malik Lewis,Hard Knock,6,2,0,182.88,70.31,190.5,Orthodox,1996-03-04,4.16,45.0,5.66,40.0,3.98,40.0,50.0,0.0
Chi Lewis-Parry,Chopper,7,0,12,205.74,110.22,,,1983-08-10,0.0,0.0,0.0,0.0,0.0,0.0,0.0,0.0
Li Jingliang,The Leech,19,9,0,182.88,77.11,180.34,Orthodox,1988-03-20,4.46,42.0,3.95,56.0,1.19,41.0,60.0,0.0
Li Yunfeng,,9,5,0,172.72,61.23,172.72,Orthodox,1999-03-08,0.53,29.0,2.55,35.0,0.0,0.0,50.0,0.0
Liang Na,The Dragon Girl,19,8,0,165.1,56.7,170.18,Orthodox,1996-07-27,1.99,42.0,3.95,36.0,3.6,58.0,25.0,0.5
Jess Liaudin,The Joker,20,11,0,175.26,77.11,182.88,Orthodox,,2.46,51.0,2.76,41.0,3.28,53.0,30.0,1.6
Chuck Liddell,The Iceman,21,8,0,187.96,92.99,193.04,Orthodox,1969-12-17,2.97,35.0,2.71,56.0,0.44,75.0,81.0,0.0
Rodrigo Lidio,Dynamis,12,3,0,180.34,70.31,185.42,Orthodox,1989-07-07,0.97,50.0,0.0,100.0,0.0,0.0,50.0,0.0
Sam Liera,,12,10,0,,,,,1983-11-26,0.82,60.0,7.36,51.0,0.0,0.0,66.0,0.0
Zach Light,,9,11,0,172.72,77.11,,Orthodox,1974-02-06,0.81,33.0,1.9,48.0,1.36,100.0,0.0,0.0
Scott Lighty,,6,2,0,187.96,92.99,,,1978-10-15,2.91,21.0,4.24,49.0,0.0,0.0,0.0,0.0
Chris Liguori,,15,10,0,175.26,83.91,,Orthodox,,0.29,33.0,1.44,0.0,0.0,0.0,50.0,0.0
Donnie Liles,,17,7,0,175.26,77.11,,Orthodox,,2.25,41.0,1.75,65.0,2.5,28.0,0.0,1.2
Jae Suk Lim,,17,6,0,175.26,77.11,,Orthodox,1979-11-09,2.43,50.0,4.05,37.0,12.16,100.0,100.0,0.0
Hyun Gyu Lim,The Ace,13,7,1,190.5,77.11,195.58,Orthodox,1985-01-16,4.45,41.0,5.07,51.0,0.23,100.0,73.0,0.2
Gwan Woo Lim,The Giant,5,1,0,,65.77,,,2001-07-27,0.0,0.0,0.0,0.0,0.0,0.0,0.0,0.0
Juliana Lima,Ju Thai,9,5,0,165.1,52.16,165.1,Orthodox,1982-03-15,1.94,44.0,2.11,55.0,1.72,31.0,70.0,0.0
Dhiego Lima,,17,9,0,187.96,77.11,190.5,Orthodox,1989-01-31,3.12,39.0,3.88,58.0,1.26,34.0,73.0,0.6
Douglas Lima,The Phenom,29,6,0,185.42,77.11,,,1988-01-05,1.92,36.0,2.84,60.0,0.6,100.0,46.0,0.0
Mabelly Lima,,7,1,0,157.48,61.23,,Orthodox,1994-01-25,3.07,63.0,5.67,44.0,0.0,0.0,100.0,0.0
Andre Lima,Mascote,11,0,0,170.18,56.7,170.18,Orthodox,1999-02-04,4.06,60.0,2.49,57.0,1.36,75.0,75.0,1.1
Felipe Lima,Jungle Boy,14,2,0,167.64,61.23,172.72,Orthodox,1998-05-07,2.86,45.0,2.91,64.0,2.18,27.0,85.0,0.7
Miguel Linares,,2,4,0,,,,,,6.51,50.0,8.84,36.0,0.0,0.0,0.0,0.0
Emiliano Linares,Golden Bull,8,2,0,172.72,65.77,182.88,Orthodox,1997-04-21,1.17,28.0,3.59,26.0,0.0,0.0,33.0,0.0
Matt Lindland,The Law,22,9,0,182.88,83.91,187.96,Southpaw,1970-05-17,2.62,50.0,1.56,52.0,3.01,48.0,60.0,1.3
Jake Lindsey,The Librarian,12,7,0,180.34,70.31,,Switch,1986-06-21,3.44,52.0,4.01,46.0,0.65,33.0,50.0,0.0
John Lineker,Hands of Stone,31,9,0,160.02,61.23,170.18,Orthodox,1990-06-12,5.36,40.0,4.27,56.0,0.56,58.0,67.0,0.6
Austin Lingo,Lights Out,9,3,0,177.8,65.77,177.8,Orthodox,1994-07-10,3.86,37.0,4.86,57.0,0.43,66.0,75.0,0.0
Lucio Linhares,,19,8,0,187.96,83.91,,Orthodox,1973-12-08,0.99,22.0,3.47,34.0,1.86,50.0,50.0,1.9
Philipe Lins,Monstro,18,5,0,187.96,92.99,198.12,Orthodox,1985-08-17,3.8,49.0,3.59,46.0,1.65,33.0,100.0,0.0
Tainara Lisboa,Thai Panther,7,4,0,170.18,61.23,170.18,Orthodox,1991-03-02,2.01,44.0,2.88,45.0,1.67,31.0,53.0,0.3
Dean Lister,The Boogeyman,13,7,0,185.42,83.91,190.5,Orthodox,1976-02-13,1.26,35.0,1.89,61.0,1.58,15.0,50.0,1.1
Wesley Little,,4,8,0,193.04,92.99,,,,0.0,0.0,0.0,0.0,0.0,0.0,0.0,0.0
Adam Livingston,Bomb,6,1,0,187.96,70.31,180.34,Orthodox,2001-08-15,0.36,33.0,1.08,0.0,0.0,0.0,60.0,0.0
James Llontop,Goku,14,5,0,182.88,70.31,185.42,Orthodox,1999-08-02,5.57,41.0,4.12,57.0,0.0,0.0,54.0,0.0
Abner Lloveras,Skullman,20,9,1,180.34,70.31,,,1982-09-04,6.27,49.0,6.87,43.0,2.0,20.0,0.0,0.0
Brian Lo-A-Njoe,,6,10,3,170.18,70.31,,Orthodox,1976-01-22,3.87,42.0,0.0,0.0,0.0,0.0,66.0,0.0
John Lober,The Machine,5,9,4,180.34,90.26,,Orthodox,1968-02-26,0.0,0.0,0.0,0.0,0.0,0.0,0.0,0.0
Artem Lobov,The Russian Hammer,13,15,11,175.26,65.77,165.1,Southpaw,1986-08-11,3.52,41.0,4.82,50.0,0.39,25.0,52.0,0.0
Dylan Lockard,,6,2,0,175.26,65.77,182.88,Orthodox,1992-05-19,1.31,53.0,3.31,52.0,2.31,40.0,28.0,1.2
Ryan Loder,Man of Steel,8,3,0,187.96,83.91,193.04,Southpaw,1991-06-05,5.1,69.0,2.46,50.0,1.37,14.0,100.0,1.4
Sean Loeffler,The Destroyer,31,5,0,190.5,83.91,,Orthodox,1982-05-23,0.0,0.0,0.0,0.0,0.0,0.0,0.0,0.0
Christian Lohsen,Hollywood,4,2,0,187.96,70.31,195.58,Southpaw,1995-01-24,5.27,49.0,6.93,44.0,0.0,0.0,0.0,2.0
David Loiseau,The Crow,23,11,0,182.88,83.91,193.04,Orthodox,1979-12-17,1.59,44.0,3.64,43.0,0.43,42.0,36.0,0.1
Hector Lombard,,34,10,12,175.26,83.91,180.34,Southpaw,1978-02-02,3.02,46.0,3.35,53.0,1.69,48.0,77.0,0.5
Michael Lombardo,The Don,11,2,01,182.88,77.11,182.88,Orthodox,1990-04-03,1.47,62.0,2.63,31.0,2.5,21.0,60.0,0.0
Rocky Long,,21,37,1,,65.77,,,1978-02-18,0.0,0.0,0.0,0.0,0.0,0.0,0.0,0.0
Thomas Longacre,,6,1,0,175.26,65.77,,Orthodox,,0.0,0.0,0.0,0.0,0.0,0.0,0.0,0.0
Loma Lookboonmee,,10,4,0,154.94,52.16,154.94,Orthodox,1996-01-18,3.67,55.0,2.52,53.0,1.81,50.0,68.0,0.1
Ange Loosa,The Last Ninja,10,5,01,177.8,77.11,187.96,Orthodox,1993-03-18,5.46,46.0,6.59,52.0,2.53,39.0,83.0,0.2
Lucas Lopes,,29,19,0,187.96,83.91,,,1979-10-05,0.0,0.0,0.0,0.0,0.0,0.0,0.0,0.0
Dileno Lopes,,19,3,0,165.1,61.23,,,1984-09-26,2.37,36.0,3.33,53.0,2.5,31.0,100.0,1.5
Diego Lopes,,27,8,0,180.34,65.77,182.88,Orthodox,1994-12-30,3.83,47.0,4.56,45.0,0.88,50.0,68.0,1.4
Bruno Lopes,The Brazilian Cowboy,14,3,0,187.96,92.99,187.96,Orthodox,1993-04-24,2.88,43.0,4.21,54.0,1.93,21.0,100.0,0.0
Arthur Lopes,Demolidor,6,2,0,187.96,106.14,195.58,Southpaw,1993-02-17,9.74,41.0,14.87,45.0,0.0,0.0,0.0,0.0
Ivan Lopez,,14,3,1,167.64,61.23,,Southpaw,,0.9,26.0,2.24,65.0,0.0,0.0,30.0,0.0
Steve Lopez,,13,6,1,180.34,70.31,,Orthodox,1984-07-30,1.39,24.0,2.69,62.0,0.0,0.0,37.0,0.0
Federico Lopez,Kiko,10,6,0,162.56,63.05,,Orthodox,1984-01-04,1.78,23.0,5.35,30.0,0.0,0.0,0.0,0.0
Jorge Lopez,,11,5,0,177.8,77.11,,Orthodox,1988-11-21,2.47,59.0,2.57,50.0,3.5,41.0,81.0,0.0
Christopher Lopez,,9,1,01,177.8,77.11,,,1986-01-30,0.0,0.0,0.0,0.0,0.0,0.0,0.0,0.0
Matthew Lopez,,10,4,0,170.18,61.23,175.26,Southpaw,1987-01-21,3.13,50.0,3.73,55.0,3.32,60.0,71.0,1.3
Benito Lopez,Golden Boy,10,2,0,177.8,61.23,185.42,Switch,1994-04-06,4.39,45.0,5.18,56.0,0.0,0.0,73.0,0.3
Gustavo Lopez,,12,6,1,165.1,61.23,170.18,Orthodox,1989-06-27,2.48,40.0,3.87,57.0,1.74,41.0,31.0,0.7
Alik Lorenz,,6,2,0,187.96,92.99,195.58,Orthodox,1997-01-25,2.0,33.0,32.0,11.0,0.0,0.0,0.0,0.0
Brendan Loughnane,,17,3,0,177.8,65.77,177.8,Switch,1989-12-05,6.23,63.0,6.7,53.0,1.5,30.0,92.0,0.0
Nate Loughran,,11,2,0,187.96,83.91,,Orthodox,1980-07-28,1.81,40.0,4.11,59.0,0.0,0.0,0.0,2.1
Caolan Loughran,The Don,10,2,0,167.64,61.23,172.72,Orthodox,1996-05-18,4.73,42.0,5.2,52.0,3.0,34.0,87.0,0.0
Rashard Lovelace,,4,1,0,,70.31,,,,0.0,0.0,0.0,0.0,0.0,0.0,0.0,0.0
Ian Loveland,The Barn Owl,18,10,0,172.72,65.77,,Orthodox,1983-09-07,2.71,40.0,2.36,64.0,1.0,37.0,69.0,0.3
Jakob Lovstad,The Striking Viking,11,4,0,190.5,92.99,,Orthodox,1979-12-28,0.0,0.0,9.43,35.0,0.0,0.0,0.0,0.0
Waylon Lowe,,16,7,02,170.18,65.77,,Southpaw,1980-10-31,1.88,55.0,2.4,53.0,4.47,55.0,83.0,0.3
Brandon Lowe,,2,1,0,,70.31,,,,0.0,0.0,0.0,0.0,0.0,0.0,0.0,0.0
Joe Lowry,,9,2,0,180.34,70.31,185.42,Orthodox,1989-12-12,3.97,34.0,4.25,63.0,0.0,0.0,0.0,0.0
Lu Kai,The Last Gladiator,8,5,01,175.26,65.77,175.26,Orthodox,1994-03-01,3.76,43.0,5.51,55.0,2.62,50.0,100.0,2.6
Lu Zhengyong,,12,7,0,,56.7,,,,0.0,0.0,0.0,0.0,0.0,0.0,0.0,0.0
Robert Lucarelli,,0,1,0,187.96,111.13,,,,0.0,0.0,0.0,0.0,0.0,0.0,0.0,0.0
Matt Lucas,Luke Duke,15,3,0,185.42,92.99,,,1973-12-27,1.27,48.0,3.93,40.0,1.0,10.0,0.0,0.0
Cleber Luciano,,14,6,0,167.64,70.31,,,,0.0,0.0,0.0,0.0,0.0,0.0,0.0,0.0
Stephanie Luciano,Rondinha,7,2,1,167.64,52.16,165.1,Orthodox,1999-12-16,5.2,42.0,3.04,64.0,1.3,71.0,80.0,0.3
Iasmin Lucindo,,18,6,0,160.02,52.16,167.64,Orthodox,2002-01-08,3.22,45.0,2.8,62.0,2.28,55.0,68.0,0.1
Duane Ludwig,Bang,21,14,0,177.8,77.11,177.8,Orthodox,1978-08-04,4.62,44.0,3.05,57.0,0.43,25.0,59.0,0.1
Lawrence Lui,Lok Yin,8,1,0,170.18,61.23,182.88,Orthodox,1996-08-04,3.72,39.0,3.32,60.0,5.3,40.0,100.0,0.0
Mike Lullo,,8,3,0,172.72,65.77,,Orthodox,1979-07-24,2.48,36.0,4.84,40.0,1.18,11.0,0.0,0.6
Juan Andres Luna,,12,1,0,170.18,56.7,182.88,Orthodox,1995-08-20,3.27,31.0,3.0,65.0,0.0,0.0,0.0,0.0
Paula Luna,La Prodigia,5,3,0,157.48,56.7,157.48,Orthodox,1999-07-05,0.65,50.0,6.2,17.0,0.0,0.0,0.0,0.0
Santiago Luna,BorderBoy,8,0,0,175.26,61.23,187.96,Orthodox,2004-08-06,8.2,54.0,3.82,71.0,4.21,83.0,50.0,0.8
Dalcha Lungiambula,Champion,11,6,0,172.72,83.91,193.04,Orthodox,1987-07-31,3.07,45.0,3.93,52.0,2.14,45.0,77.0,0.0
Alexandru Lungu,,14,4,0,182.88,174.63,,Orthodox,1974-09-03,3.61,66.0,7.22,40.0,0.0,0.0,0.0,0.0
Vicente Luque,The Silent Assassin,24,12,1,180.34,83.91,190.5,Orthodox,1991-11-27,4.8,50.0,5.24,51.0,0.89,48.0,59.0,0.7
Thaddeus Luster,,0,1,0,190.5,95.25,,,,0.0,0.0,0.0,0.0,0.0,0.0,0.0,0.0
Travis Lutter,The Serial Killer,10,6,0,180.34,83.91,190.5,Orthodox,1973-05-12,0.41,32.0,2.42,42.0,1.95,24.0,30.0,0.7
Joilton Lutterbach,Peregrino,38,9,01,185.42,83.91,190.5,Orthodox,1992-11-05,0.0,0.0,0.0,0.0,0.0,0.0,0.0,0.0
Tucker Lutz,Top Gun,12,4,0,172.72,65.77,182.88,Orthodox,1994-07-12,3.74,46.0,3.25,44.0,1.99,44.0,69.0,0.2
Lv Zhenhong,,16,6,0,172.72,65.77,170.18,Switch,1993-06-25,0.0,0.0,0.0,0.0,0.0,0.0,0.0,0.0
Stevie Lynch,,5,2,0,177.8,77.11,,Orthodox,,2.47,25.0,7.06,41.0,0.0,0.0,0.0,0.0
Adam Lynn,,17,10,01,177.8,70.31,,Orthodox,1977-11-16,1.47,63.0,6.95,10.0,0.0,0.0,50.0,0.0
Chris Lytle,Lights Out,31,18,5,180.34,77.11,172.72,Orthodox,1974-08-18,3.76,45.0,3.03,58.0,0.7,55.0,55.0,2.4
Dong Hyun Ma,Maestro,16,11,3,180.34,70.31,177.8,Orthodox,1988-09-09,2.84,41.0,4.1,54.0,1.27,53.0,33.0,0.0
Pawan Maan,,7,3,1,170.18,70.31,177.8,Orthodox,1986-04-06,0.89,44.0,2.98,43.0,0.0,0.0,0.0,0.0
William Macario,Patolino,9,3,0,180.34,77.11,190.5,Orthodox,1991-07-01,4.92,54.0,3.96,65.0,1.85,45.0,78.0,0.0
Jason MacDonald,The Athlete,25,16,0,190.5,83.91,203.2,Orthodox,1975-06-03,1.55,52.0,2.7,46.0,1.43,16.0,35.0,2.0
Rob MacDonald,Maximus,5,4,0,190.5,92.99,198.12,Orthodox,1978-09-05,1.8,50.0,2.04,46.0,7.19,80.0,80.0,5.4
Rory MacDonald,Red King,19,4,0,182.88,77.11,193.04,Orthodox,1989-07-22,3.75,42.0,2.8,62.0,1.77,47.0,88.0,0.4
Ryan MacDonald,Main Event,10,2,0,180.34,61.23,180.34,Switch,1993-03-18,2.28,29.0,6.49,45.0,0.0,0.0,0.0,0.0
Clayton MacFarlane,,4,1,0,,77.11,,,,1.33,52.0,1.82,55.0,1.05,33.0,37.0,0.0
Ilima Macfarlane,,6,0,0,162.56,56.7,,,,4.13,43.0,2.93,65.0,0.0,0.0,50.0,1.0
Valesca Machado,Tina Black,8,3,01,162.56,52.16,160.02,Orthodox,1996-05-06,2.4,32.0,2.87,64.0,0.0,0.0,76.0,0.0
Caio Machado,Bigfoot,8,4,1,193.04,113.4,198.12,Southpaw,1994-07-20,5.82,53.0,2.87,63.0,0.0,0.0,82.0,0.0
Ian Machado Garry,The Future,17,1,0,190.5,77.11,187.96,Orthodox,1997-11-17,4.78,54.0,2.86,52.0,0.92,31.0,80.0,0.4
Lyoto Machida,The Dragon,24,8,0,185.42,83.91,187.96,Southpaw,1978-05-30,2.59,53.0,1.57,61.0,1.21,65.0,75.0,0.4
War Machine,,14,5,0,180.34,77.11,,Orthodox,1981-11-30,2.32,60.0,3.17,43.0,1.16,50.0,40.0,0.0
Anthony Macias,Mad Dog,26,18,0,175.26,83.91,,Switch,1969-02-09,0.0,0.0,0.0,0.0,0.0,0.0,0.0,0.0
Pauline Macias,PITA,4,1,0,162.56,52.16,162.56,Southpaw,1988-06-27,0.8,29.0,4.6,42.0,2.0,18.0,0.0,0.0
Reza Madadi,Mad Dog,14,6,0,180.34,70.31,185.42,Orthodox,1978-06-20,2.51,46.0,3.31,66.0,3.17,33.0,89.0,0.5
Don Madge,Magic Man,9,3,1,182.88,70.31,182.88,Southpaw,1990-11-12,2.08,52.0,0.74,67.0,2.22,25.0,80.0,0.7
Ryan Madigan,,5,3,0,182.88,77.11,,Orthodox,,0.0,0.0,3.35,47.0,0.0,0.0,0.0,0.0
Victor Madrigal,Periquito,15,5,0,170.18,61.23,180.34,Orthodox,1990-08-16,2.31,38.0,9.56,50.0,0.0,0.0,0.0,0.0
Jon Madsen,,8,2,0,182.88,108.86,182.88,Orthodox,1980-02-12,2.46,41.0,1.18,81.0,1.32,71.0,70.0,0.0
Mark Madsen,The Olympian,12,2,0,172.72,70.31,182.88,Orthodox,1984-09-23,3.56,49.0,3.97,52.0,2.86,66.0,62.0,0.0
Yoshiro Maeda,,35,16,5,170.18,63.05,172.72,Southpaw,1981-10-31,2.36,33.0,2.55,63.0,2.93,51.0,50.0,0.7
Leonardo Mafra,Macarrao,13,4,0,177.8,70.31,177.8,Orthodox,1989-04-25,4.55,48.0,4.38,43.0,2.12,83.0,69.0,0.4
Vinny Magalhaes,Pezao,14,9,01,190.5,92.99,190.5,Orthodox,1984-07-02,2.14,24.0,3.97,68.0,1.55,44.0,66.0,0.8
Vinicius Magalhaes,Draculinho,2,1,0,,65.77,,,1971-07-30,0.0,0.0,0.0,0.0,0.0,0.0,0.0,0.0
Caio Magalhaes,Hellboy,10,3,0,185.42,83.91,185.42,Orthodox,1987-12-14,2.27,40.0,2.78,56.0,1.05,15.0,58.0,1.6
Bernardo Magalhaes,Trekko,13,4,0,175.26,70.31,,Orthodox,1981-04-08,1.8,27.0,3.37,68.0,0.0,0.0,0.0,0.5
Eric Magana,,1,1,0,,,,,,0.0,0.0,0.0,0.0,0.0,0.0,0.0,0.0
Brandon Magana,,6,2,0,,77.11,,Orthodox,,0.0,0.0,0.0,0.0,0.0,0.0,0.0,0.0
Angela Magana,Your Majesty,11,9,0,154.94,52.16,165.1,Orthodox,1983-08-02,1.53,28.0,4.92,42.0,0.4,25.0,28.0,0.4
Neil Magny,The Haitian Sensation,31,15,0,190.5,77.11,203.2,Orthodox,1987-08-03,3.4,46.0,2.44,51.0,2.17,39.0,55.0,0.3
Raimond Magomedaliev,,10,2,0,185.42,77.11,190.5,Orthodox,1990-06-10,4.07,41.0,4.75,41.0,0.0,0.0,0.0,0.0
Ibragim Magomedov,,22,8,1,182.88,113.4,,Orthodox,1975-06-08,0.26,4.0,3.86,42.0,0.0,0.0,0.0,0.0
Rashid Magomedov,Highlander,20,2,0,175.26,70.31,177.8,Orthodox,1984-11-29,4.4,49.0,3.05,54.0,0.67,57.0,89.0,0.2
Ruslan Magomedov,Leopard,14,1,0,190.5,109.77,198.12,Orthodox,1986-11-26,4.02,47.0,1.47,66.0,0.33,100.0,88.0,0.0
Abus Magomedov,,28,7,1,187.96,83.91,198.12,Orthodox,1990-09-02,3.07,49.0,3.43,55.0,2.61,59.0,100.0,0.4
Shara Magomedov,Bullet,16,1,0,187.96,83.91,185.42,Orthodox,1994-05-16,5.93,62.0,3.85,43.0,0.0,0.0,71.0,0.0
Murtazali Magomedov,The Highlight,10,0,0,175.26,65.77,177.8,Orthodox,1999-08-26,5.57,40.0,1.86,84.0,0.0,0.0,0.0,0.0
Zabit Magomedsharipov,,18,1,0,185.42,65.77,185.42,Orthodox,1991-03-01,4.89,48.0,3.0,64.0,5.22,56.0,77.0,0.8
John Maguire,The One,24,9,0,175.26,70.31,175.26,Southpaw,1983-05-19,1.41,41.0,2.44,65.0,2.8,46.0,77.0,1.1
Lolohea Mahe,,10,4,1,,,,,,1.71,29.0,6.92,40.0,2.44,40.0,0.0,0.0
Michelle Maher,,1,2,0,,65.77,,,,0.0,0.0,0.0,0.0,0.0,0.0,0.0,0.0
Maheshate,,10,5,0,182.88,70.31,180.34,Orthodox,1999-12-01,3.96,31.0,5.96,51.0,0.0,0.0,47.0,0.0
Bill Mahood,The Butcher,20,7,11,190.5,90.72,,Orthodox,1967-02-01,1.54,85.0,3.59,17.0,0.0,0.0,0.0,3.9
Klayton Mai,,8,3,0,175.26,56.7,,,1986-11-30,1.53,42.0,1.02,63.0,3.83,100.0,0.0,7.7
Demian Maia,,28,11,0,185.42,77.11,182.88,Southpaw,1977-11-06,1.8,43.0,2.07,63.0,2.49,24.0,61.0,1.0
Jennifer Maia,,21,10,1,162.56,56.7,162.56,Orthodox,1988-10-06,4.35,38.0,4.52,55.0,0.42,27.0,58.0,0.1
Nayara Maia,Capita,7,1,1,165.1,56.7,167.64,Orthodox,1990-07-25,0.6,36.0,3.33,43.0,1.0,33.0,0.0,1.0
Roshan Mainam,The Indian Notorious,6,3,0,,61.23,,,,0.0,0.0,0.0,0.0,0.0,0.0,0.0,0.0
Levan Makashvili,The Hornet,15,2,1,172.72,65.77,172.72,Orthodox,1989-01-07,2.87,54.0,2.07,61.0,3.67,42.0,85.0,0.0
John Makdessi,The Bull,18,9,0,172.72,70.31,172.72,Orthodox,1985-05-03,5.52,49.0,4.15,68.0,0.0,0.0,86.0,0.0
Islam Makhachev,,28,1,0,177.8,77.11,177.8,Southpaw,1991-10-27,2.45,58.0,1.45,61.0,3.1,56.0,91.0,1.0
Aliev Makhmud,,0,1,0,167.64,88.45,,Southpaw,1970-02-13,1.12,30.0,2.24,36.0,2.1,50.0,0.0,0.0
Zach Makovsky,Fun Size,20,8,0,162.56,56.7,162.56,Southpaw,1983-04-19,1.94,43.0,2.24,62.0,3.71,30.0,56.0,0.3
Azat Maksum,Qazaq,15,3,0,170.18,56.7,177.8,Southpaw,1995-02-02,2.75,27.0,4.25,52.0,3.5,31.0,85.0,0.2
Jeremy Malaterre,,4,2,0,180.34,70.31,,,1987-03-05,0.0,0.0,0.0,0.0,0.0,0.0,0.0,0.0
Fabio Maldonado,Caipira de Aco,23,11,0,185.42,92.99,190.5,Orthodox,1980-03-17,5.29,58.0,4.31,53.0,0.44,57.0,61.0,0.6
Marvin Maldonado,The Bulldog,2,4,01,167.64,61.23,,,,0.87,56.0,3.47,43.0,0.0,0.0,20.0,0.0
Bea Malecki,,4,1,0,175.26,61.23,187.96,Orthodox,1991-08-23,6.84,46.0,6.96,62.0,0.0,0.0,78.0,1.1
Nazareno Malegarie,El Tigre,28,4,0,172.72,70.31,,,1986-05-16,3.87,34.0,3.27,69.0,1.0,33.0,0.0,0.0
Carl Malenko,,6,4,0,180.34,90.72,,Orthodox,1970-01-25,0.0,0.0,0.0,0.0,0.0,0.0,0.0,0.0
Jacob Malkoun,Mamba,10,3,0,175.26,83.91,185.42,Orthodox,1995-08-26,4.55,58.0,2.36,55.0,5.81,40.0,33.0,0.9
Mike Malott,Proper,14,2,1,185.42,77.11,185.42,Orthodox,1991-11-07,4.02,48.0,3.09,56.0,1.63,50.0,57.0,0.7
Dan Manasoiu,,0,0,0,,,,,,0.0,0.0,0.0,0.0,0.0,0.0,0.0,0.0
Troy Mandaloniz,Rude Boy,3,2,0,175.26,77.11,,Orthodox,1980-02-01,3.52,56.0,4.71,63.0,3.1,66.0,57.0,0.0
Nate Maness,Mayhem,16,3,0,177.8,56.7,182.88,Orthodox,1991-06-27,3.14,50.0,3.88,42.0,0.68,75.0,80.0,0.7
Michael Mangan,,0,3,0,,70.31,,,,1.94,33.0,4.52,46.0,19.35,50.0,100.0,0.0
Gary Mangat,,15,3,0,170.18,61.23,,,,0.0,0.0,0.0,0.0,0.0,0.0,0.0,0.0
George Mangos,,7,1,0,177.8,65.77,177.8,Switch,2003-08-19,0.93,51.0,0.27,77.0,0.0,0.0,0.0,2.0
Melvin Manhoef,No Mercy,30,14,12,175.26,83.91,,Orthodox,1976-05-11,3.52,48.0,2.64,51.0,0.33,25.0,78.0,0.0
Melchor Manibusan,Barracuda,2,4,0,165.1,69.85,,Southpaw,1976-12-27,1.58,54.0,5.79,15.0,0.0,0.0,0.0,0.0
Jon Manley,,9,4,0,185.42,77.11,,Orthodox,1986-07-07,1.13,20.0,4.33,45.0,1.0,7.0,20.0,0.0
Steve Mann,,12,5,0,185.42,77.11,,,,3.18,70.0,0.66,57.0,1.64,100.0,60.0,0.0
Marnic Mann,The Sawed-Off Savage,6,3,0,152.4,52.16,162.56,Southpaw,1993-03-05,1.47,41.0,5.08,31.0,1.9,33.0,25.0,0.4
Dylan Mantello,The Quiet Man,8,4,0,185.42,70.31,185.42,Orthodox,1992-11-19,4.69,62.0,4.76,55.0,0.0,0.0,76.0,0.0
Chris Manuel,,9,7,2,175.26,61.23,,Orthodox,1987-07-21,2.53,40.0,2.67,66.0,1.0,20.0,100.0,0.0
Jimi Manuwa,Poster Boy,17,6,0,185.42,92.99,200.66,Orthodox,1980-02-18,3.43,54.0,3.97,49.0,0.53,18.0,70.0,0.4
Dom Mar Fan,Street Buddha,9,3,0,180.34,70.31,190.5,Orthodox,2000-03-19,3.71,56.0,2.49,44.0,2.0,50.0,66.0,0.3
Cristiano Marcello,,13,6,0,175.26,70.31,182.88,Orthodox,1977-12-03,2.56,33.0,3.61,58.0,0.44,11.0,20.0,0.9
Daniel Marcos,Soncora,18,1,01,170.18,61.23,175.26,Orthodox,1993-03-07,4.9,53.0,3.79,61.0,1.35,52.0,85.0,0.1
Jose Maria,No Chance,37,7,02,165.1,56.7,,Orthodox,1982-01-04,3.2,53.0,3.98,52.0,2.32,27.0,33.0,2.3
Marcos Mariano,Dhalsim,6,6,0,185.42,70.31,193.04,Switch,1986-10-12,0.25,27.0,2.11,43.0,0.0,0.0,28.0,0.0
Enrique Marin,Wasabi,10,4,0,177.8,77.11,,,1986-09-02,1.43,33.0,3.0,50.0,2.5,38.0,60.0,1.0
Chepe Mariscal,Machine Gun,18,7,01,170.18,65.77,175.26,Orthodox,1992-10-27,4.14,55.0,2.66,52.0,2.34,39.0,59.0,0.2
Ronny Markes,,17,5,0,185.42,83.91,190.5,Orthodox,1988-04-21,2.17,53.0,2.43,45.0,3.13,40.0,100.0,0.5
Rory Markham,,17,6,0,182.88,77.11,180.34,Orthodox,1982-03-25,1.98,21.0,10.27,45.0,0.0,0.0,0.0,0.0
Randa Markos,Quiet Storm,11,12,1,162.56,52.16,160.02,Orthodox,1985-08-10,2.97,43.0,3.1,58.0,1.12,28.0,52.0,0.2
Christina Marks,,8,9,0,170.18,56.7,175.26,Orthodox,1985-11-08,5.0,58.0,3.0,64.0,7.5,100.0,0.0,0.0
Brendon Marotte,The Kid,8,3,0,175.26,65.77,177.8,Orthodox,1996-01-12,0.41,50.0,5.7,28.0,0.0,0.0,0.0,0.0
Nate Marquardt,The Great,35,19,2,182.88,83.91,187.96,Orthodox,1979-04-20,2.71,49.0,2.32,55.0,1.87,51.0,70.0,0.8
Danilo Marques,,11,4,0,198.12,92.99,195.58,Orthodox,1985-12-26,1.44,79.0,2.52,52.0,3.93,28.0,0.0,0.8
Julian Marquez,The Cuban Missile Crisis,9,6,0,187.96,83.91,182.88,Orthodox,1990-05-08,5.06,45.0,5.35,50.0,0.0,0.0,54.0,2.6
Carmelo Marrero,The Fury,16,6,01,182.88,92.99,185.42,Orthodox,1981-01-26,0.84,34.0,2.04,54.0,3.21,36.0,36.0,0.9
Cesar Marscucci,,3,2,0,,,,,,0.0,0.0,0.0,0.0,0.0,0.0,0.0,0.0
John Marsh,,8,7,0,182.88,120.2,,Orthodox,1970-09-15,0.83,42.0,2.23,40.0,0.43,100.0,54.0,0.4
CJ Marsh,,5,7,0,,,,,,0.0,0.0,0.0,0.0,0.0,0.0,0.0,0.0
Eliot Marshall,Fire,10,4,0,187.96,92.99,195.58,Orthodox,1980-07-07,1.93,27.0,2.39,67.0,0.47,33.0,79.0,0.9
Doug Marshall,The Rhino,18,8,0,177.8,92.99,,Orthodox,1975-09-09,6.99,46.0,4.02,60.0,0.0,0.0,66.0,2.4
David Marshall,,8,4,0,187.96,77.11,,,1984-08-24,0.0,0.0,0.0,0.0,0.0,0.0,0.0,0.0
Francis Marshall,Fire,10,3,0,175.26,70.31,182.88,Orthodox,1999-03-03,3.19,34.0,3.45,55.0,2.71,47.0,88.0,0.5
Jack Marshman,The Hammer,23,10,0,182.88,83.91,185.42,Orthodox,1989-12-19,2.74,25.0,4.19,56.0,0.0,0.0,20.0,0.0
Terry Martin,,23,11,0,172.72,83.91,180.34,Orthodox,1980-10-10,2.82,43.0,3.13,54.0,3.1,42.0,92.0,0.0
Eric Martin,,0,1,0,,,,,,0.0,0.0,0.0,0.0,0.0,0.0,0.0,0.0
Justin Martin,,4,3,0,182.88,83.91,,,,0.0,0.0,0.0,0.0,0.0,0.0,0.0,0.0
Dave Martin,,0,2,0,182.88,92.99,,,,0.0,0.0,0.0,0.0,0.0,0.0,0.0,0.0
Joe Martin,,6,8,0,175.26,77.11,,,,0.73,40.0,2.4,45.0,0.0,0.0,16.0,0.0
Anthony Rocco Martin,,17,6,0,182.88,77.11,185.42,Orthodox,1989-12-11,2.68,37.0,2.59,58.0,0.71,27.0,68.0,1.0
Mallory Martin,,7,5,0,162.56,52.16,160.02,Orthodox,1994-01-29,4.42,48.0,6.64,55.0,2.28,43.0,25.0,0.3
Michal Martinek,,7,1,0,187.96,104.33,,Southpaw,1990-04-19,2.45,53.0,4.29,51.0,0.0,0.0,0.0,0.0
Adrian Luna Martinetti,,17,2,0,172.72,61.23,180.34,Orthodox,1995-08-20,8.8,58.0,9.3,47.0,2.0,33.0,100.0,0.0
Rainy Martinez,,0,2,0,182.88,90.26,,Orthodox,,0.0,0.0,0.0,0.0,0.0,0.0,0.0,0.0
Danny Martinez,The Gremlin,21,8,0,167.64,56.7,170.18,Orthodox,1985-06-14,2.73,28.0,3.77,63.0,3.0,45.0,36.0,0.0
Alonzo Martinez,Zo Diddy,42,20,1,177.8,70.31,,,1984-04-22,3.07,27.0,7.33,52.0,0.0,0.0,0.0,0.0
Henry Martinez,Sicario,9,4,0,170.18,70.31,175.26,Southpaw,1983-08-07,2.79,25.0,4.01,60.0,0.0,0.0,80.0,0.0
Jonathan Martinez,Dragon,19,6,0,172.72,61.23,177.8,Southpaw,1994-04-20,4.44,49.0,4.09,56.0,0.38,35.0,68.0,0.1
Poppies Martinez,The Tachi Kid,29,11,0,175.26,65.77,,,1983-08-19,2.88,50.0,2.16,51.0,1.54,33.0,50.0,9.2
Andrew Martinez,Mickey D,9,6,0,175.26,97.52,,,,3.4,31.0,2.3,47.0,1.5,50.0,0.0,0.0
Mana Martinez,ManaBoi,10,4,0,177.8,61.23,177.8,Orthodox,1996-03-25,4.33,48.0,4.94,50.0,0.72,42.0,25.0,0.5
Victor Martinez,The Brick,13,6,0,172.72,70.31,177.8,Orthodox,1991-07-17,7.94,51.0,7.66,53.0,0.7,33.0,80.0,0.0
Roque Martinez,,15,8,2,177.8,113.4,182.88,Orthodox,1986-03-04,3.28,53.0,4.9,56.0,0.38,50.0,53.0,0.4
Melissa Martinez,Super Mely,8,2,0,157.48,52.16,167.64,Southpaw,1997-08-18,3.78,47.0,5.21,53.0,0.35,50.0,50.0,0.0
Julieta Martinez,The Ninja Ferret,8,0,0,154.94,52.16,157.48,Orthodox,2004-09-14,2.53,44.0,3.6,41.0,5.0,45.0,100.0,0.0
David Martinez,,14,1,0,165.1,61.23,170.18,Orthodox,1998-08-03,4.82,46.0,2.9,69.0,0.6,25.0,100.0,0.0
Wagner da Conceicao Martins,Zuluzinho,9,8,01,200.66,176.9,,Orthodox,1978-05-19,1.91,37.0,5.43,42.0,2.2,100.0,100.0,0.0
Adriano Martins,,28,9,0,177.8,70.31,182.88,Southpaw,1982-12-16,1.8,38.0,2.14,65.0,0.83,80.0,81.0,0.4
Lucas Martins,Mineiro,19,3,0,182.88,65.77,182.88,Southpaw,1988-11-11,2.87,35.0,4.14,60.0,0.0,0.0,76.0,0.5
Max Martyniouk,Payne,1,1,0,,70.31,,,,0.0,0.0,0.0,0.0,0.0,0.0,0.0,0.0
Bristol Marunde,,16,10,0,185.42,77.11,190.5,Orthodox,1982-04-20,1.42,21.0,4.4,47.0,1.6,33.0,14.0,0.0
Shoji Maruyama,,12,9,1,170.18,63.05,,Orthodox,1983-04-24,1.4,63.0,0.27,55.0,0.0,0.0,54.0,0.0
Kazuma Maruyama,Gluttony,11,7,0,180.34,70.31,182.88,Orthodox,1992-07-19,3.83,41.0,2.23,53.0,4.79,33.0,100.0,0.0
Islem Masraf,Lightning,3,1,0,182.88,92.99,187.96,Southpaw,1996-06-07,0.68,20.0,3.88,15.0,0.0,0.0,100.0,0.0
Mike Massenzio,The Master of Disaster,13,9,0,187.96,83.91,185.42,Southpaw,1982-11-01,2.08,45.0,3.59,54.0,2.74,24.0,50.0,1.4
Jameel Massouh,,26,9,0,177.8,65.77,182.88,Orthodox,1984-09-12,1.91,54.0,2.62,55.0,0.67,15.0,50.0,0.7
Tiffany Masters,Rainbow Renegade,2,1,0,160.02,52.16,165.1,Orthodox,1994-07-31,3.53,62.0,2.58,50.0,3.06,60.0,0.0,0.0
Jorge Masvidal,Gamebred,35,17,0,180.34,77.11,187.96,Orthodox,1984-11-12,4.05,47.0,3.05,64.0,1.38,59.0,72.0,0.3
Al Matavao,Sweetness,8,3,0,172.72,92.99,170.18,Orthodox,1994-02-23,7.84,46.0,6.7,58.0,0.0,0.0,0.0,0.0
Tateki Matsuda,Tech,13,8,0,170.18,56.7,,Orthodox,1986-02-27,3.2,34.0,3.43,69.0,0.0,0.0,16.0,0.0
Arisa Matsuda,,7,0,0,160.02,52.16,162.56,Orthodox,1994-12-15,1.0,75.0,1.87,56.0,3.0,42.0,0.0,1.0
Daijiro Matsui,,13,29,7,175.26,90.72,,Orthodox,1972-12-05,0.84,45.0,1.69,55.0,1.83,30.0,43.0,0.4
Toki Matsui,,6,1,0,167.64,56.7,165.1,Orthodox,1999-09-08,0.0,0.0,0.0,0.0,0.0,0.0,0.0,0.0
Koichiro Matsumoto,,15,3,1,170.18,65.77,,,1986-03-07,1.9,26.0,3.5,31.0,0.0,0.0,0.0,0.0
Jean Matsumoto,,17,2,0,167.64,61.23,172.72,Orthodox,1999-09-09,5.37,39.0,5.41,47.0,3.0,48.0,56.0,0.5
Koyomi Matsushima,,13,6,0,170.18,65.77,167.64,Orthodox,1992-10-08,2.7,47.0,2.83,59.0,9.0,52.0,33.0,0.0
Naoki Matsushita,,12,16,11,167.64,70.31,,Orthodox,1976-03-31,3.3,32.0,2.2,63.0,1.5,100.0,0.0,0.0
AJ Matthews,,8,7,0,180.34,83.91,,,1988-01-23,5.11,52.0,4.96,51.0,0.0,0.0,100.0,0.0
Jake Matthews,The Celtic Kid,22,8,0,180.34,77.11,185.42,Orthodox,1994-08-19,3.34,43.0,2.62,60.0,1.44,41.0,64.0,0.8
Connor Matthews,The Controller,7,4,0,172.72,65.77,180.34,Switch,1992-05-31,4.82,43.0,6.06,55.0,3.24,55.0,46.0,0.7
Claudio Mattos,Popeye,5,4,0,,83.91,,Orthodox,,0.0,0.0,3.53,0.0,0.0,0.0,0.0,0.0
John Matua,,1,4,0,187.96,181.44,,Orthodox,,0.0,0.0,0.0,0.0,0.0,0.0,0.0,0.0
Francesco Maturi,,0,1,0,,,,,,0.0,0.0,0.0,0.0,0.0,0.0,0.0,0.0
Vladimir Matyushenko,The Janitor,27,8,0,182.88,92.99,187.96,Orthodox,1971-01-04,1.9,44.0,1.62,59.0,3.25,46.0,70.0,0.1
Miranda Maverick,Fear The,17,6,0,160.02,56.7,165.1,Southpaw,1997-07-01,3.22,44.0,2.25,61.0,2.16,40.0,45.0,0.4
Nick Maximov,,8,2,0,182.88,83.91,193.04,Southpaw,1997-12-23,1.93,45.0,2.64,46.0,4.16,45.0,35.0,0.2
Elaina Maxwell,Beef,7,4,0,172.72,65.77,,Orthodox,1978-12-16,2.07,60.0,2.4,53.0,0.0,0.0,50.0,1.0
Jeremy May,,13,10,01,185.42,83.91,,,1986-10-23,0.0,0.0,0.0,0.0,0.0,0.0,0.0,0.0
Jack May,The Outlaw,9,3,0,203.2,115.67,,Switch,1981-04-14,1.52,38.0,3.29,33.0,0.91,33.0,20.0,0.0
Don'Tale Mayes,Lord Kong,11,9,01,198.12,117.93,205.74,Orthodox,1992-01-16,3.22,43.0,3.61,46.0,0.59,38.0,46.0,0.0
Gray Maynard,,13,7,11,175.26,70.31,177.8,Orthodox,1979-05-09,1.92,32.0,2.64,66.0,2.91,47.0,81.0,0.7
Brooke Mayo,The Bully,0,1,0,170.18,56.7,,,,1.92,34.0,3.2,63.0,3.2,60.0,0.0,2.1
Gina Mazany,Danger,7,6,0,167.64,56.7,172.72,Southpaw,1988-08-19,3.73,50.0,3.52,50.0,4.34,52.0,33.0,0.2
Sabina Mazo,Colombian Queen,9,4,0,170.18,56.7,177.8,Orthodox,1997-03-25,6.1,43.0,4.35,57.0,0.65,80.0,59.0,0.2
Francesco Mazzeo,,4,1,0,190.5,92.99,190.5,Orthodox,1997-09-23,1.83,44.0,0.75,65.0,3.23,50.0,0.0,0.0
Scott McAfee,,14,7,0,172.72,70.31,,Orthodox,1983-08-23,0.0,0.0,1.33,50.0,0.0,0.0,0.0,0.0
Bobby McAndrews,,1,3,0,,,,Orthodox,,2.56,83.0,1.03,50.0,0.0,0.0,33.0,7.7
Michael McBride,,8,3,0,185.42,70.31,,Orthodox,1986-03-09,4.08,48.0,5.85,40.0,1.85,42.0,30.0,1.2
Ian McCall,Uncle Creepy,13,5,1,165.1,56.7,162.56,Orthodox,1984-05-07,3.59,39.0,3.25,67.0,2.08,30.0,88.0,0.0
Molly McCann,Meatball,14,8,0,162.56,52.16,157.48,Orthodox,1990-05-04,5.28,49.0,4.65,62.0,1.78,36.0,38.0,0.5
Charles McCarthy,Chainsaw,10,5,0,177.8,83.91,180.34,Orthodox,1980-08-06,0.18,12.0,4.03,56.0,2.67,60.0,0.0,2.7
Eric McConico,,11,4,1,182.88,83.91,195.58,Southpaw,1990-05-09,2.92,46.0,3.05,45.0,0.64,100.0,68.0,0.0
Sean McCorkle,,17,7,0,200.66,120.2,205.74,Orthodox,1976-07-17,0.85,44.0,2.48,52.0,2.12,40.0,33.0,4.2
Danni McCormack,Mac,9,2,0,162.56,56.7,157.48,Southpaw,1990-03-15,6.93,51.0,4.53,60.0,6.0,42.0,50.0,2.0
Paddy McCorry,,7,1,0,190.5,83.91,185.42,Switch,1997-12-09,6.2,55.0,2.47,53.0,1.0,50.0,0.0,0.0
Kris McCray,Savage,8,5,0,182.88,77.11,193.04,Orthodox,1981-09-24,2.69,45.0,2.57,54.0,2.88,55.0,38.0,0.0
Tamdan McCrory,The Barncat,14,5,0,193.04,83.91,193.04,Switch,1986-11-05,2.07,49.0,1.6,46.0,2.28,50.0,33.0,2.5
Rob McCullough,Razor,19,8,0,175.26,70.31,175.26,Orthodox,1977-05-26,2.47,36.0,2.84,59.0,0.46,100.0,68.0,0.0
Justin McCully,The Insane One,11,5,2,185.42,102.06,185.42,Orthodox,1976-02-18,1.58,37.0,2.02,46.0,1.28,44.0,43.0,0.0
Robert McDaniel,Bubba,28,10,0,190.5,83.91,190.5,Southpaw,1983-05-03,1.64,44.0,1.98,56.0,0.93,50.0,50.0,1.4
Michael McDonald,The Black Sniper,1,1,0,180.34,92.99,,Orthodox,1965-02-06,0.0,0.0,0.4,50.0,0.0,0.0,0.0,0.0
Scott McDonald,,1,0,0,,,,,,0.0,0.0,0.0,0.0,0.0,0.0,0.0,0.0
Michael McDonald,Mayday,17,4,0,175.26,61.23,177.8,Orthodox,1991-01-15,2.69,42.0,2.76,57.0,1.09,66.0,52.0,1.4
Josh McDonald,,9,5,01,,83.91,,,,0.8,57.0,3.4,33.0,9.0,50.0,0.0,0.0
Miles McDonald,,2,1,0,170.18,52.16,,,1991-08-13,5.1,45.0,4.0,43.0,0.0,0.0,100.0,1.0
Justin McElfresh,,6,4,0,198.12,92.99,,Orthodox,1980-01-04,4.59,26.0,12.79,41.0,0.0,0.0,0.0,0.0
Drew McFedries,The Massacre,12,7,0,182.88,83.91,182.88,Southpaw,1978-07-27,5.13,51.0,4.56,52.0,1.42,100.0,56.0,0.7
Liam McGeary,,12,2,0,198.12,92.99,,,1982-10-04,1.28,48.0,1.92,50.0,0.51,100.0,0.0,2.5
Gan McGee,The Giant,13,5,0,208.28,120.2,,Orthodox,1976-11-20,2.2,29.0,2.31,59.0,0.65,25.0,83.0,0.0
Court McGee,The Crusher,23,14,0,180.34,77.11,190.5,Orthodox,1984-12-12,4.5,36.0,3.65,60.0,1.78,24.0,70.0,0.5
Marcus McGhee,The Maniac,10,2,0,172.72,61.23,175.26,Orthodox,1990-05-07,5.5,45.0,3.64,57.0,0.31,14.0,90.0,0.3
Ryan McGillivray,The Kid,12,0,1,180.34,77.11,,,1986-09-27,1.27,20.0,2.2,52.0,0.0,0.0,44.0,0.0
Ryan McGivern,,13,7,0,182.88,83.91,,Orthodox,1980-01-17,2.22,29.0,2.22,57.0,0.0,0.0,0.0,0.0
Jack McGlaughlin,,1,4,0,,,,Orthodox,,0.0,0.0,0.0,0.0,0.0,0.0,0.0,0.0
Conor McGregor,The Notorious,22,6,0,175.26,70.31,187.96,Southpaw,1988-07-14,5.32,49.0,4.66,54.0,0.67,55.0,66.0,0.1
Greg McIntyre,,6,4,0,177.8,70.31,,Orthodox,1980-04-21,0.79,30.0,1.36,41.0,5.09,50.0,0.0,0.0
Antonio McKee,Mandingo,29,6,2,172.72,70.31,,Southpaw,1970-03-12,1.37,45.0,0.74,74.0,1.47,33.0,57.0,0.0
AJ McKee,Mercenary,8,0,0,177.8,65.77,,,,2.75,32.0,0.92,80.0,11.01,100.0,100.0,11.0
Rhys McKee,Skeletor,14,7,1,187.96,77.11,198.12,Orthodox,1995-09-10,4.71,40.0,7.15,47.0,0.0,0.0,47.0,0.0
Cory McKenna,Poppins,8,4,0,160.02,52.16,147.32,Orthodox,1999-07-11,2.94,38.0,3.68,46.0,2.0,47.0,75.0,0.4
Tim McKenzie,,14,9,0,182.88,83.91,187.96,Orthodox,1982-07-21,1.37,54.0,2.96,44.0,0.0,0.0,28.0,2.1
Cody McKenzie,,16,10,0,182.88,70.31,182.88,Switch,1987-12-16,1.74,34.0,2.5,67.0,2.5,25.0,14.0,2.5
Terrance McKinney,T. Wrecks,18,8,0,177.8,70.31,185.42,Switch,1994-09-15,6.53,55.0,3.45,43.0,3.31,40.0,72.0,2.1
Brian McLaughlin,,6,2,0,175.26,70.31,,,1984-05-12,0.0,0.0,0.0,0.0,0.0,0.0,0.0,0.0
Jason McLean,,6,7,0,165.1,65.77,,,1977-06-03,0.0,0.0,0.0,0.0,0.0,0.0,0.0,0.0
Garreth McLellan,Soldier Boy,13,6,0,185.42,83.91,182.88,Southpaw,1982-09-01,3.56,54.0,2.94,45.0,1.15,22.0,34.0,0.9
Sara McMann,,13,6,0,167.64,61.23,167.64,Orthodox,1980-09-24,2.26,46.0,1.92,47.0,4.38,65.0,50.0,0.5
Tommy McMillen,Gun,10,0,0,182.88,65.77,187.96,Orthodox,1997-12-15,9.87,53.0,5.54,58.0,0.0,0.0,83.0,0.0
James McSweeney,The Hammer,15,15,0,193.04,104.33,195.58,Switch,1980-10-24,3.94,55.0,4.33,42.0,0.52,33.0,100.0,1.1
Charles McTorry,,3,0,0,,,,,,0.0,0.0,0.0,0.0,0.0,0.0,0.0,0.0
Jackson McVey,The Moose,7,2,0,193.04,83.91,195.58,Southpaw,1999-03-25,6.51,69.0,3.37,23.0,0.0,0.0,0.0,1.2
Daniel McWilliams,The Animal,15,37,0,185.42,83.91,,,1983-01-14,3.36,77.0,0.0,0.0,0.0,0.0,100.0,21.6
Tim Means,The Dirty Bird,33,17,11,187.96,77.11,190.5,Orthodox,1984-02-20,5.04,49.0,3.65,60.0,1.14,40.0,64.0,0.2
Yancy Medeiros,,15,8,01,177.8,70.31,190.5,Orthodox,1987-09-07,4.36,37.0,5.67,47.0,0.33,50.0,73.0,0.7
Anistavio Medeiros,Gasparzinho,19,10,0,167.64,65.77,,Orthodox,1988-05-01,3.64,44.0,5.0,47.0,0.0,0.0,0.0,0.0
Kaline Medeiros,The Dark Angel,8,5,0,160.02,52.16,,,,2.06,70.0,0.29,83.0,4.41,100.0,0.0,4.4
MarQuel Mederos,,11,1,1,177.8,70.31,175.26,Orthodox,1996-11-30,5.46,58.0,4.58,52.0,0.23,8.0,82.0,0.0
Uros Medic,The Doctor,13,3,0,185.42,77.11,180.34,Southpaw,1993-04-25,5.59,60.0,3.42,56.0,0.34,50.0,55.0,0.0
Todd Medina,El Tiburon,11,9,01,177.8,87.54,,Southpaw,1970-04-30,0.0,0.0,0.0,0.0,0.0,0.0,0.0,0.0
Jason Medina,,21,15,1,175.26,81.65,,,,0.0,0.0,0.0,0.0,0.0,0.0,0.0,0.0
Emil Meek,Valhalla,9,5,11,180.34,77.11,187.96,Switch,1988-08-20,2.52,39.0,2.53,38.0,0.25,33.0,47.0,1.0
Sanford Alton Meeks,,1,1,0,195.58,120.2,190.5,Orthodox,1994-04-05,0.71,42.0,4.47,38.0,7.06,25.0,0.0,0.0
Gerald Meerschaert,GM3,37,22,0,185.42,83.91,195.58,Southpaw,1987-12-18,3.01,45.0,3.52,53.0,1.82,30.0,42.0,1.4
Frank Megallon,,2,3,0,177.8,83.91,,Southpaw,,1.14,21.0,5.32,54.0,0.0,0.0,0.0,0.0
Derrick Mehmen,Caveman,19,9,0,193.04,92.99,,,1985-05-30,1.93,14.0,4.53,48.0,1.0,16.0,0.0,0.0
Miika Mehmet,,3,5,0,,92.99,,Orthodox,,0.33,12.0,7.29,24.0,0.0,0.0,0.0,0.0
Jordan Mein,Young Gun,31,12,0,182.88,77.11,185.42,Orthodox,1989-10-10,3.35,44.0,2.55,69.0,1.56,58.0,66.0,0.2
Bryce Mejia,,3,1,0,185.42,77.11,,,,3.49,62.0,6.98,50.0,0.0,0.0,0.0,0.0
Brian Melancon,,7,3,0,172.72,77.11,,Orthodox,1982-05-28,4.18,49.0,3.64,64.0,2.02,100.0,66.0,0.0
Brandon Melendez,The Murderer,25,25,0,180.34,70.31,,Southpaw,1983-03-24,0.84,26.0,0.56,63.0,0.0,0.0,25.0,0.0
Gilbert Melendez,El Nino,22,8,0,175.26,65.77,185.42,Orthodox,1982-04-12,3.44,33.0,2.53,63.0,1.64,41.0,71.0,0.2
Nair Melikyan,Ahalkalakski,11,0,0,167.64,70.31,,,1997-08-08,0.0,0.0,0.0,0.0,0.0,0.0,0.0,0.0
Marcelo Mello,,1,0,0,170.18,77.11,,Southpaw,,0.0,0.0,0.0,0.0,0.0,0.0,0.0,0.0
Fabio Mello,,11,8,0,165.1,70.31,,Southpaw,1975-06-28,0.86,35.0,3.94,50.0,0.0,0.0,0.0,0.0
Vanessa Melo,,11,8,0,165.1,61.23,165.1,Orthodox,1988-03-27,3.48,30.0,6.13,59.0,0.0,0.0,71.0,0.0
Antonio Mendes,Samurai,18,13,0,190.5,92.99,195.58,Southpaw,1981-04-19,1.34,47.0,6.85,22.0,2.51,50.0,100.0,0.0
Chad Mendes,Money,18,5,0,167.64,65.77,167.64,Orthodox,1985-05-01,2.78,49.0,2.35,67.0,4.13,55.0,100.0,0.3
Augusto Mendes,Tanquinho,6,2,0,167.64,61.23,165.1,Orthodox,1983-03-03,2.42,34.0,3.91,56.0,1.75,33.0,80.0,0.0
Eddie Mendez,,8,3,11,177.8,83.91,,,1984-01-16,1.71,33.0,3.43,11.0,0.0,0.0,0.0,0.0
Mateus Mendonca,Bocao,10,3,0,167.64,56.7,180.34,Orthodox,1999-01-17,1.66,40.0,4.14,30.0,2.54,27.0,55.0,0.4
Luis Mendoza,,0,1,0,,70.31,,,,0.0,0.0,0.0,0.0,0.0,0.0,0.0,0.0
Pietro Menga,,13,0,0,170.18,56.7,172.72,Southpaw,1988-02-15,0.0,0.0,0.0,0.0,0.0,0.0,0.0,0.0
Alonzo Menifield,Atomic,17,6,1,182.88,92.99,193.04,Orthodox,1987-10-18,3.77,53.0,3.81,50.0,0.5,31.0,78.0,0.2
Ivan Menjivar,The Pride of El Salvador,25,12,0,167.64,65.77,162.56,Orthodox,1982-05-30,2.78,37.0,2.76,65.0,0.56,28.0,38.0,1.0
Dave Menne,The Warrior,45,17,2,177.8,77.11,,Orthodox,1974-07-29,1.84,44.0,1.99,42.0,0.46,50.0,57.0,2.5
Steve Mensing,The Machine,9,13,21,180.34,83.91,,Orthodox,1977-12-06,0.0,0.0,9.51,42.0,0.0,0.0,0.0,0.0
Buck Meredith,,3,3,0,187.96,83.91,,,1982-05-17,0.0,0.0,0.0,0.0,0.0,0.0,0.0,0.0
Adam Meredith,,5,3,0,187.96,77.11,,,,2.63,50.0,2.11,55.0,7.89,100.0,100.0,7.9
Nick Meregali,,0,0,0,,,,,,0.0,0.0,0.0,0.0,0.0,0.0,0.0,0.0
Joe Merritt,,7,2,0,182.88,77.11,,Orthodox,1984-03-07,1.53,58.0,0.73,66.0,0.0,0.0,68.0,0.0
Bia Mesquita,The Lady GOAT,7,0,0,162.56,61.23,170.18,Orthodox,1991-04-07,5.78,60.0,0.64,80.0,4.81,75.0,0.0,3.2
Jeremiah Metcalf,,13,7,0,185.42,83.91,,Orthodox,1981-07-09,1.74,59.0,0.27,60.0,4.02,66.0,100.0,2.0
Jonathan Meunier,District,8,1,0,190.5,77.11,,Switch,1987-08-04,3.47,50.0,1.43,69.0,0.58,33.0,58.0,0.0
Yaotzin Meza,,21,11,01,175.26,65.77,180.34,Orthodox,1981-02-04,1.43,41.0,1.62,64.0,1.06,20.0,18.0,1.4
Guy Mezger,,30,14,2,185.42,90.72,,Orthodox,1968-01-01,2.3,32.0,1.36,72.0,0.39,50.0,88.0,0.0
David Mgoyan,,7,1,0,175.26,65.77,177.8,Orthodox,2004-06-25,5.67,44.0,7.53,48.0,2.0,16.0,100.0,1.0
Jonathan Micallef,The Captain,10,1,0,182.88,77.11,195.58,Southpaw,1999-03-05,3.96,41.0,4.22,56.0,1.13,66.0,75.0,1.1
Brandon Michaels,,4,14,0,175.26,83.91,,,1982-11-20,0.0,0.0,0.0,0.0,0.0,0.0,0.0,0.0
Andreas Michailidis,The Spartan,13,6,0,182.88,77.11,193.04,Orthodox,1988-07-18,2.9,51.0,3.57,44.0,1.12,27.0,50.0,0.0
David Michaud,BullDawg,11,3,0,175.26,70.31,,Orthodox,1988-11-10,3.25,43.0,4.45,54.0,2.53,58.0,77.0,0.7
Chris Mickle,,30,21,21,175.26,65.77,,Orthodox,1983-07-10,3.03,27.0,9.7,48.0,0.0,0.0,0.0,0.0
Zachary Micklewright,,15,3,0,182.88,70.31,187.96,Southpaw,1976-08-21,5.56,53.0,4.72,54.0,0.7,12.0,100.0,0.0
Kristof Midoux,The Hurricane,6,10,0,185.42,99.79,,Orthodox,1974-07-30,0.7,43.0,2.89,49.0,0.0,0.0,0.0,0.0
Keith Mielke,,0,5,0,172.72,83.91,,,,0.0,0.0,0.0,0.0,0.0,0.0,0.0,0.0
Chris Mierzwiak,,5,3,0,185.42,83.91,,,1988-02-14,1.6,61.0,1.73,48.0,2.0,28.0,0.0,1.0
Gabriel Miglioli,Biel,9,9,0,172.72,77.11,,,,0.0,0.0,0.0,0.0,0.0,0.0,0.0,0.0
Bojan Mihajlovic,,10,6,0,180.34,92.99,185.42,Orthodox,1980-03-30,1.23,35.0,5.95,47.0,0.0,0.0,33.0,0.0
Billy Miles,The Kid,2,2,0,177.8,77.11,,Orthodox,1978-04-28,0.0,0.0,1.25,33.0,0.0,0.0,0.0,0.0
Pat Miletich,The Croatian Sensation,29,7,2,177.8,77.11,,Orthodox,1968-03-09,1.79,45.0,1.66,63.0,1.96,100.0,54.0,1.0
Curtis Millender,Curtious,17,5,0,187.96,77.11,193.04,Orthodox,1987-12-01,3.86,46.0,2.95,61.0,0.43,100.0,57.0,0.0
Phillip Miller,,16,0,0,180.34,83.91,,Orthodox,1979-02-20,1.61,54.0,1.93,50.0,3.62,25.0,100.0,0.6
Jason Miller,Mayhem,23,10,01,185.42,83.91,,Orthodox,1980-12-24,1.83,43.0,2.3,49.0,1.31,28.0,43.0,1.3
Dan Miller,,14,8,01,185.42,83.91,187.96,Orthodox,1981-06-30,2.03,36.0,3.06,49.0,1.67,54.0,47.0,1.8
Jim Miller,A-10,38,19,01,172.72,70.31,180.34,Southpaw,1983-08-30,2.92,42.0,3.44,56.0,1.5,45.0,48.0,1.7
Cole Miller,Magrinho,21,11,01,185.42,65.77,185.42,Orthodox,1984-04-26,3.0,33.0,3.88,59.0,0.6,36.0,38.0,1.8
Henry Miller,Sentoryu,6,16,01,170.18,122.47,,Southpaw,1969-07-16,1.25,36.0,2.16,54.0,0.55,25.0,60.0,0.0
Micah Miller,Maverick,20,8,01,182.88,65.77,,Orthodox,1987-02-14,1.33,33.0,2.15,54.0,0.98,37.0,21.0,2.0
Aaron Miller,Blood Spiller,14,10,01,175.26,65.77,,,,0.0,0.0,0.0,0.0,0.0,0.0,0.0,0.0
Mo Miller,Moshow,6,0,0,172.72,61.23,182.88,Orthodox,1992-08-10,1.87,45.0,1.33,60.0,4.0,80.0,0.0,0.0
Juliana Miller,Killer,5,4,0,170.18,56.7,167.64,Orthodox,1996-05-07,2.65,39.0,4.14,44.0,2.16,29.0,44.0,1.2
Ty Miller,Thriller,7,0,01,187.96,77.11,195.58,Orthodox,2000-06-04,7.16,38.0,4.65,64.0,0.0,0.0,75.0,0.0
Trent Miller,The Terminator,8,3,0,175.26,83.91,182.88,Orthodox,1995-10-31,2.11,20.0,11.23,48.0,0.0,0.0,0.0,0.0
Eddy Millis,,0,2,0,185.42,83.91,,,1967-08-04,0.0,0.0,3.36,22.0,0.0,0.0,0.0,7.2
Che Mills,Beautiful,16,10,03,185.42,77.11,193.04,Orthodox,1982-09-29,2.08,52.0,2.87,43.0,1.18,66.0,58.0,0.0
Adam Milstead,The Prototype,8,4,0,190.5,92.99,193.04,Orthodox,1987-07-03,3.85,46.0,4.79,43.0,0.0,0.0,64.0,0.0
Alberto Mina,Soldier of God,13,1,0,182.88,77.11,195.58,Orthodox,1982-05-02,3.23,38.0,3.7,47.0,1.85,20.0,50.0,0.0
Vitaly Minakov,,20,0,0,187.96,112.94,,,1985-02-06,0.0,0.0,0.0,0.0,0.0,0.0,0.0,0.0
Yunosuke Minami,,6,0,0,,61.23,,,2000-09-10,0.0,0.0,0.0,0.0,0.0,0.0,0.0,0.0
Mario Mingaj,,7,1,0,190.5,83.91,198.12,Orthodox,1998-10-28,1.62,33.0,6.49,52.0,0.0,0.0,0.0,0.0
Darrick Minner,,26,14,0,170.18,65.77,175.26,Orthodox,1990-04-28,2.63,65.0,2.28,35.0,2.4,72.0,66.0,2.7
Mike Minniger,,0,0,0,,,,,,0.0,0.0,0.0,0.0,0.0,0.0,0.0,0.0
Ikuhisa Minowa,Minowaman,60,42,8,175.26,82.1,,Orthodox,1976-01-12,0.88,40.0,1.66,49.0,1.82,41.0,5.0,1.9
Carlton Minus,Clutch,10,3,01,177.8,77.11,190.5,Orthodox,1993-04-26,3.5,40.0,4.97,50.0,0.0,0.0,58.0,0.0
Stipe Miocic,,20,5,0,193.04,108.86,203.2,Orthodox,1982-08-19,4.67,52.0,4.01,52.0,1.74,34.0,65.0,0.0
Frank Mir,,18,11,0,190.5,119.75,200.66,Southpaw,1979-05-24,2.18,47.0,3.84,38.0,2.02,40.0,54.0,2.0
Juan Miranda,,7,5,0,,70.31,,,,0.0,0.0,0.0,0.0,0.0,0.0,0.0,0.0
Mario Miranda,,14,7,0,190.5,83.91,187.96,Orthodox,1979-07-12,1.96,54.0,2.46,36.0,1.02,60.0,54.0,0.0
Vitor Miranda,Lex Luthor,12,5,0,185.42,83.91,195.58,Orthodox,1979-03-10,2.98,45.0,2.95,58.0,0.95,55.0,50.0,0.2
Gabriel Miranda,Fly,17,8,0,180.34,65.77,180.34,Orthodox,1990-03-25,3.23,43.0,6.01,37.0,4.75,38.0,0.0,1.9
Damir Mirenic,Wolf,9,4,0,182.88,83.91,,Orthodox,1974-08-02,0.84,50.0,9.86,35.0,0.0,0.0,0.0,0.0
Kazuo Misaki,Hitman,25,11,21,172.72,83.01,,Orthodox,1976-04-25,2.85,40.0,2.74,63.0,0.72,38.0,51.0,0.6
Toby Misech,2 Quick,9,5,0,172.72,65.77,,Southpaw,1988-03-07,3.27,40.0,7.73,46.0,0.0,0.0,0.0,0.0
Dokonjonosuke Mishima,,21,7,2,170.18,70.31,,Southpaw,1972-04-19,1.06,41.0,1.22,52.0,2.47,40.0,25.0,1.4
Felix Lee Mitchell,,2,7,0,,,,Orthodox,,0.0,0.0,0.0,0.0,0.0,0.0,0.0,0.0
David Mitchell,Daudi,22,7,0,182.88,77.11,190.5,Orthodox,1979-10-24,1.74,32.0,2.06,55.0,0.66,50.0,29.0,2.0
Danny Mitchell,The Cheesecake Assassin,19,9,1,187.96,77.11,,Orthodox,1986-08-08,2.53,49.0,2.53,52.0,0.0,0.0,100.0,3.0
Brad Mitchell,,4,2,01,180.34,65.77,,,1974-10-10,1.15,33.0,4.2,52.0,0.0,0.0,100.0,1.9
Clay Mitchell,,1,2,0,187.96,83.91,,,,1.63,85.0,0.0,0.0,0.0,0.0,100.0,4.1
Bryce Mitchell,Thug Nasty,18,4,0,177.8,61.23,177.8,Southpaw,1994-10-04,2.27,59.0,1.6,58.0,3.24,36.0,33.0,1.2
Maurice Mitchell,The AK Kid,11,2,0,175.26,65.77,,Orthodox,1987-06-29,3.8,55.0,3.54,60.0,0.0,0.0,100.0,0.0
Terrence Mitchell,,14,4,0,177.8,61.23,187.96,Orthodox,1989-12-30,2.21,34.0,8.85,41.0,3.69,50.0,0.0,0.0
Roman Mitichyan,,8,3,0,177.8,77.11,,Orthodox,1978-09-04,0.26,16.0,2.7,43.0,1.93,100.0,25.0,1.9
Matt Mitrione,,12,5,0,190.5,120.2,208.28,Switch,1978-07-15,3.55,50.0,2.79,64.0,0.0,0.0,55.0,0.7
Eiji Mitsuoka,,18,9,2,170.18,65.77,,Southpaw,1976-01-01,1.49,49.0,2.26,45.0,2.3,36.0,20.0,1.6
Hiromitsu Miura,,12,7,0,175.26,77.11,180.34,Orthodox,1981-09-22,2.12,34.0,2.12,58.0,2.23,50.0,69.0,0.6
Jonathan  Mix,,7,4,0,182.88,76.2,,,1980-11-09,0.0,0.0,0.0,0.0,0.0,0.0,0.0,0.0
Patchy Mix,No Love,20,3,0,180.34,61.23,177.8,Southpaw,1993-08-16,5.3,43.0,7.3,43.0,2.5,62.0,0.0,0.0
Ryuho Miyaguchi,,7,0,0,,61.23,,,1998-01-27,0.0,0.0,0.0,0.0,0.0,0.0,0.0,0.0
Tomoya Miyashita,,17,9,7,170.18,63.05,,Southpaw,1981-07-20,1.67,65.0,0.93,33.0,4.0,80.0,0.0,2.0
Kazuyuki Miyata,,15,9,0,172.72,63.05,,Orthodox,1976-01-29,2.04,52.0,1.82,63.0,4.31,46.0,68.0,0.0
Motoki Miyazawa,,7,3,0,180.34,76.2,,Southpaw,1985-04-23,1.23,28.0,3.91,61.0,0.0,0.0,0.0,0.0
Takeya Mizugaki,,21,11,2,170.18,61.23,175.26,Orthodox,1983-12-16,3.37,37.0,3.27,57.0,1.46,57.0,70.0,0.1
Mizuki,,16,6,0,160.02,52.16,165.1,Orthodox,1994-08-19,4.45,52.0,4.65,49.0,0.75,33.0,80.0,0.0
Tatsuya Mizuno,,16,12,1,185.42,92.99,,Southpaw,1981-06-02,2.25,37.0,3.52,53.0,1.19,25.0,40.0,3.6
Roxanne Modafferi,The Happy Warrior,25,21,0,170.18,56.7,175.26,Orthodox,1982-09-24,3.35,30.0,5.7,51.0,1.35,23.0,30.0,0.1
Bobby Moffett,The Wolfman,13,5,01,177.8,65.77,185.42,Orthodox,1990-06-01,3.41,39.0,3.15,61.0,2.74,66.0,66.0,1.4
Bronson Mohika,,1,1,0,,61.23,,,,0.0,0.0,0.0,0.0,0.0,0.0,0.0,0.0
Nate Mohr,,9,7,0,175.26,70.31,182.88,Orthodox,1983-03-03,3.79,41.0,2.5,74.0,0.45,50.0,71.0,0.0
Renato Moicano,,21,7,1,180.34,70.31,182.88,Orthodox,1989-05-21,4.1,49.0,3.55,59.0,1.68,40.0,64.0,0.6
Thiago Moises,,19,10,0,175.26,70.31,177.8,Orthodox,1995-03-23,2.52,42.0,4.4,52.0,1.37,29.0,52.0,1.1
Muhammad Mokaev,The Punisher,13,0,01,170.18,56.7,177.8,Orthodox,2000-07-30,1.61,45.0,1.35,57.0,5.29,41.0,25.0,0.8
Ashkan Mokhtarian,The Assassin,13,3,0,167.64,56.7,170.18,Southpaw,1985-09-15,1.95,43.0,3.66,43.0,0.54,16.0,33.0,0.0
Suman Mokhtarian,,8,5,0,172.72,65.77,182.88,Orthodox,1992-06-13,2.21,43.0,6.85,48.0,0.0,0.0,0.0,0.0
Dan Molina,,13,9,0,177.8,97.98,,,1984-06-14,0.0,0.0,5.58,60.0,0.0,0.0,0.0,20.9
Jeff Molina,El Jefe,11,2,0,167.64,56.7,175.26,Orthodox,1997-07-17,7.25,48.0,5.04,55.0,0.0,0.0,66.0,0.0
Rudyard Moncayo,,0,3,0,177.8,88.45,,Orthodox,1973-05-17,0.0,0.0,0.0,0.0,0.0,0.0,0.0,0.0
Hidetaka Monma,,18,11,4,182.88,76.2,,Orthodox,1973-10-23,1.67,25.0,9.76,34.0,0.0,0.0,0.0,0.0
Jeff Monson,The Snowman,60,26,1,175.26,112.04,187.96,Orthodox,1971-01-18,0.97,30.0,2.87,59.0,1.06,12.0,66.0,0.7
Darrell Montague,Mongoose,13,5,0,167.64,56.7,170.18,Southpaw,1987-11-03,1.92,25.0,5.38,52.0,0.72,25.0,33.0,1.4
Michelle Montague,The Wild One,8,0,0,175.26,61.23,172.72,Southpaw,1993-11-25,2.77,48.0,2.47,41.0,3.5,53.0,0.0,0.0
Andrew Montanez,,9,12,1,,83.91,,,,0.0,0.0,0.0,0.0,0.0,0.0,0.0,0.0
Jose Montanha,,6,1,0,,120.2,,,1996-08-25,0.0,0.0,0.0,0.0,0.0,0.0,0.0,0.0
Augusto Montano,Dodger,15,3,0,185.42,77.11,185.42,Orthodox,1984-10-25,3.46,46.0,2.66,56.0,0.0,0.0,66.0,0.0
Erick Montano,Perry,7,5,0,182.88,77.11,185.42,Orthodox,1985-11-19,2.79,44.0,2.06,64.0,2.29,36.0,66.0,0.0
Nicco Montano,,5,3,0,165.1,61.23,165.1,Southpaw,1988-12-16,5.6,41.0,4.43,64.0,2.25,54.0,69.0,0.4
Antonio Monteiro,Junior Negao,17,5,11,170.18,65.77,177.8,Orthodox,1995-07-02,3.93,49.0,8.33,33.0,1.0,33.0,66.0,1.0
Sofia Montenegro,La Bruja,6,2,0,167.64,56.7,170.18,Orthodox,1999-06-18,4.27,40.0,5.67,48.0,1.0,25.0,100.0,0.0
Alberto Montes,The Promise,12,1,0,170.18,65.77,175.26,Orthodox,1994-05-31,5.26,60.0,4.44,60.0,0.0,0.0,77.0,6.8
Steve Montgomery,The Creepy Weasel,9,5,0,193.04,83.91,,Southpaw,1990-12-19,4.85,39.0,4.12,47.0,0.0,0.0,64.0,0.0
James Moontasri,Moon Walker,9,5,0,177.8,77.11,180.34,Switch,1988-04-10,2.39,48.0,3.86,40.0,0.0,0.0,79.0,0.2
Homer Moore,The Rock,26,9,2,177.8,92.99,,Orthodox,1971-11-27,0.68,50.0,0.68,0.0,5.07,66.0,0.0,0.0
Todd Moore,,16,7,0,175.26,77.11,180.34,Southpaw,1983-12-30,1.83,26.0,2.3,57.0,0.78,14.0,54.0,0.0
Nate Moore,,8,4,0,182.88,77.11,,,1983-04-06,2.21,25.0,2.87,42.0,1.23,16.0,25.0,0.0
Dustin Moore,,0,2,0,162.56,56.7,,,,0.0,0.0,0.0,0.0,0.0,0.0,0.0,0.0
Taylor Moore,,10,5,0,177.8,61.23,177.8,Southpaw,1993-10-16,0.2,75.0,2.07,42.0,0.0,0.0,25.0,0.0
Sergio Moraes,The Panther,14,6,1,182.88,77.11,182.88,Orthodox,1982-07-23,2.42,42.0,3.73,59.0,1.2,38.0,75.0,0.4
Marlon Moraes,Magic,23,10,1,167.64,61.23,170.18,Orthodox,1988-04-26,3.37,40.0,4.53,54.0,0.87,41.0,46.0,0.3
Sheymon Moraes,,11,4,0,172.72,65.77,182.88,Orthodox,1990-10-11,3.0,42.0,3.64,63.0,0.0,0.0,53.0,0.0
John Moraga,,19,7,0,167.64,56.7,167.64,Orthodox,1984-03-20,2.57,43.0,2.55,56.0,0.62,23.0,44.0,1.1
Ricardo Morais,The Mutant,10,4,1,203.2,122.47,,Orthodox,1967-02-26,2.86,37.0,2.39,53.0,0.0,0.0,0.0,0.0
Leonardo Morales,Chimy,6,2,0,172.72,61.23,,Southpaw,1992-12-22,2.05,47.0,2.05,58.0,0.0,0.0,62.0,0.0
Albert Morales,The Warrior,7,4,1,175.26,61.23,182.88,Orthodox,1991-05-25,3.81,35.0,3.96,56.0,0.91,35.0,70.0,0.2
Joseph Morales,Bopo,15,2,0,167.64,56.7,175.26,Switch,1994-08-22,2.0,40.0,2.05,57.0,1.14,42.0,26.0,3.0
Vince Morales,Vandetta,16,11,0,170.18,61.23,177.8,Orthodox,1990-11-12,3.57,37.0,4.0,53.0,0.59,40.0,58.0,0.5
Omar Morales,Venezuelan Fighter,11,4,0,180.34,70.31,185.42,Orthodox,1985-10-17,3.42,40.0,3.18,58.0,0.46,100.0,63.0,0.0
Michael Morales,,19,0,0,182.88,77.11,200.66,Orthodox,1999-06-24,5.68,49.0,3.26,53.0,1.04,41.0,89.0,0.0
Sarah Moras,Cheesecake,6,8,0,170.18,61.23,170.18,Orthodox,1988-04-30,2.28,34.0,3.58,50.0,0.67,21.0,33.0,0.8
Christian Morecraft,,8,3,0,198.12,117.93,205.74,Orthodox,1986-09-08,2.82,34.0,2.46,46.0,3.26,66.0,50.0,2.2
Joe Moreira,,2,2,0,180.34,88.45,,Southpaw,1961-07-03,0.0,0.0,0.0,0.0,0.0,0.0,0.0,0.0
Richardson Moreira,Rick Monstro,7,4,0,187.96,83.91,,Orthodox,1984-03-31,1.17,28.0,1.83,67.0,0.0,0.0,100.0,0.0
Gisele Moreira,,8,3,0,167.64,61.23,,Orthodox,1981-01-14,5.93,42.0,6.33,48.0,4.0,57.0,0.0,0.0
Vinicius Moreira,Mamute,9,5,0,193.04,92.99,193.04,Orthodox,1989-02-28,3.15,59.0,5.07,43.0,1.97,18.0,0.0,1.3
Jesse Moreng,Arturo,9,1,0,170.18,65.77,,Orthodox,1979-11-09,1.26,40.0,2.08,48.0,5.56,100.0,100.0,0.0
Brandon Moreno,The Assassin Baby,23,10,2,170.18,56.7,177.8,Orthodox,1993-12-07,3.84,44.0,3.64,59.0,1.36,39.0,65.0,0.4
Mike Moreno,El Palo Duro,6,5,0,182.88,83.91,,,,1.27,51.0,1.07,58.0,0.0,0.0,44.0,0.0
Dan Moret,The Hitman,13,6,0,182.88,70.31,185.42,Southpaw,1986-11-21,2.67,43.0,3.56,43.0,1.25,27.0,45.0,0.4
Sammy Morgan,The Squeeze,18,12,0,177.8,77.11,,Orthodox,1981-09-28,1.05,22.0,3.74,40.0,1.43,20.0,0.0,0.5
Peggy Morgan,The Daywalker,4,4,0,185.42,61.23,,,1979-12-16,2.27,23.0,8.2,33.0,0.0,0.0,50.0,0.0
Alexander Morgan,The Chess Master,11,5,0,177.8,65.77,180.34,Orthodox,1991-05-14,3.71,44.0,2.78,47.0,0.0,0.0,0.0,0.0
Alex Morono,The Great White,24,13,01,180.34,77.11,182.88,Orthodox,1990-08-16,4.9,39.0,4.88,55.0,0.32,24.0,47.0,0.3
Maryna Moroz,Iron Lady,11,6,0,170.18,56.7,170.18,Orthodox,1991-09-08,4.42,33.0,4.89,51.0,0.7,24.0,42.0,0.6
Sergey Morozov,,19,5,0,167.64,61.23,170.18,Orthodox,1989-06-14,3.01,43.0,2.97,61.0,3.63,31.0,68.0,0.0
Brad Morris,,10,6,0,187.96,92.99,,Orthodox,1979-11-01,0.5,62.0,6.95,27.0,0.0,0.0,0.0,0.0
Scott Morris,,2,1,0,177.8,95.25,,Orthodox,,0.0,0.0,0.0,0.0,0.0,0.0,0.0,0.0
Anthony Morrison,Cheesesteak,20,12,01,170.18,65.77,,Orthodox,1984-03-29,1.7,33.0,0.49,80.0,0.0,0.0,50.0,0.0
Jack Morrison,,0,3,0,180.34,92.99,,,,0.0,0.0,19.31,40.0,0.0,0.0,0.0,0.0
Harry Moskowitz,Dirty,6,12,0,195.58,124.74,,Orthodox,,0.0,0.0,0.0,0.0,0.0,0.0,0.0,0.0
Carlos Mota,Tizil,8,2,0,162.56,56.7,175.26,Orthodox,1995-04-15,0.8,41.0,1.13,54.0,0.0,0.0,50.0,1.0
Miki Motono,,8,5,0,157.48,52.16,160.02,Southpaw,1994-05-18,1.27,27.0,4.2,57.0,3.0,30.0,0.0,1.0
Juan Mott,,3,4,0,182.88,86.18,,Switch,1965-12-07,0.0,0.0,0.0,0.0,0.0,0.0,0.0,0.0
Nikolas Motta,Iron,15,6,01,175.26,70.31,177.8,Orthodox,1993-02-08,4.13,38.0,5.28,52.0,0.0,0.0,83.0,0.0
Flavio Luiz Moura,,19,7,0,180.34,83.01,,Open Stance,1976-01-26,0.67,16.0,0.0,0.0,0.0,0.0,0.0,0.0
Eduarda Moura,Ronda,12,2,0,167.64,56.7,170.18,Orthodox,1994-02-28,2.57,37.0,2.5,58.0,3.58,34.0,80.0,0.4
Gegard Mousasi,,42,6,2,187.96,83.91,193.04,Orthodox,1985-08-01,3.75,50.0,1.21,68.0,1.59,60.0,59.0,1.1
Kris Moutinho,,14,8,0,170.18,61.23,172.72,Southpaw,1992-08-09,3.35,33.0,9.36,30.0,0.0,0.0,30.0,0.0
Kin Moy,Kong,8,3,0,165.1,61.23,,,,2.3,33.0,1.93,62.0,1.67,42.0,50.0,1.7
Jamie Moyle,,4,3,0,154.94,52.16,165.1,Orthodox,1989-03-17,4.51,51.0,4.0,65.0,1.0,21.0,50.0,0.0
Askar Mozharov,,19,13,0,190.5,92.99,187.96,Orthodox,1994-10-26,0.43,18.0,4.07,13.0,0.0,0.0,33.0,0.0
Garrett Mueller,,3,3,0,175.26,61.23,,,1989-01-29,0.0,0.0,0.0,0.0,0.0,0.0,0.0,0.0
Lauren Mueller,Princess Tiger,5,3,0,165.1,56.7,170.18,Orthodox,1991-11-15,4.08,41.0,3.77,58.0,0.7,50.0,71.0,0.0
Belal Muhammad,Remember the Name,24,5,01,180.34,77.11,182.88,Orthodox,1988-07-09,4.43,43.0,3.82,55.0,2.14,36.0,90.0,0.1
Fazlo Mulabitinovic,,4,2,0,,61.23,,,,0.54,16.0,0.0,100.0,0.0,0.0,0.0,8.0
Quinn Mulhern,,18,4,0,190.5,70.31,,Orthodox,1984-09-20,1.48,28.0,2.09,51.0,1.36,20.0,33.0,0.0
James Mulheron,,11,2,0,177.8,110.22,185.42,Orthodox,1988-02-20,2.4,31.0,3.47,42.0,0.0,0.0,25.0,0.0
Jamie Mullarkey,,18,9,0,182.88,70.31,187.96,Orthodox,1994-08-17,4.1,46.0,4.28,54.0,2.46,30.0,70.0,0.1
Jim Mullen,,0,2,0,185.42,97.52,,Southpaw,,0.0,0.0,0.0,0.0,0.0,0.0,0.0,0.0
Melissa Mullins,No Mess,7,2,0,170.18,61.23,172.72,Orthodox,1991-07-23,3.71,50.0,4.39,52.0,2.03,42.0,85.0,0.0
Ananias Mulumba,Metal,9,3,0,165.1,65.77,177.8,Switch,1998-09-18,6.1,44.0,5.96,52.0,0.0,0.0,100.0,2.1
Pedro Munhoz,The Young Punisher,20,10,02,167.64,61.23,165.1,Orthodox,1986-09-07,5.38,41.0,6.29,55.0,0.48,16.0,82.0,0.5
Andre Muniz,Sergipano,24,8,0,185.42,83.91,198.12,Southpaw,1990-02-17,2.08,48.0,2.46,51.0,3.98,48.0,35.0,1.1
Mark Munoz,The Filipino Wrecking Machine,14,6,0,182.88,83.91,180.34,Orthodox,1978-02-09,3.12,51.0,2.26,57.0,3.17,29.0,57.0,0.6
Alexander Munoz,,7,2,0,175.26,70.31,182.88,Switch,1990-02-27,3.7,42.0,4.73,55.0,3.0,40.0,100.0,0.0
Johnny Munoz,Kid Kvenbo,12,4,0,175.26,61.23,180.34,Orthodox,1993-02-16,2.44,36.0,2.66,55.0,2.4,25.0,45.0,1.8
Andy Murad,The Tooth Fairy,15,2,0,175.26,83.91,,,,2.6,76.0,2.87,32.0,1.0,20.0,42.0,0.0
Olivier Murad,Warrior of God,6,0,0,177.8,65.77,182.88,Southpaw,1993-12-21,2.6,36.0,2.2,61.0,1.0,100.0,55.0,0.0
Makhmud Muradov,,26,8,01,187.96,83.91,190.5,Orthodox,1990-02-08,4.21,43.0,2.57,61.0,3.03,66.0,77.0,0.2
Kazunari Murakami,,5,5,0,185.42,99.79,,Orthodox,1973-11-29,0.0,0.0,0.0,0.0,0.0,0.0,0.0,0.0
Ryuichi Murata,,8,3,1,172.72,83.01,,Orthodox,1976-08-27,0.84,36.0,1.89,50.0,4.74,50.0,100.0,3.2
Kanako Murata,,12,3,0,154.94,52.16,157.48,Orthodox,1993-08-10,2.15,56.0,2.4,53.0,3.38,56.0,100.0,0.8
Ailiya Muratbek,,9,2,0,,70.31,,,,0.0,0.0,0.0,0.0,0.0,0.0,0.0,0.0
Kasib Murdoch,Murder,7,0,0,,61.23,,,,0.0,0.0,0.0,0.0,0.0,0.0,0.0,0.0
Vince Murdock,,12,4,01,167.64,65.77,162.56,Orthodox,1991-03-21,1.21,21.0,7.17,40.0,0.0,0.0,0.0,0.0
Samandar Murodov,,11,0,0,185.42,77.11,190.5,Orthodox,1999-08-28,1.5,75.0,0.5,44.0,6.01,66.0,0.0,1.5
Tom Murphy,,8,0,0,187.96,102.97,,Southpaw,1974-11-19,2.5,71.0,0.17,84.0,7.51,85.0,0.0,2.5
Ian Murphy,,1,1,0,185.42,83.91,,Orthodox,1985-06-14,0.0,0.0,1.93,30.0,4.13,100.0,0.0,0.0
Jon Murphy,Man of Faith,6,4,0,190.5,117.93,,Orthodox,1977-08-09,3.93,66.0,8.85,43.0,0.0,0.0,0.0,0.0
Lauren Murphy,Lucky,16,7,0,165.1,56.7,170.18,Orthodox,1983-07-27,3.94,38.0,5.19,56.0,1.09,24.0,67.0,0.2
Patrick Murphy,,5,3,0,182.88,77.11,,,,3.4,66.0,0.8,42.0,0.0,0.0,50.0,1.0
Lerone Murphy,The Miracle,17,1,1,175.26,65.77,185.42,Orthodox,1991-07-22,4.34,51.0,2.65,60.0,1.2,54.0,44.0,0.5
Lee Murray,Lightning,8,2,11,190.5,83.91,,Orthodox,1977-09-12,0.36,15.0,3.28,32.0,0.9,100.0,42.0,1.8
Jesse Murray,Hollywood,8,4,0,190.5,92.99,198.12,Orthodox,1993-01-26,2.38,28.0,7.72,43.0,0.0,0.0,0.0,0.0
Khalid Murtazaliev,,14,2,0,182.88,83.91,193.04,Orthodox,1993-07-15,4.8,69.0,0.4,78.0,7.5,100.0,33.0,0.0
Azamat Murzakanov,The Professional,16,1,0,177.8,92.99,180.34,Southpaw,1989-04-12,4.4,56.0,3.2,56.0,0.68,20.0,88.0,0.2
Josias Musasa,The KO Wizard,8,2,0,172.72,61.23,187.96,Southpaw,1998-10-10,3.19,45.0,4.39,36.0,0.9,50.0,81.0,0.5
Tofiq Musayev,,23,6,0,175.26,70.31,175.26,Orthodox,1989-12-15,1.84,46.0,1.74,50.0,2.3,60.0,50.0,0.0
Nicholas Musoke,Nico,13,5,01,182.88,77.11,190.5,Orthodox,1986-04-05,3.56,35.0,3.8,57.0,1.16,19.0,82.0,0.2
Andre Mussi,,11,5,0,190.5,109.77,,Orthodox,,0.0,0.0,10.59,35.0,0.0,0.0,0.0,0.0
Magomed Mustafaev,The Sniper,14,4,0,172.72,70.31,180.34,Orthodox,1988-08-02,2.59,58.0,2.68,41.0,3.31,50.0,23.0,0.4
Max Mustaki,,6,3,0,182.88,70.31,,Orthodox,1987-11-07,8.2,50.0,13.0,45.0,0.0,0.0,0.0,0.0
Elvis Mutapcic,The King,15,6,1,182.88,83.91,182.88,Orthodox,1986-07-19,3.41,40.0,4.27,38.0,0.0,0.0,81.0,0.0
Fiona Muxlow,,6,3,0,162.56,65.77,,,1977-05-13,1.44,27.0,5.45,34.0,0.0,0.0,0.0,0.0
Ho Bae Myeon,,13,5,1,180.34,76.2,,Orthodox,1986-11-01,3.16,16.0,3.16,83.0,0.0,0.0,0.0,0.0
Katsuhiko Nagata,,6,7,3,170.18,69.85,,Southpaw,1973-10-31,1.05,19.0,1.5,63.0,0.98,28.0,28.0,0.0
Yuji Nagata,,0,2,0,182.88,102.06,,Orthodox,1968-04-24,1.45,40.0,14.46,4.0,0.0,0.0,0.0,0.0
Greg Nagy,,1,3,0,185.42,95.25,,Orthodox,1983-10-18,0.41,50.0,2.69,37.0,0.0,0.0,0.0,1.2
Logan Nail,,1,1,0,,83.91,,,1989-06-20,1.93,51.0,2.27,39.0,0.0,0.0,37.0,0.0
Muhammad Naimov,Hillman,13,4,0,175.26,65.77,177.8,Orthodox,1994-08-07,2.51,40.0,3.35,44.0,1.49,30.0,68.0,0.2
Yukiya Naito,,15,6,2,185.42,92.99,,Orthodox,1977-02-28,1.54,33.0,5.13,60.0,0.0,0.0,0.0,0.0
Yura Naito,2 FACE,6,1,0,182.88,83.91,187.96,Orthodox,1996-04-26,1.22,44.0,5.33,28.0,1.67,9.0,0.0,0.0
Andrews Nakahara,,5,4,2,185.42,83.91,,Orthodox,1983-03-12,2.68,44.0,1.9,57.0,0.0,0.0,72.0,0.4
Rin Nakai,,19,2,1,154.94,61.23,,Orthodox,1986-10-22,1.57,33.0,3.9,60.0,3.0,18.0,75.0,0.5
Kazuhiro Nakamura,Kaz,21,13,0,180.34,92.99,177.8,Orthodox,1979-07-16,1.56,37.0,1.83,59.0,1.73,36.0,42.0,0.6
Keita Nakamura,K-Taro,34,10,21,180.34,77.11,185.42,Southpaw,1984-05-22,2.23,36.0,3.2,58.0,1.65,48.0,63.0,0.3
Daisuke Nakamura,,28,19,1,170.18,69.85,,Orthodox,1980-06-10,0.94,30.0,1.38,61.0,0.46,40.0,30.0,3.6
Yusaku Nakamura,,14,4,1,165.1,65.77,,,1986-06-21,1.72,45.0,3.67,55.0,0.0,0.0,83.0,0.0
Rinya Nakamura,Hybred,10,1,0,170.18,61.23,172.72,Southpaw,1995-03-23,3.27,52.0,1.72,63.0,2.58,81.0,100.0,1.4
Keiichiro Nakamura,,8,1,0,177.8,65.77,177.8,Southpaw,1998-12-02,4.48,41.0,4.28,63.0,0.0,0.0,78.0,0.0
Tokitaka Nakanishi,Toky,12,4,0,167.64,61.23,167.64,Orthodox,1996-07-28,1.1,44.0,1.57,45.0,3.0,37.0,0.0,0.0
Jutaro Nakao,,25,19,4,175.26,77.11,,Southpaw,1970-11-30,0.53,38.0,1.06,44.0,0.38,50.0,56.0,0.0
Yoshihiro Nakao,Kiss,9,3,02,182.88,99.79,,Southpaw,1972-06-25,1.73,35.0,2.06,64.0,2.69,46.0,0.0,0.5
Mandel Nallo,Mango,14,4,01,182.88,70.31,190.5,Orthodox,1989-07-26,8.26,58.0,5.03,54.0,0.0,0.0,100.0,0.0
Yui Chul Nam,The Korean Bulldozer,18,8,1,175.26,65.77,,Orthodox,1981-07-16,3.53,51.0,2.0,48.0,1.33,16.0,57.0,0.3
Tyson Nam,,21,14,1,170.18,56.7,172.72,Orthodox,1983-10-06,3.87,33.0,4.97,65.0,0.0,0.0,87.0,0.0
Rose Namajunas,Thug,15,8,0,165.1,56.7,165.1,Orthodox,1992-06-29,3.5,41.0,3.38,63.0,1.47,48.0,62.0,0.3
Yasuhito Namekawa,,25,16,4,175.26,92.99,,Orthodox,1974-10-27,0.14,50.0,3.65,38.0,2.11,25.0,0.0,4.2
Nad Narimani,Smiler,12,4,0,172.72,65.77,177.8,Orthodox,1987-04-14,3.33,42.0,3.0,58.0,1.92,41.0,70.0,0.0
Roger Narvaez,Silverback,8,3,0,190.5,83.91,,Southpaw,1983-09-09,2.12,37.0,3.32,64.0,0.0,0.0,50.0,0.9
Fabio Nascimento,Negao,11,6,0,177.8,83.91,,Orthodox,1981-03-18,2.94,38.0,4.63,55.0,0.0,0.0,55.0,0.8
Allan Nascimento,Puro Osso,22,6,0,172.72,56.7,175.26,Orthodox,1991-09-11,3.06,55.0,2.53,52.0,1.26,23.0,37.0,1.1
Rodrigo Nascimento,Ze Colmeia,11,3,01,187.96,111.58,203.2,Orthodox,1992-11-26,3.71,47.0,4.34,44.0,1.02,37.0,60.0,0.5
Bobby Nash,,8,4,0,182.88,77.11,187.96,Orthodox,1990-03-26,3.42,37.0,3.95,51.0,2.37,33.0,100.0,1.6
Reza Nasri,,0,1,0,180.34,92.99,,Orthodox,,0.0,0.0,0.0,0.0,0.0,0.0,0.0,0.0
Nasrudin Nasrudinov,,9,1,0,182.88,92.99,180.34,Orthodox,1991-10-06,1.03,87.0,0.29,75.0,2.2,50.0,40.0,0.0
Pawel Nastula,,5,6,0,182.88,104.33,,Southpaw,1970-06-26,1.3,43.0,1.73,50.0,3.0,60.0,0.0,1.5
Rafael Natal,Sapo,21,9,1,182.88,83.91,195.58,Orthodox,1982-12-25,3.1,47.0,2.48,57.0,2.55,34.0,77.0,0.5
Kevin Natividad,Quicksand,9,4,0,167.64,61.23,177.8,Orthodox,1993-04-02,2.68,34.0,4.29,47.0,3.66,50.0,83.0,0.0
Ismail Naurdiev,,25,8,0,177.8,83.91,187.96,Orthodox,1996-08-18,3.66,52.0,1.75,64.0,1.48,40.0,73.0,0.2
Danny Navarro,,17,7,0,177.8,70.31,,,1983-05-27,3.83,32.0,4.62,57.0,2.17,25.0,100.0,0.0
Marcio Navarro,The Locomotive,14,14,0,182.88,70.31,,,1978-09-17,0.0,0.0,0.0,0.0,0.0,0.0,0.0,0.0
Tafon Nchukwi,Da Don,6,4,0,182.88,83.91,195.58,Orthodox,1994-10-14,5.57,52.0,4.11,54.0,0.76,57.0,64.0,0.0
Dustin Neace,The Beast,25,21,11,175.26,65.77,175.26,,1986-09-12,2.08,32.0,2.66,56.0,0.0,0.0,0.0,1.7
Josh Neal,,5,11,0,182.88,83.91,,,,0.0,0.0,0.0,0.0,0.0,0.0,0.0,0.0
Joe Neal,Nine Lives,6,2,0,167.64,61.23,,,1986-07-29,1.87,19.0,3.8,66.0,0.0,0.0,0.0,0.0
Geoff Neal,Handz of Steel,16,8,0,180.34,77.11,190.5,Southpaw,1990-08-28,5.02,50.0,5.5,57.0,0.54,45.0,87.0,0.1
Stanislav Nedkov,Stucky,12,2,01,180.34,92.99,180.34,Orthodox,1981-12-09,3.33,43.0,5.39,43.0,2.77,41.0,0.0,0.0
Josh Neer,The Dentist,36,16,1,180.34,77.11,182.88,Orthodox,1983-03-24,3.29,46.0,3.63,58.0,1.09,34.0,46.0,1.3
Nicolae Negumereanu,,13,2,0,182.88,92.99,198.12,Orthodox,1994-09-04,3.58,41.0,5.56,39.0,1.02,28.0,62.0,0.0
Steve Nelmark,The Sandman,2,1,0,182.88,108.86,,Orthodox,,0.0,0.0,0.0,0.0,0.0,0.0,0.0,0.0
Shane Nelson,Sugar,16,7,0,175.26,70.31,177.8,Southpaw,1984-11-29,1.38,31.0,2.84,61.0,1.31,18.0,54.0,1.6
Roy Nelson,Big Country,22,14,0,182.88,119.29,185.42,Orthodox,1976-06-20,2.18,36.0,4.79,46.0,1.14,27.0,65.0,0.1
Gunnar Nelson,Gunni,19,6,1,180.34,77.11,182.88,Switch,1988-07-28,1.77,61.0,3.06,48.0,2.0,52.0,68.0,1.0
Kyle Nelson,The Monster,17,7,1,180.34,70.31,180.34,Switch,1991-04-20,3.6,45.0,4.58,53.0,1.18,23.0,66.0,0.5
Lissette Neri,,6,4,0,157.48,65.77,,,1987-08-05,0.0,0.0,0.0,0.0,0.0,0.0,0.0,0.0
Mario Neto,Sukata,13,5,0,182.88,103.87,,Orthodox,,1.89,50.0,1.89,70.0,2.84,100.0,0.0,0.0
Antonio Braga Neto,,9,3,01,190.5,83.91,195.58,Orthodox,1987-10-29,1.36,33.0,3.92,45.0,3.07,37.0,0.0,0.5
Eduardo Neves,Bebezao,7,2,0,187.96,119.29,198.12,Orthodox,2000-03-16,7.69,65.0,6.15,55.0,5.77,66.0,0.0,0.0
Julio Cesar Neves Jr.,Morceguinho,33,1,0,172.72,65.77,,,1994-04-25,1.98,35.0,4.81,51.0,1.06,25.0,76.0,0.0
Nick Newell,Notorious,14,2,0,177.8,70.31,,Southpaw,1986-03-17,3.53,46.0,4.07,36.0,0.0,0.0,33.0,0.0
Journey Newson,,10,5,01,165.1,61.23,170.18,Orthodox,1989-03-07,2.64,32.0,2.57,64.0,0.56,16.0,43.0,0.3
Jeff Newton,,4,2,0,187.96,92.99,,Sideways,1966-12-11,0.28,20.0,1.41,52.0,0.0,0.0,0.0,8.5
Carlos Newton,The Ronin,16,14,0,175.26,77.11,,Orthodox,1976-08-17,0.65,41.0,1.55,44.0,2.47,70.0,43.0,0.9
Emanuel Newton,The Hardcore Kid,26,12,1,185.42,92.99,,,1984-01-02,1.92,49.0,1.35,51.0,2.02,100.0,0.0,0.0
Francis Ngannou,The Predator,17,3,0,193.04,113.4,210.82,Orthodox,1986-09-05,2.33,41.0,2.16,41.0,0.76,62.0,71.0,0.3
Nghiem Van Y,,6,2,0,170.18,61.23,172.72,Orthodox,1999-05-15,3.84,54.0,1.83,71.0,0.0,0.0,90.0,0.0
Ben Nguyen,Ten,16,8,0,165.1,56.7,165.1,Switch,1988-08-03,3.51,40.0,3.01,59.0,0.25,33.0,63.0,1.0
Steven Nguyen,The Ninja,10,2,0,180.34,65.77,185.42,Switch,1993-05-19,7.47,42.0,7.1,60.0,0.24,100.0,88.0,0.0
Alex Nicholson,The Spartan,7,4,0,193.04,83.91,195.58,Orthodox,1990-05-02,4.12,43.0,4.65,47.0,0.0,0.0,50.0,0.5
Bo Nickal,,8,1,0,185.42,83.91,193.04,Southpaw,1996-01-14,3.35,61.0,2.07,59.0,3.1,55.0,100.0,2.5
Mike Nickels,,9,5,0,193.04,92.99,,Orthodox,1971-12-13,4.44,52.0,1.11,64.0,11.11,80.0,0.0,2.8
Matheus Nicolau,,19,6,1,167.64,56.7,167.64,Orthodox,1993-01-06,3.31,51.0,2.98,65.0,1.22,43.0,90.0,0.8
Stewart Nicoll,Kakamora,8,3,0,165.1,56.7,165.1,Orthodox,1996-04-11,3.63,39.0,5.84,49.0,1.63,11.0,28.0,0.0
Jaimelene Nievera,Queenie,7,4,0,165.1,56.7,,Orthodox,1984-10-28,1.67,53.0,8.73,33.0,1.79,16.0,0.0,0.0
Khomkrit Niimi,The Bumblebee,6,10,0,157.48,56.7,,,,0.0,0.0,5.73,44.0,0.0,0.0,0.0,0.0
Tom Niinimaki,Stoneface,22,8,1,175.26,65.77,175.26,Orthodox,1982-07-25,1.91,54.0,2.31,58.0,2.97,46.0,33.0,0.5
Ramsey Nijem,,9,6,0,180.34,70.31,190.5,Orthodox,1988-04-01,3.05,44.0,1.62,62.0,5.32,62.0,55.0,1.1
Hans Nijman,,9,7,0,182.88,113.4,,Switch,1959-10-23,0.0,0.0,0.0,0.0,0.0,0.0,0.0,0.0
Fedor Nikolov,,0,0,0,,,,,,0.0,0.0,0.0,0.0,0.0,0.0,0.0,0.0
Jack Nilson,,2,6,0,,,,,,0.0,0.0,0.0,0.0,0.0,0.0,0.0,0.0
Mats Nilsson,,11,4,1,185.42,77.11,,Orthodox,1983-12-05,2.99,39.0,5.62,63.0,3.87,83.0,44.0,2.3
Guangyou Ning,Smasher,5,4,1,162.56,65.77,162.56,Southpaw,1981-12-15,2.66,41.0,1.91,61.0,1.09,50.0,62.0,0.3
Soichi Nishida,,5,10,1,180.34,145.15,,Orthodox,1967-03-02,0.0,0.0,0.0,0.0,0.0,0.0,0.0,0.0
Yosuke Nishijima,,0,5,0,175.26,92.99,,Orthodox,1973-05-15,1.72,37.0,5.59,56.0,0.0,0.0,0.0,0.0
Yamato Nishikawa,,21,3,6,170.18,70.31,,Orthodox,2002-12-06,0.0,0.0,0.0,0.0,0.0,0.0,0.0,0.0
Akiyo Nishiura,Wicky Akiyo,13,8,1,172.72,63.05,,Southpaw,1983-08-08,1.59,57.0,1.26,57.0,0.0,0.0,52.0,0.3
Anthony Njokuani,The Assassin,16,12,01,185.42,70.31,190.5,Orthodox,1980-03-01,3.94,46.0,2.41,65.0,0.5,45.0,53.0,0.2
Chidi Njokuani,Bang Bang,25,12,01,190.5,77.11,203.2,Orthodox,1988-12-31,5.16,61.0,3.32,57.0,0.0,0.0,75.0,0.1
Derrick Noble,The Eraser,27,15,1,175.26,77.11,,Southpaw,1978-08-14,6.21,40.0,3.79,59.0,0.0,0.0,0.0,0.0
Kyle Noblitt,,11,2,0,187.96,110.22,,,1989-12-26,0.0,0.0,0.0,0.0,0.0,0.0,0.0,0.0
Pedro Nobre,The Rock,18,4,21,165.1,61.23,,,1986-02-13,1.37,30.0,9.16,35.0,0.0,0.0,0.0,0.0
Jacob Noe,Psycho,3,11,01,,92.99,,,1980-07-29,0.0,0.0,0.0,0.0,0.0,0.0,0.0,0.0
Antonio Rodrigo Nogueira,Minotauro,34,10,11,190.5,108.86,195.58,Orthodox,1976-06-02,1.95,42.0,2.4,55.0,1.3,29.0,36.0,2.4
Rogerio Nogueira,Minotouro,23,10,0,187.96,92.99,190.5,Southpaw,1976-06-02,2.43,35.0,2.34,59.0,0.64,44.0,62.0,0.8
Alexandre Franca Nogueira,Pequeno,18,6,3,170.18,65.77,,Orthodox,1978-01-15,0.6,20.0,4.18,57.0,0.0,0.0,0.0,0.0
Talita Nogueira,Treta,6,0,0,177.8,65.77,,,1985-10-13,0.0,0.0,0.0,0.0,0.0,0.0,0.0,0.0
Kyle Noke,,22,10,1,185.42,77.11,193.04,Southpaw,1980-03-18,3.23,50.0,2.09,64.0,1.53,54.0,66.0,0.8
Tom Nolan,Big Train,10,1,0,190.5,70.31,185.42,Southpaw,2000-03-08,5.87,45.0,4.73,48.0,0.74,22.0,71.0,1.9
Eric Nolan,Nightime,8,4,0,187.96,83.91,187.96,Orthodox,1997-09-13,3.14,39.0,5.13,41.0,0.0,0.0,71.0,0.0
Nick Nolte,,5,4,0,182.88,77.11,,,1981-03-04,0.0,0.0,0.0,0.0,0.0,0.0,0.0,0.0
KJ Noons,King,13,9,01,177.8,70.31,177.8,Orthodox,1982-12-07,3.68,35.0,3.78,65.0,0.08,20.0,68.0,0.0
Sage Northcutt,Super,11,2,0,182.88,77.11,180.34,Orthodox,1996-03-01,3.58,52.0,1.96,58.0,1.81,34.0,41.0,0.6
Jan Nortje,The Giant,2,6,0,185.42,140.61,,Southpaw,1975-04-11,3.32,51.0,4.5,32.0,0.0,0.0,66.0,2.9
Scott Norton,Hollywood,7,1,0,177.8,77.11,,Orthodox,1973-03-15,0.67,30.0,0.34,60.0,2.52,25.0,0.0,0.0
Shohei Nose,,12,5,2,167.64,61.23,172.72,Switch,1997-10-19,1.52,37.0,2.17,52.0,2.23,17.0,14.0,3.6
Jonatas Novaes,,13,5,0,180.34,77.11,,,1981-03-02,0.0,0.0,0.0,0.0,0.0,0.0,0.0,0.0
Jason Novelli,Flipside,11,3,1,182.88,70.31,,Orthodox,1979-06-08,1.73,24.0,3.55,66.0,0.7,33.0,100.0,0.0
Phillipe Nover,The Filipino Assassin,11,8,1,175.26,65.77,182.88,Orthodox,1984-02-03,1.79,35.0,2.48,56.0,0.99,28.0,44.0,0.7
Shayilan Nuerdanbieke,Wolverine,39,12,0,172.72,65.77,175.26,Orthodox,1994-05-04,1.95,45.0,2.64,50.0,3.3,35.0,28.0,0.2
Azamat Nuftillaev,Dragon,13,2,1,182.88,106.14,195.58,Orthodox,1994-01-01,0.6,56.0,1.6,25.0,4.0,44.0,0.0,0.0
Diego Nunes,The Gun,19,7,0,167.64,65.77,170.18,Orthodox,1982-11-30,2.72,43.0,2.59,58.0,1.18,44.0,65.0,0.6
Amanda Nunes,The Lioness,23,5,0,172.72,61.23,175.26,Orthodox,1988-05-30,4.55,51.0,2.62,57.0,2.73,54.0,82.0,0.7
Nina Nunes,,11,7,0,165.1,56.7,162.56,Orthodox,1985-12-03,4.39,45.0,3.47,55.0,0.24,33.0,73.0,0.5
Istela Nunes,,6,6,01,162.56,52.16,167.64,Orthodox,1992-07-23,4.28,47.0,4.07,59.0,0.0,0.0,47.0,0.0
Josiane Nunes,Josi,10,4,0,157.48,61.23,170.18,Southpaw,1993-12-23,5.65,43.0,5.76,51.0,0.0,0.0,58.0,0.0
Diyar Nurgozhay,,11,2,0,187.96,92.99,187.96,Southpaw,1997-04-22,4.52,59.0,2.81,61.0,1.37,75.0,80.0,0.0
Khabib Nurmagomedov,The Eagle,29,0,0,177.8,70.31,177.8,Orthodox,1988-09-20,4.1,48.0,1.75,65.0,5.32,48.0,84.0,0.8
Said Nurmagomedov,,18,5,0,172.72,61.23,177.8,Orthodox,1992-04-05,3.08,48.0,2.05,55.0,0.86,15.0,63.0,1.1
Abubakar Nurmagomedov,,17,4,1,180.34,77.11,182.88,Orthodox,1989-11-13,2.78,53.0,2.61,65.0,1.25,22.0,88.0,0.0
Umar Nurmagomedov,,20,1,0,172.72,61.23,175.26,Orthodox,1996-01-03,3.86,56.0,1.86,61.0,4.03,46.0,79.0,0.2
Adilet Nurmatov,Kok-Zhal,13,2,0,,70.31,,,1997-08-02,0.0,0.0,0.0,0.0,0.0,0.0,0.0,0.0
Kennedy Nzechukwu,Chosen,14,6,1,195.58,107.05,210.82,Southpaw,1992-06-13,4.96,46.0,4.58,51.0,0.5,45.0,80.0,0.2
Jake O'Brien,Irish,15,4,0,190.5,92.99,193.04,Orthodox,1984-09-25,1.31,31.0,1.92,69.0,6.39,54.0,25.0,0.2
TJ O'Brien,The Spider,20,8,0,187.96,70.31,,Orthodox,1987-01-01,3.77,46.0,4.78,57.0,0.94,100.0,0.0,0.0
Sean O'Connell,The Real OC,17,9,0,185.42,92.99,187.96,Orthodox,1983-09-02,5.46,48.0,6.77,45.0,0.0,0.0,30.0,0.5
Dan O'Connor,Johnny Irish,6,6,01,162.56,52.16,,,1982-11-17,4.0,56.0,5.1,54.0,0.0,0.0,100.0,0.0
Sean O'Haire,,4,2,0,195.58,122.47,,Orthodox,1971-02-25,8.28,57.0,22.76,21.0,0.0,0.0,0.0,0.0
Sean O'Malley,Suga,19,3,01,180.34,61.23,182.88,Switch,1994-10-24,6.05,60.0,3.4,60.0,0.24,42.0,60.0,0.2
Jeremiah O'Neal,,13,25,0,172.72,117.93,,,1977-10-25,1.15,40.0,7.5,23.0,0.0,0.0,0.0,0.0
Chuck O'Neil,Cold Steel,17,9,0,187.96,77.11,,,1985-09-22,3.13,37.0,4.4,72.0,0.0,0.0,0.0,0.0
Casey O'Neill,King,11,2,0,167.64,56.7,175.26,Orthodox,1997-10-07,7.89,52.0,5.53,57.0,1.4,34.0,70.0,0.7
Brendan O'Reilly,Badger,6,3,01,170.18,77.11,175.26,Orthodox,1987-06-24,1.9,47.0,2.77,39.0,2.22,43.0,36.0,0.6
Takahiro Oba,,5,7,1,172.72,90.72,,Southpaw,1976-08-14,0.23,25.0,1.82,69.0,0.0,0.0,0.0,0.0
Nobuhiro Obiya,,12,5,1,172.72,65.77,,Orthodox,1981-01-15,0.63,28.0,2.53,55.0,0.5,50.0,41.0,0.5
Jose Ochoa,Kalzifer,8,2,01,170.18,56.7,170.18,Southpaw,2000-12-31,3.01,37.0,2.33,60.0,0.43,50.0,59.0,1.3
Christian Ocon,,2,1,0,172.72,61.23,175.26,Orthodox,1996-02-05,1.73,53.0,5.27,34.0,0.0,0.0,63.0,0.0
Kaito Oda,,8,2,0,,56.7,,,1998-02-13,0.0,0.0,0.0,0.0,0.0,0.0,0.0,0.0
Richard Odoms,The Black Eagle,13,3,0,195.58,120.2,,Orthodox,1975-05-08,0.0,0.0,0.0,0.0,0.0,0.0,0.0,0.0
Volkan Oezdemir,No Time,21,8,0,187.96,92.99,190.5,Orthodox,1989-09-19,4.99,48.0,4.19,55.0,0.5,29.0,80.0,0.1
Kaan Ofli,Genghis,14,4,1,170.18,65.77,167.64,Orthodox,1993-06-19,2.33,45.0,3.34,54.0,0.38,7.0,0.0,0.4
Naoya Ogawa,,7,2,0,193.04,115.67,,Orthodox,1968-03-31,2.41,42.0,1.66,47.0,1.25,100.0,66.0,1.2
Trey Ogden,Shamurai,18,7,01,180.34,70.31,182.88,Orthodox,1989-11-14,3.2,50.0,3.49,55.0,1.89,32.0,100.0,0.7
Andy Ogle,The Little Axe,9,6,0,172.72,65.77,175.26,Orthodox,1989-02-16,2.24,44.0,2.23,50.0,1.44,26.0,58.0,0.0
Ho Taek Oh,Spider,7,2,1,,70.31,,,1993-07-20,0.0,0.0,0.0,0.0,0.0,0.0,0.0,0.0
Michiyoshi Ohara,,0,2,0,177.8,92.99,,Orthodox,1967-11-15,0.28,29.0,3.13,48.0,0.0,0.0,33.0,0.0
Koji Oishi,,25,10,10,172.72,77.11,,Orthodox,1977-05-31,1.43,9.0,17.86,43.0,0.0,0.0,0.0,0.0
Takayuki Okada,Giant Ochiai,3,3,2,185.42,131.54,,Orthodox,1973-05-08,0.0,0.0,0.0,0.0,0.0,0.0,0.0,0.0
Yushin Okami,Thunder,34,12,0,187.96,77.11,190.5,Southpaw,1981-07-21,2.06,38.0,2.25,60.0,1.98,39.0,84.0,0.5
JJ Okanovich,The Bosnian Bomber,7,1,0,180.34,70.31,193.04,Orthodox,1990-11-04,6.93,55.0,5.27,50.0,0.0,0.0,100.0,0.0
Bolaji Oki,The Zulu Warrior,10,4,0,177.8,70.31,185.42,Orthodox,1995-11-15,6.42,45.0,5.12,61.0,1.02,57.0,75.0,0.0
Kazuki Okubo,,7,9,0,180.34,79.38,,Orthodox,1979-06-30,1.53,38.0,1.97,46.0,0.51,25.0,36.0,2.0
Masakatsu Okuda,,8,5,0,,,,,1976-01-16,0.0,0.0,4.27,34.0,0.0,0.0,0.0,4.3
Aleksei Oleinik,The Boa Constrictor,60,17,1,187.96,108.86,203.2,Orthodox,1977-06-20,3.29,48.0,3.8,44.0,1.82,46.0,37.0,1.9
Michal Oleksiejczuk,Hussar,22,9,01,182.88,83.91,187.96,Southpaw,1995-02-22,5.85,53.0,4.5,59.0,1.02,42.0,52.0,0.0
Cezary Oleksiejczuk,,17,3,0,190.5,83.91,190.5,Southpaw,2000-01-06,1.99,86.0,0.77,47.0,5.77,85.0,100.0,0.0
Rafaello Oliveira,Tractor,17,8,0,172.72,70.31,180.34,Orthodox,1982-01-26,2.19,33.0,3.38,59.0,2.49,36.0,11.0,1.6
Charles Oliveira,Do Bronxs,37,11,01,177.8,70.31,187.96,Orthodox,1989-10-17,3.23,55.0,3.05,48.0,2.29,39.0,54.0,2.6
Jorge Oliveira,,5,3,11,185.42,92.99,,,,0.0,0.0,0.0,0.0,0.0,0.0,0.0,0.0
Ednaldo Oliveira,Lula,17,3,11,195.58,92.99,,Orthodox,1984-02-19,1.03,22.0,1.8,52.0,0.0,0.0,42.0,0.0
Alex Oliveira,Cowboy,22,12,12,180.34,77.11,193.04,Orthodox,1988-02-21,2.99,51.0,2.55,46.0,2.35,38.0,63.0,0.6
Maria Oliveira,Spider-Girl,13,7,0,167.64,52.16,175.26,Orthodox,1996-12-12,5.03,38.0,5.76,44.0,0.95,44.0,47.0,0.0
Bruno Oliveira,,8,2,0,193.04,92.99,203.2,Orthodox,1984-05-02,3.44,33.0,4.92,54.0,0.0,0.0,0.0,0.0
Saimon Oliveira,,18,7,0,162.56,61.23,182.88,Orthodox,1991-04-21,2.62,42.0,3.87,45.0,1.18,28.0,36.0,1.2
Vinicius Oliveira,LokDog,23,4,0,175.26,61.23,177.8,Switch,1995-11-30,4.73,43.0,2.7,57.0,1.45,46.0,70.0,0.2
Ravena Oliveira,Kenoudy,7,4,1,165.1,52.16,165.1,Orthodox,1997-02-20,1.91,30.0,3.72,46.0,0.88,50.0,46.0,0.0
Michael Oliveira,PQD,9,0,0,185.42,77.11,198.12,Orthodox,1998-01-21,8.4,51.0,3.36,66.0,0.0,0.0,100.0,0.0
Wendell Oliveira Marques,The Machine,29,10,0,177.8,77.11,,Orthodox,1983-06-01,3.77,47.0,4.4,47.0,0.0,0.0,100.0,0.0
Felipe Olivieri,,14,5,01,175.26,70.31,,Orthodox,1985-04-12,6.68,58.0,4.6,57.0,0.0,0.0,71.0,0.0
Andy Ologun,,3,1,0,182.88,69.85,,Orthodox,1983-06-12,2.36,57.0,0.32,85.0,0.68,100.0,80.0,0.0
Shana Olsen,Rock Solid,5,2,0,170.18,65.77,,,1980-12-17,0.0,0.0,0.0,0.0,0.0,0.0,0.0,0.0
Casey Olson,The Underdog,14,5,0,170.18,65.77,,Orthodox,,2.48,60.0,0.0,100.0,3.54,57.0,100.0,1.8
Dennis Olson,,14,11,0,182.88,77.11,,,,1.02,42.0,5.27,38.0,2.77,40.0,0.0,0.0
Cameron Olson,Cap'n Crunch,7,3,01,185.42,92.99,190.5,Orthodox,1989-11-22,3.13,47.0,2.2,57.0,3.0,42.0,100.0,1.0
Gadzhi Omargadzhiev,,13,2,0,185.42,77.11,180.34,Switch,1993-02-24,1.8,39.0,2.2,39.0,1.35,30.0,60.0,0.5
Alan Omer,,20,5,0,177.8,65.77,,Orthodox,1988-09-14,3.49,55.0,2.21,64.0,1.69,42.0,66.0,0.0
Daniel Omielanczuk,,19,8,11,182.88,112.04,187.96,Southpaw,1982-08-31,3.09,57.0,3.29,47.0,0.56,26.0,68.0,0.1
Michihiro Omigawa,,17,14,1,167.64,65.77,172.72,Orthodox,1975-12-19,2.01,39.0,3.06,64.0,1.19,36.0,49.0,1.5
David Onama,,14,3,0,180.34,65.77,187.96,Orthodox,1994-06-07,5.07,50.0,4.89,51.0,1.05,30.0,52.0,0.5
Charlie Ontiveros,American Bad Boy,11,9,0,187.96,70.31,187.96,Switch,1991-07-04,1.89,41.0,5.86,31.0,0.0,0.0,30.0,0.0
Chibwikem Onyenegecha,,5,0,0,190.5,83.91,,Orthodox,1994-04-18,5.6,55.0,3.4,52.0,0.0,0.0,100.0,0.0
Myktybek Orolbai,,16,2,1,177.8,77.11,187.96,Orthodox,1998-02-10,2.78,50.0,2.7,51.0,8.77,59.0,40.0,0.5
Sam Oropeza,,13,3,0,187.96,77.11,,,1985-06-17,7.68,56.0,1.44,70.0,3.6,33.0,100.0,0.0
Brian Ortega,T-City,16,5,01,172.72,70.31,175.26,Switch,1991-02-21,3.84,37.0,6.38,49.0,0.93,25.0,54.0,0.9
Tito Ortiz,The People's Champ,19,12,1,190.5,92.99,187.96,Orthodox,1975-01-23,2.59,46.0,2.88,60.0,2.47,35.0,54.0,0.6
Jorge Ortiz,The Naked Man,18,9,11,182.88,83.91,,Orthodox,,3.53,58.0,2.8,73.0,0.0,0.0,0.0,0.0
Dustin Ortiz,,19,8,0,165.1,56.7,165.1,Orthodox,1988-12-25,2.94,44.0,2.17,56.0,3.01,36.0,52.0,0.1
Kenji Osawa,,20,11,2,170.18,61.23,167.64,Orthodox,1976-11-04,2.34,35.0,2.14,63.0,0.91,58.0,68.0,0.7
Ode Osbourne,The Jamaican Sensation,13,9,02,170.18,56.7,185.42,Southpaw,1992-01-09,2.94,40.0,3.24,49.0,0.94,29.0,66.0,0.4
Kurt Osiander,,4,1,0,,83.91,,,,0.0,0.0,0.0,0.0,0.0,0.0,0.0,0.0
Nick Osipczak,,6,3,0,187.96,77.11,193.04,Orthodox,1984-12-30,2.83,50.0,3.77,50.0,1.2,45.0,71.0,1.0
Nissen Osterneck,,12,4,0,187.96,83.91,,Orthodox,1981-05-01,3.15,58.0,2.9,41.0,0.63,12.0,42.0,1.3
Rachael Ostovich,,4,6,0,160.02,56.7,157.48,Orthodox,1991-02-25,2.54,43.0,3.97,57.0,2.03,83.0,66.0,0.8
Pedro Otavio,Te Pedro,19,8,0,190.5,111.13,,Orthodox,1967-12-17,0.0,0.0,0.0,0.0,0.0,0.0,0.0,0.0
Alexander Otsuka,The Diet Butcher,5,13,0,185.42,92.99,,Orthodox,1971-07-17,0.9,55.0,1.16,51.0,1.51,43.0,53.0,0.8
Takafumi Otsuka,,22,13,2,167.64,63.05,,Orthodox,1986-08-22,1.29,27.0,2.12,67.0,1.64,27.0,65.0,0.0
Quemuel Ottoni,,12,3,0,182.88,70.31,182.88,Orthodox,1992-10-22,0.0,0.0,0.0,0.0,0.0,0.0,0.0,0.0
Zak Ottow,The Barbarian,17,7,0,180.34,77.11,182.88,Orthodox,1986-12-22,2.63,36.0,2.73,58.0,0.97,29.0,57.0,0.4
Artur Oumakhanov,,9,6,0,170.18,69.85,,Orthodox,1979-02-27,1.2,33.0,1.67,82.0,3.0,75.0,33.0,0.0
Sidney Outlaw,,8,4,0,172.72,77.11,187.96,Orthodox,1992-04-11,0.13,33.0,0.8,71.0,3.0,75.0,0.0,3.0
Alistair Overeem,The Demolition Man,47,19,01,193.04,120.2,203.2,Orthodox,1980-05-17,3.67,64.0,2.44,57.0,1.42,55.0,73.0,0.8
Valentijn Overeem,,30,32,0,190.5,104.33,,Orthodox,1976-08-17,0.93,34.0,1.49,58.0,1.86,50.0,0.0,4.7
Craig Oxley,,0,3,0,175.26,70.31,,,1973-02-14,0.0,0.0,0.0,0.0,0.0,0.0,0.0,0.0
Shungo Oyama,,14,19,0,180.34,83.91,,Southpaw,1974-04-11,0.64,25.0,1.96,57.0,1.07,57.0,62.0,0.5
Ren Ozaki,,6,1,2,170.18,61.23,172.72,Orthodox,2001-12-15,1.2,35.0,1.07,55.0,0.0,0.0,36.0,0.0
Alptekin Ozkilic,The Turkish Delight,9,5,0,165.1,56.7,165.1,Orthodox,1986-03-27,3.81,32.0,5.72,59.0,4.21,58.0,75.0,0.0
Raquel Pa'aluhi,Rocky,6,5,0,170.18,61.23,,,1990-10-14,1.71,56.0,3.42,46.0,0.0,0.0,18.0,0.0
Nick Pace,,8,3,0,170.18,61.23,172.72,Orthodox,1987-04-17,1.48,34.0,3.14,57.0,2.52,43.0,54.0,0.5
Jimmie Pace,Big Bucks,7,2,0,,83.91,,,1996-04-09,0.0,0.0,0.0,0.0,0.0,0.0,0.0,0.0
Larissa Pacheco,,10,2,0,170.18,61.23,,Orthodox,1994-09-07,1.21,19.0,4.14,55.0,0.0,0.0,0.0,0.0
Angel Pacheco,,7,4,0,172.72,61.23,177.8,Orthodox,1992-01-13,7.58,36.0,10.56,41.0,0.33,50.0,16.0,0.0
Teemu Packalen,Pacu,8,3,0,185.42,70.31,190.5,Orthodox,1987-05-22,2.57,54.0,3.91,47.0,2.31,25.0,100.0,1.5
George Pacurariu,Constantine,10,5,0,170.18,61.23,,,1984-07-28,4.69,53.0,2.68,63.0,5.03,100.0,100.0,5.0
Cyrillo Padilha,,3,3,0,180.34,70.31,,,1978-01-23,0.0,0.0,0.0,0.0,0.0,0.0,0.0,0.0
Gary Padilla,,12,6,0,180.34,92.99,,,1980-05-04,2.2,27.0,2.0,76.0,0.0,0.0,50.0,0.0
Fernando Padilla,El Valiente,16,6,0,185.42,65.77,193.04,Orthodox,1996-12-15,6.07,40.0,5.74,52.0,0.0,0.0,100.0,0.6
Chris Padilla,Taco,17,6,1,175.26,70.31,187.96,Orthodox,1995-09-14,6.19,54.0,4.88,49.0,1.13,28.0,80.0,0.3
Damacio Page,The Angel of Death,19,10,0,167.64,61.23,167.64,Orthodox,1982-09-30,2.05,38.0,2.47,51.0,2.63,64.0,23.0,0.9
Michael Page,Venom,25,3,0,190.5,77.11,200.66,Switch,1987-04-07,2.28,58.0,1.51,62.0,0.19,16.0,70.0,0.0
Dustin Pague,The Disciple,12,11,0,175.26,61.23,187.96,Orthodox,1987-08-05,1.65,53.0,2.96,41.0,1.03,44.0,55.0,2.6
Josh Paiva,,8,2,0,167.64,56.7,,,1991-04-05,0.0,0.0,0.0,0.0,0.0,0.0,0.0,0.0
Raulian Paiva,,21,5,0,172.72,61.23,175.26,Orthodox,1995-10-17,4.14,42.0,5.01,48.0,0.65,23.0,77.0,0.2
Dinis Paiva Jr.,Sweetbread,13,8,0,175.26,65.77,180.34,Southpaw,1988-05-26,2.6,41.0,2.73,67.0,0.0,0.0,81.0,0.0
Fredson Paixao,,10,5,01,167.64,65.77,167.64,Orthodox,1979-05-13,1.71,54.0,2.31,62.0,0.62,11.0,10.0,2.2
Luis Pajuelo,Corazon de Leon,8,2,0,177.8,65.77,175.26,Orthodox,1994-12-18,6.03,57.0,8.2,52.0,0.0,0.0,66.0,0.0
Jose Palacios,,3,2,0,175.26,65.77,,Orthodox,1982-11-10,2.67,70.0,1.0,79.0,0.0,0.0,50.0,1.7
Ricky Palacios,El Gallero,10,1,0,167.64,65.77,,Orthodox,1987-07-05,7.73,53.0,3.27,59.0,0.0,0.0,100.0,0.0
Bart Palaszewski,Bartimus,36,17,0,175.26,65.77,177.8,Orthodox,1983-05-30,2.67,32.0,3.97,57.0,0.65,31.0,53.0,0.5
Sasha Palatnikov,,6,4,0,185.42,77.11,182.88,Switch,1989-03-15,6.69,53.0,5.44,52.0,0.72,100.0,70.0,0.0
Soa Palelei,The Hulk,22,5,0,193.04,120.2,205.74,Orthodox,1977-07-12,2.47,57.0,2.68,48.0,2.2,47.0,66.0,0.0
Rousimar Palhares,Toquinho,19,8,0,172.72,77.11,180.34,Orthodox,1980-02-26,1.75,51.0,2.04,59.0,3.93,45.0,0.0,4.1
Tulio Palhares,,2,16,0,,81.65,,,,0.0,0.0,0.0,0.0,0.0,0.0,0.0,0.0
Stephen Palling,Bozo,11,7,1,162.56,64.86,,,1967-01-29,0.0,0.0,0.0,0.0,0.0,0.0,0.0,0.0
Eduardo Pamplona,,16,4,0,180.34,77.11,,,1973-02-20,0.0,0.0,0.0,0.0,0.0,0.0,0.0,0.0
Ruel Panales,,6,2,01,165.1,56.7,170.18,Southpaw,1996-12-07,2.53,51.0,5.6,46.0,1.0,20.0,50.0,0.0
Yuri Panferov,The Russian Polar Bear,9,1,0,185.42,83.91,182.88,Orthodox,1996-08-30,3.65,50.0,2.55,60.0,2.64,57.0,36.0,0.0
Alexandre Pantoja,The Cannibal,30,6,0,165.1,56.7,170.18,Orthodox,1990-04-16,4.38,50.0,3.88,49.0,2.79,47.0,69.0,1.0
Jared Papazian,The Jackhammer,20,13,01,172.72,61.23,170.18,Southpaw,1988-02-01,3.33,39.0,3.81,44.0,0.0,0.0,50.0,0.0
Kathryn Paprocki,,3,2,0,160.02,52.16,160.02,Orthodox,1993-04-28,1.0,23.0,4.27,43.0,0.0,0.0,0.0,0.0
Joe Pardo,,4,6,0,185.42,95.25,,Southpaw,,0.0,0.0,0.0,0.0,0.0,0.0,0.0,0.0
Bryan Pardoe,Pain Inducer,13,16,0,185.42,92.99,,Orthodox,1968-10-22,1.11,36.0,4.59,45.0,4.75,40.0,33.0,0.0
Remco Pardoel,Grizzly,9,6,12,190.5,117.93,,Southpaw,1969-05-23,0.0,0.0,0.0,0.0,0.0,0.0,0.0,0.0
Ido Pariente,,13,6,0,172.72,70.31,,Orthodox,1978-08-31,0.0,0.0,2.86,45.0,0.0,0.0,0.0,0.0
Josh Parisian,,15,8,0,193.04,120.2,200.66,Orthodox,1989-06-28,4.55,48.0,4.88,41.0,0.98,33.0,46.0,0.2
Karo Parisyan,The Heat,24,11,01,177.8,77.11,182.88,Orthodox,1982-08-28,2.49,41.0,2.19,58.0,5.27,59.0,59.0,1.0
Won Sik Park,Parky,11,7,11,180.34,69.85,,Orthodox,1986-12-16,2.6,43.0,2.2,47.0,0.0,0.0,0.0,0.0
JunYong Park,The Iron Turtle,19,7,0,177.8,83.91,185.42,Orthodox,1991-02-27,4.64,51.0,3.82,51.0,1.69,42.0,54.0,0.8
Harvey Park,Fightbot,12,3,0,182.88,70.31,177.8,Orthodox,1986-03-22,3.77,50.0,7.21,33.0,0.0,0.0,0.0,0.0
HyunSung Park,Peace of Mind,10,2,0,170.18,56.7,167.64,Orthodox,1995-11-04,3.38,41.0,3.14,55.0,1.5,31.0,47.0,1.8
JaeHyun Park,The First Prospect,8,4,0,172.72,70.31,185.42,Orthodox,2001-12-10,1.75,67.0,1.36,45.0,2.31,85.0,22.0,0.4
EoJin Park,Young Boss,9,2,1,182.88,65.77,180.34,Orthodox,2001-12-26,3.78,40.0,3.92,47.0,0.0,0.0,0.0,0.0
Bo Hyun Park,The Witch,8,3,0,,52.16,,,1999-05-14,0.0,0.0,0.0,0.0,0.0,0.0,0.0,0.0
Norman Parke,Stormin',23,6,1,180.34,70.31,177.8,Southpaw,1986-12-22,3.06,35.0,2.88,64.0,1.98,26.0,77.0,0.0
Ryan Parker,,0,1,0,190.5,106.59,,Southpaw,,0.0,0.0,0.0,0.0,0.0,0.0,0.0,0.0
Larry Parker,,13,6,1,180.34,92.99,,Orthodox,1963-08-15,0.0,0.0,0.0,0.0,0.0,0.0,0.0,0.0
Tyra Parker,,4,5,0,165.1,52.16,,Orthodox,1989-09-18,1.5,22.0,9.0,14.0,0.0,0.0,0.0,0.0
Mick Parkin,,10,1,0,193.04,120.2,200.66,Orthodox,1995-10-02,4.7,50.0,4.13,58.0,1.38,46.0,50.0,0.2
Willie Parks,Slick,5,2,0,177.8,83.91,,,1983-11-04,0.0,0.0,0.0,0.0,0.0,0.0,0.0,0.0
Jordan Parsons,Pretty Boy,11,2,0,175.26,65.77,,,1990-08-26,3.29,40.0,2.37,60.0,1.54,21.0,50.0,1.0
Preston Parsons,Pressure,11,6,0,180.34,77.11,180.34,Orthodox,1995-07-15,3.54,51.0,3.25,54.0,3.46,36.0,71.0,2.3
Jonny Parsons,The Sluggernaut,9,3,0,175.26,77.11,175.26,Orthodox,1991-09-06,4.65,44.0,4.89,60.0,0.0,0.0,66.0,0.0
Onassis Parungao,,2,1,0,180.34,90.72,,,,0.0,0.0,0.0,0.0,0.0,0.0,0.0,0.0
Ramona Pascual,,6,5,0,170.18,61.23,167.64,Southpaw,1988-09-23,3.87,57.0,8.43,46.0,1.81,19.0,100.0,0.0
Quentin Pasley,,3,0,0,,92.99,,,,0.0,0.0,0.0,0.0,0.0,0.0,0.0,0.0
Billy Pasulatan,,10,3,0,165.1,56.7,167.64,Switch,1991-08-07,0.65,20.0,5.22,48.0,0.0,0.0,0.0,4.9
Guilherme Pat,Kong,6,1,0,198.12,120.2,205.74,Orthodox,1994-04-20,2.7,61.0,2.03,51.0,0.0,0.0,100.0,0.0
Jhonoven Pati,The Samoan Savage,6,4,0,185.42,83.91,190.5,Switch,1990-08-29,2.88,53.0,6.13,33.0,2.7,100.0,0.0,0.0
Windri Patilima,,8,1,0,167.64,70.31,180.34,Southpaw,1993-07-19,0.31,50.0,7.64,31.0,0.0,0.0,0.0,0.0
Jorge Patino,Macaco,38,19,22,172.72,77.11,,Orthodox,1973-08-05,1.33,30.0,3.14,53.0,0.54,25.0,50.0,0.0
Russell Patrick,,6,4,0,175.26,65.77,,,1984-09-30,0.0,0.0,0.0,0.0,0.0,0.0,0.0,0.0
Claude Patrick,The Prince,14,2,0,180.34,77.11,190.5,Orthodox,1980-06-14,1.8,55.0,0.89,69.0,2.32,53.0,84.0,1.7
Alan Patrick,Nuguette,15,4,01,180.34,70.31,187.96,Southpaw,1983-07-19,1.82,40.0,2.95,43.0,3.01,33.0,43.0,0.3
Michael Patt,,12,4,0,182.88,92.99,,Orthodox,,1.65,28.0,5.53,55.0,0.0,0.0,0.0,0.0
Justin Patterson,The Tactician,9,3,0,177.8,77.11,,,1985-12-07,0.0,0.0,0.0,0.0,0.0,0.0,0.0,0.0
Sam Patterson,,14,3,1,190.5,77.11,198.12,Orthodox,1996-04-30,2.62,37.0,3.06,50.0,0.82,50.0,33.0,1.6
Zac Pauga,The High Chief,7,3,0,187.96,92.99,193.04,Orthodox,1988-02-25,4.46,62.0,2.73,58.0,0.38,7.0,100.0,0.0
Julio Paulino,The Dominican Demon,23,5,0,182.88,77.11,,Orthodox,1975-12-04,0.97,27.0,1.87,48.0,0.0,0.0,37.0,0.5
Thomas Paull,Juggernaut,11,4,0,170.18,70.31,170.18,Orthodox,1994-10-15,7.33,33.0,8.67,64.0,0.0,0.0,0.0,0.0
Sergei Pavlovich,,20,3,0,190.5,116.57,213.36,Southpaw,1992-05-13,4.43,44.0,3.62,55.0,0.48,25.0,75.0,0.0
Pawel Pawlak,,12,3,0,182.88,77.11,185.42,Orthodox,1989-02-08,1.67,33.0,2.22,53.0,1.0,37.0,70.0,0.0
Estevan Payan,El Terrible,16,12,01,177.8,65.77,,Orthodox,1982-03-14,4.25,42.0,3.58,57.0,0.36,100.0,60.0,0.4
Sarah Payant,Soulja,1,4,0,162.56,52.16,,,,0.29,16.0,2.06,30.0,0.0,0.0,0.0,0.0
Roland Payne,,0,1,0,175.26,92.99,,Orthodox,,0.0,0.0,0.0,0.0,0.0,0.0,0.0,0.0
Jonathan Pearce,JSP,14,7,0,182.88,65.77,180.34,Switch,1992-05-01,5.12,54.0,3.32,54.0,5.02,50.0,55.0,0.8
Joe Pearson,The Triangular Strangler,45,30,1,177.8,65.77,,Orthodox,1978-03-28,0.59,18.0,3.51,33.0,0.0,0.0,0.0,4.4
Ross Pearson,The Real Deal,20,16,01,172.72,70.31,175.26,Orthodox,1984-09-26,3.68,40.0,4.09,62.0,0.74,35.0,75.0,0.0
Andre Pederneiras,,1,1,2,172.72,70.31,,Orthodox,1967-03-22,0.0,0.0,0.0,0.0,0.0,0.0,0.0,0.0
Carlo Pedersoli Jr.,Semento,11,3,0,180.34,77.11,190.5,Southpaw,1993-06-08,4.17,37.0,4.12,61.0,2.91,44.0,0.0,0.0
Matt Pedro,,3,1,0,,,,,,0.0,0.0,0.0,0.0,0.0,0.0,0.0,0.0
Tyson Pedro,,10,5,0,190.5,92.99,200.66,Orthodox,1991-09-17,2.9,59.0,2.39,56.0,0.76,30.0,50.0,0.8
Trevor Peek,,9,3,01,175.26,65.77,177.8,Switch,1995-01-09,4.39,53.0,3.88,43.0,1.45,50.0,52.0,0.0
Willie Peeters,,9,10,1,175.26,99.79,,Orthodox,1965-10-26,0.0,0.0,0.0,0.0,0.0,0.0,0.0,0.0
Filip Pejic,,12,2,2,172.72,61.23,,Orthodox,1992-07-21,0.0,0.0,0.88,33.0,0.0,0.0,0.0,0.0
Kurt Pellegrino,Batman,16,7,0,172.72,70.31,177.8,Orthodox,1979-05-07,2.45,43.0,1.94,63.0,2.9,54.0,69.0,0.8
Yan Pellerin,Wild Thing,11,13,0,180.34,92.99,,Orthodox,1980-03-20,0.59,25.0,0.89,66.0,4.43,100.0,0.0,0.0
Julianna Pena,The Venezuelan Vixen,13,6,0,167.64,61.23,175.26,Orthodox,1989-08-19,3.1,44.0,2.56,57.0,1.7,54.0,24.0,0.8
Luis Pena,Violent Bob Ross,9,3,0,190.5,70.31,190.5,Southpaw,1993-07-05,3.66,46.0,3.12,51.0,1.17,33.0,48.0,1.2
Felipe Pena,Preguica,0,0,0,,,,,1991-10-19,0.0,0.0,0.0,0.0,0.0,0.0,0.0,0.0
Matej Penaz,Money,6,1,0,190.5,83.91,210.82,Southpaw,1996-10-14,1.28,33.0,2.55,33.0,0.0,0.0,0.0,0.0
Sherman Pendergarst,The Tank,11,18,01,185.42,106.59,,Orthodox,1967-08-01,1.23,36.0,3.08,16.0,4.62,100.0,0.0,0.0
Drew Pendleton,,5,0,0,,65.77,,,1983-12-08,0.0,0.0,0.0,0.0,0.0,0.0,0.0,0.0
Cathal Pendred,The Punisher,17,4,1,185.42,77.11,190.5,Orthodox,1987-09-02,2.49,44.0,3.01,55.0,2.46,23.0,83.0,0.4
BJ Penn,The Prodigy,16,14,2,175.26,70.31,177.8,Orthodox,1978-12-13,2.76,48.0,3.2,56.0,1.19,55.0,74.0,0.5
Jessica Penne,,14,9,0,165.1,52.16,170.18,Orthodox,1983-01-30,2.63,33.0,5.05,45.0,1.29,18.0,36.0,0.5
Nick Penner,The Quiet Assassin,11,3,0,193.04,92.99,,Southpaw,1980-03-26,1.25,30.0,4.6,38.0,0.0,0.0,40.0,0.0
Justin Pennington,,3,3,0,162.56,,,,,0.0,0.0,0.0,0.0,0.0,0.0,0.0,0.0
Raquel Pennington,Rocky,16,10,0,170.18,61.23,170.18,Orthodox,1988-09-05,4.1,49.0,3.32,61.0,0.83,27.0,62.0,0.6
Tecia Pennington,Tiny Tornado,15,8,0,154.94,52.16,152.4,Orthodox,1989-08-16,4.73,48.0,3.48,61.0,0.56,14.0,62.0,0.1
Jerron Peoples,,4,3,0,182.88,77.11,,,1982-05-04,0.0,0.0,0.0,0.0,0.0,0.0,0.0,0.0
Godofredo Pepey,,13,6,0,170.18,65.77,185.42,Orthodox,1987-07-02,2.32,38.0,3.23,47.0,0.37,7.0,35.0,1.5
Ray Perales,Relentless,13,22,0,177.8,77.11,,Orthodox,1975-07-02,0.18,25.0,2.39,32.0,0.0,0.0,33.0,0.0
Robert Peralta,Problems,18,8,01,172.72,65.77,180.34,Orthodox,1986-03-14,3.76,44.0,2.97,53.0,0.59,66.0,65.0,0.0
Viviane Pereira,Sucuri,13,2,0,154.94,52.16,160.02,Orthodox,1993-08-28,2.7,30.0,4.48,58.0,0.25,100.0,28.0,0.2
Michel Pereira,Demolidor,32,14,02,185.42,83.91,185.42,Orthodox,1993-10-06,4.46,51.0,4.4,51.0,1.21,56.0,75.0,0.7
Alex Pereira,Poatan,13,3,0,193.04,92.99,200.66,Orthodox,1987-07-07,5.16,62.0,3.5,53.0,0.11,50.0,79.0,0.2
Daniel Pereira,Gaucho,9,2,0,177.8,83.91,,,1990-12-13,0.0,0.0,0.0,0.0,0.0,0.0,0.0,0.0
Luciano Pereira,El Torito,13,1,0,,56.7,,Orthodox,2001-01-09,0.0,0.0,0.0,0.0,0.0,0.0,0.0,0.0
Alice Pereira,Golden Girl,7,1,0,172.72,61.23,180.34,Orthodox,2005-12-20,2.83,36.0,3.11,66.0,0.0,0.0,75.0,0.0
Rolando Perez,,7,5,2,172.72,61.23,,Orthodox,,4.23,36.0,4.83,63.0,0.0,0.0,100.0,0.0
Philip Perez,,7,5,12,165.1,70.31,,Southpaw,,1.36,100.0,0.68,66.0,10.23,100.0,0.0,10.2
Erik Perez,Goyito,17,6,0,172.72,61.23,172.72,Orthodox,1989-11-19,3.16,40.0,2.09,66.0,3.16,55.0,69.0,0.2
Alejandro Perez,Turbo,23,9,1,167.64,61.23,170.18,Orthodox,1989-09-02,3.45,35.0,3.18,61.0,0.54,22.0,70.0,0.3
Frankie Perez,,10,4,0,180.34,70.31,185.42,Orthodox,1989-05-11,1.64,41.0,2.17,54.0,1.75,41.0,50.0,0.3
Jose Perez,,1,0,0,,,,,,0.0,0.0,0.0,0.0,0.0,0.0,0.0,0.0
Alex Perez,,26,10,0,167.64,56.7,165.1,Orthodox,1992-03-21,4.41,46.0,3.2,59.0,2.21,48.0,75.0,0.7
Markus Perez,Maluko,12,5,0,185.42,83.91,185.42,Orthodox,1988-06-22,2.6,47.0,3.72,52.0,0.81,25.0,77.0,1.0
Ailin Perez,Fiona,13,2,0,165.1,61.23,167.64,Switch,1994-10-05,2.88,56.0,1.58,56.0,4.9,49.0,72.0,0.2
Cristian Perez,El Puas,13,2,0,175.26,70.31,182.88,Orthodox,1999-08-17,1.31,44.0,3.23,41.0,3.46,37.0,100.0,1.1
Rafael Pergentino,,5,1,0,185.42,92.99,193.04,Orthodox,2002-01-08,0.0,0.0,32.0,0.0,0.0,0.0,0.0,0.0
Brando Pericic,The Balkan Bear,7,1,0,195.58,111.13,200.66,Orthodox,1994-08-03,12.91,64.0,3.23,55.0,0.0,0.0,80.0,0.0
Anthony Perosh,The Hippo,15,10,0,190.5,92.99,190.5,Orthodox,1972-10-05,2.27,43.0,3.77,53.0,2.03,22.0,33.0,1.1
Thiago Perpetuo,Bodao,9,4,1,177.8,77.11,,Orthodox,1987-12-14,5.39,69.0,3.51,51.0,2.82,50.0,66.0,0.0
Hernani Perpetuo,,18,5,01,182.88,77.11,,Orthodox,1985-05-24,2.73,29.0,4.37,55.0,0.0,0.0,37.0,0.5
Jay Perrin,The Joker,10,7,0,170.18,61.23,170.18,Switch,1993-06-15,3.71,46.0,3.9,44.0,2.83,52.0,58.0,0.0
Mike Perry,Platinum,14,8,0,177.8,77.11,180.34,Orthodox,1991-09-15,4.32,47.0,5.16,52.0,0.81,40.0,78.0,0.2
Raphael Pessoa,Bebezao,10,2,0,190.5,118.84,198.12,Orthodox,1989-03-09,2.16,26.0,3.43,42.0,0.0,0.0,100.0,0.0
Viktor Pesta,,10,4,0,190.5,108.86,195.58,Orthodox,1990-07-15,1.58,36.0,2.54,56.0,3.29,28.0,100.0,0.0
Leiticia Pestova,,0,2,0,167.64,61.23,,Orthodox,1984-01-15,0.0,0.0,24.62,44.0,0.0,0.0,0.0,0.0
Tony Petarra,,2,3,1,180.34,88.9,,Orthodox,1966-11-08,0.0,0.0,0.0,0.0,0.0,0.0,0.0,0.0
Tommy Petersen,,2,3,0,,70.31,,,,0.0,0.0,0.0,0.0,0.0,0.0,0.0,0.0
Thomas Petersen,The Train,11,4,0,185.42,113.4,187.96,Southpaw,1995-03-30,3.1,59.0,2.61,54.0,3.01,43.0,87.0,0.4
Cory Peterson,LA Giant,2,1,0,210.82,181.44,,Orthodox,1979-02-04,2.17,60.0,6.51,40.0,0.0,0.0,0.0,0.0
Steven Peterson,Ocho,19,11,0,177.8,65.77,177.8,Orthodox,1990-05-29,4.76,40.0,5.94,53.0,1.42,26.0,64.0,0.7
Vitor Petrino,,14,2,0,187.96,102.06,195.58,Orthodox,1997-08-28,3.24,48.0,2.71,51.0,2.6,46.0,79.0,0.7
Andre Petroski,,13,6,0,182.88,83.91,185.42,Switch,1991-06-12,2.81,49.0,2.79,53.0,3.15,51.0,86.0,1.3
Armen Petrosyan,Superman,9,5,0,190.5,83.91,180.34,Orthodox,1990-11-03,5.84,53.0,3.31,53.0,0.17,33.0,41.0,0.0
Ivana Petrovic,,7,3,0,172.72,56.7,177.8,Southpaw,1994-06-11,1.91,41.0,2.05,56.0,2.12,38.0,61.0,0.8
Seth Petruzelli,The Silverback,14,8,0,182.88,92.99,193.04,Orthodox,1979-12-03,2.17,41.0,2.08,55.0,0.46,50.0,47.0,2.3
Peter Petties,The Joker,5,3,01,180.34,65.77,182.88,Southpaw,1990-12-20,2.61,29.0,8.24,48.0,0.0,0.0,0.0,0.0
Anthony Pettis,Showtime,24,10,0,177.8,70.31,182.88,Orthodox,1987-01-27,3.05,47.0,3.44,54.0,0.61,50.0,60.0,1.1
Sergio Pettis,,18,5,0,167.64,56.7,175.26,Orthodox,1993-08-18,3.88,37.0,2.91,65.0,0.85,40.0,67.0,0.4
Forrest Petz,The Meat Cleaver,26,10,0,175.26,77.11,180.34,Orthodox,1975-09-22,2.27,29.0,2.2,57.0,1.3,100.0,66.0,0.0
Dino Pezao,,1,3,0,,92.99,,Orthodox,,0.66,30.0,3.28,31.0,0.0,0.0,0.0,0.0
Cody Pfister,The Fist,13,6,1,177.8,70.31,185.42,Orthodox,1990-07-12,1.41,25.0,2.8,51.0,2.82,30.0,0.0,0.0
Nam Phan,,21,17,0,167.64,61.23,177.8,Orthodox,1983-03-13,4.52,37.0,6.55,59.0,0.18,18.0,60.0,0.2
Constantinos Philippou,,13,5,01,180.34,83.91,185.42,Orthodox,1979-11-29,2.19,35.0,2.73,54.0,0.4,42.0,65.0,0.3
Wayne Phillips,,7,7,0,,83.91,,,1983-06-17,0.0,0.0,0.0,0.0,0.0,0.0,0.0,0.0
Dave Phillips,The Rockstar,13,7,0,182.88,83.91,,Orthodox,1980-01-12,0.0,0.0,2.0,25.0,0.0,0.0,0.0,10.0
Aaron Phillips,The Dragon,12,5,0,175.26,61.23,180.34,Southpaw,1989-08-05,1.51,53.0,3.66,43.0,0.86,50.0,44.0,0.6
Elizabeth Phillips,,6,6,0,167.64,61.23,165.1,Orthodox,1986-08-20,2.6,33.0,3.07,58.0,0.75,25.0,53.0,0.2
John Phillips,The Welsh Wrecking Machine,22,11,01,180.34,83.91,190.5,Southpaw,1985-06-09,1.72,34.0,4.03,49.0,0.0,0.0,7.0,0.0
Kyler Phillips,The Matrix,12,5,0,172.72,61.23,182.88,Orthodox,1995-06-12,4.75,43.0,3.83,58.0,2.82,47.0,75.0,0.3
Mario Piazzon,,8,0,0,175.26,120.2,185.42,Orthodox,1998-04-06,1.35,73.0,1.16,40.0,18.87,50.0,50.0,0.0
Nick Pica,The Silverback,5,1,0,177.8,83.91,,,,0.0,0.0,0.0,0.0,0.0,0.0,0.0,0.0
Nick Piccininni,,7,1,0,167.64,56.7,167.64,Orthodox,1996-12-16,3.2,43.0,6.03,42.0,8.0,44.0,100.0,0.0
Adam Piccolotti,,9,0,0,180.34,70.31,,,1988-10-23,4.61,50.0,2.83,71.0,2.96,60.0,100.0,3.0
Vinc Pichel,From Hell,14,5,0,177.8,70.31,182.88,Orthodox,1982-11-23,3.78,46.0,3.17,54.0,2.5,51.0,31.0,0.2
Brad Pickett,One Punch,25,14,0,167.64,61.23,172.72,Orthodox,1978-09-24,3.02,31.0,4.63,55.0,2.47,44.0,58.0,0.4
Jamie Pickett,The Night Wolf,13,11,0,187.96,83.91,203.2,Orthodox,1988-08-29,2.65,47.0,3.62,50.0,1.26,40.0,67.0,0.1
Aaron Pico,,14,5,0,172.72,65.77,177.8,Orthodox,1996-09-23,6.16,53.0,3.11,45.0,6.54,50.0,0.0,0.0
Fabiola Pidroni,The Queen,5,0,0,,52.16,,,1994-01-04,0.0,0.0,0.0,0.0,0.0,0.0,0.0,0.0
Oskar Piechota,Imadlo,11,3,11,182.88,83.91,193.04,Southpaw,1990-01-24,3.3,52.0,3.93,51.0,0.61,40.0,38.0,1.5
Nick Piedmont,No Limit,12,7,1,177.8,65.77,,,,0.0,0.0,0.0,0.0,0.0,0.0,0.0,0.0
Mike Pierce,,17,7,0,172.72,77.11,180.34,Orthodox,1980-09-01,2.62,42.0,2.36,62.0,3.08,42.0,71.0,0.2
Joao Pierini,,4,1,0,185.42,70.31,,Switch,1971-12-11,0.76,14.0,4.56,33.0,0.0,0.0,0.0,0.0
Jonathan Piersma,Warhawk,9,3,01,180.34,77.11,185.42,Orthodox,1996-03-03,0.4,42.0,0.87,31.0,0.0,0.0,36.0,3.0
Sean Pierson,The Punisher,14,6,0,182.88,77.11,193.04,Southpaw,1976-03-10,3.84,39.0,3.73,64.0,0.39,18.0,66.0,0.4
Domingo Pilarte,Son of Fire,8,3,01,182.88,61.23,185.42,Southpaw,1990-01-05,1.31,47.0,2.96,40.0,1.2,42.0,54.0,0.8
Paddy Pimblett,The Baddy,23,4,0,177.8,70.31,185.42,Orthodox,1995-01-03,5.49,52.0,3.89,42.0,0.69,21.0,44.0,1.2
Damian Pinas,The Baba Yaga,9,1,0,185.42,83.91,200.66,Orthodox,2002-03-12,7.5,56.0,3.75,56.0,0.0,0.0,100.0,0.0
Daniel Pineda,The Pit,28,17,03,170.18,65.77,175.26,Orthodox,1985-08-06,2.85,49.0,3.26,45.0,1.42,24.0,54.0,1.5
Jesus Pinedo,El Mudo,16,5,1,177.8,70.31,,Southpaw,1996-06-22,3.23,38.0,4.37,52.0,2.5,100.0,100.0,0.0
Pingyuan Liu,,13,7,0,167.64,61.23,182.88,Orthodox,1993-02-13,2.36,33.0,2.99,54.0,0.25,20.0,56.0,1.0
Luana Pinheiro,,11,5,0,157.48,52.16,157.48,Orthodox,1992-11-18,3.29,39.0,4.06,60.0,2.33,37.0,71.0,0.2
Mario Pinto,,12,0,0,195.58,120.2,200.66,Orthodox,1998-03-14,2.85,69.0,1.93,58.0,2.38,26.0,100.0,0.9
Gaetano Pirrello,El Tigre,15,7,1,170.18,61.23,165.1,Orthodox,1992-04-29,0.99,55.0,2.44,42.0,0.0,0.0,30.0,0.0
Patricio Pitbull,,37,9,0,167.64,65.77,170.18,Orthodox,1987-07-07,2.77,45.0,4.61,55.0,1.26,33.0,74.0,0.5
Maki Pitolo,Coconut Bombz,13,9,0,177.8,83.91,190.5,Orthodox,1990-11-24,4.1,44.0,3.93,55.0,2.24,52.0,50.0,0.8
Dmitry Poberezhets,,24,5,11,190.5,107.5,,,1985-06-11,0.0,0.0,0.0,0.0,0.0,0.0,0.0,0.0
Jamal Pogues,,11,5,0,190.5,92.99,195.58,Orthodox,1995-12-01,3.57,46.0,3.97,49.0,2.0,46.0,70.0,0.0
Ross Pointon,The Gladiator,6,17,0,172.72,77.11,,Orthodox,1980-02-18,2.62,23.0,2.77,58.0,1.19,100.0,0.0,0.0
Dustin Poirier,The Diamond,30,10,01,175.26,70.31,182.88,Southpaw,1989-01-19,5.24,50.0,4.57,52.0,1.15,35.0,64.0,1.2
Igor Pokrajac,The Duke,28,13,01,182.88,92.99,187.96,Orthodox,1979-01-02,2.25,45.0,4.26,40.0,0.87,29.0,51.0,0.2
John Polakowski,Buckets of Blood,2,2,0,177.8,70.31,,Orthodox,1981-06-21,2.6,26.0,2.83,50.0,0.0,0.0,87.0,0.7
Julia Polastri,Psycho,14,6,0,157.48,52.16,160.02,Orthodox,1998-03-05,6.22,56.0,5.18,59.0,0.62,80.0,57.0,0.3
Brandon Polcare,,1,1,0,,56.7,,,,0.43,50.0,0.0,0.0,0.0,0.0,0.0,0.0
Mike Polchlopek,Mike Barton,1,1,0,193.04,129.27,,Orthodox,1965-12-27,2.0,38.0,1.33,57.0,0.0,0.0,0.0,0.0
Santiago Ponzinibbio,Argentine Dagger,31,9,0,182.88,77.11,185.42,Orthodox,1986-09-26,4.78,41.0,4.68,61.0,0.6,27.0,71.0,0.0
Grigory Popov,,13,3,0,170.18,61.23,172.72,Switch,1984-04-18,3.63,37.0,4.2,55.0,0.0,0.0,45.0,0.0
Alexander Poppeck,,9,3,0,187.96,92.99,,Orthodox,1992-04-06,4.01,57.0,9.81,33.0,0.0,0.0,0.0,0.0
Felipe Portela,Balboa,9,2,0,,77.11,,,1987-11-23,0.0,0.0,0.0,0.0,0.0,0.0,0.0,0.0
Parker Porter,,14,9,0,182.88,120.2,190.5,Orthodox,1985-04-22,6.55,50.0,6.32,51.0,1.35,26.0,66.0,0.5
Ihor Potieria,Duelist,20,8,0,190.5,83.91,190.5,Southpaw,1996-05-29,4.44,50.0,4.96,50.0,0.73,18.0,66.0,0.0
Callan Potter,The Rockstar,18,9,0,182.88,77.11,182.88,Orthodox,1984-06-09,3.18,50.0,4.72,58.0,3.29,66.0,100.0,0.0
Dylan Potter,Big Poppa,10,6,0,187.96,102.06,195.58,Switch,1995-01-14,3.1,48.0,5.78,46.0,0.0,0.0,33.0,1.1
Ruan Potts,Fangzz,11,6,0,187.96,112.04,190.5,Orthodox,1978-02-23,0.85,37.0,5.92,22.0,0.75,16.0,33.0,2.3
Devin Powell,,9,4,0,182.88,70.31,185.42,Orthodox,1988-03-01,2.88,41.0,3.67,51.0,0.0,0.0,0.0,0.6
Marcin Prachnio,,17,9,0,190.5,92.99,185.42,Orthodox,1988-07-14,5.52,54.0,3.15,54.0,0.14,20.0,53.0,0.0
Wagner Prado,Caldeirao,12,3,01,182.88,92.99,187.96,Southpaw,1986-12-30,1.72,40.0,3.06,50.0,0.0,0.0,22.0,0.0
Francisco Prado,,12,5,0,177.8,77.11,175.26,Orthodox,2002-06-16,3.68,43.0,4.31,54.0,0.76,19.0,40.0,0.8
Trevor Prangley,,34,11,2,185.42,83.91,190.5,Orthodox,1972-08-24,2.59,60.0,2.02,48.0,3.38,55.0,74.0,1.0
Ricardo Prasel,Alemao,10,2,0,200.66,107.95,198.12,Orthodox,1990-06-02,2.21,57.0,7.83,37.0,0.0,0.0,0.0,0.0
Carlo Prater,Neo,31,18,1,180.34,70.31,182.88,Switch,1981-06-25,2.03,47.0,4.07,35.0,0.43,9.0,57.0,1.7
Carlos Prates,The Nightmare,24,7,0,185.42,77.11,198.12,Switch,1993-08-17,3.77,55.0,4.53,47.0,0.21,100.0,80.0,0.0
Michel Prazeres,Tractor,26,4,0,167.64,77.11,170.18,Orthodox,1981-07-25,2.38,47.0,2.51,57.0,3.94,36.0,47.0,0.6
Philip Preece,,10,14,0,172.72,92.99,,Orthodox,,0.8,72.0,0.7,63.0,0.0,0.0,0.0,0.0
Kyle Prepolec,Killshot,18,10,0,177.8,70.31,177.8,Southpaw,1989-08-30,3.25,34.0,5.69,48.0,0.0,0.0,45.0,0.0
Dorian Price,,8,5,0,190.5,77.11,,Southpaw,1977-08-20,0.0,0.0,0.0,0.0,0.0,0.0,0.0,0.0
Chris Price,The Exorcist,19,4,0,187.96,83.91,,Southpaw,1982-11-09,1.44,66.0,2.59,48.0,0.0,0.0,33.0,2.2
Niko Price,The Hybrid,16,11,02,182.88,77.11,193.04,Orthodox,1989-09-29,5.11,43.0,5.57,48.0,1.06,30.0,50.0,0.6
Shane Primm,,5,5,0,190.5,92.99,,Orthodox,1984-07-30,0.83,26.0,2.25,62.0,1.78,20.0,0.0,0.0
Brent Primus,,8,0,0,177.8,70.31,,,1985-04-12,1.73,39.0,2.27,59.0,5.0,38.0,0.0,2.0
Jiri Prochazka,,32,6,1,190.5,92.99,203.2,Orthodox,1992-10-14,5.61,55.0,5.67,45.0,0.49,60.0,68.0,0.2
Lara Procopio,,7,2,0,162.56,56.7,170.18,Orthodox,1995-11-14,5.64,58.0,6.5,47.0,3.15,47.0,50.0,0.3
Joe Proctor,,11,5,0,177.8,70.31,182.88,Orthodox,1985-08-10,3.39,36.0,3.93,59.0,0.0,0.0,70.0,1.8
Cole Province,,6,2,01,175.26,65.77,172.72,Orthodox,1981-01-17,1.47,44.0,2.72,43.0,2.4,50.0,83.0,1.0
Daniel Puder,,8,0,0,190.5,106.59,,Orthodox,1981-10-09,2.77,68.0,1.17,38.0,1.21,50.0,81.0,9.0
Lucie Pudilova,,14,10,0,172.72,56.7,170.18,Orthodox,1994-06-13,3.6,37.0,4.07,50.0,0.7,31.0,67.0,0.6
Claudio Puelles,Prince of Peru,13,5,0,177.8,70.31,182.88,Southpaw,1996-04-21,1.54,46.0,2.62,48.0,3.29,33.0,60.0,1.0
Juan Puerta,Leadfeather,23,6,0,175.26,56.7,180.34,Southpaw,1988-01-20,1.27,39.0,1.27,67.0,1.0,100.0,0.0,0.0
Bubba Pugh,,3,3,0,177.8,83.91,,,,2.87,67.0,2.6,23.0,4.0,57.0,80.0,0.0
Juan Manuel Puig,Fenix,11,4,0,175.26,65.77,,Orthodox,1989-04-23,4.91,23.0,7.17,51.0,0.0,0.0,0.0,0.0
Hugh Pulley,,6,3,0,182.88,70.31,,,,4.47,63.0,3.27,57.0,4.0,66.0,69.0,0.0
Josh Pulsifer,The Platypus,17,8,0,177.8,65.77,,,1983-03-16,0.0,0.0,0.0,0.0,0.0,0.0,0.0,0.0
Jens Pulver,Little Evil,27,19,1,170.18,65.77,177.8,Southpaw,1974-12-06,2.12,37.0,3.13,56.0,0.22,33.0,63.0,0.3
Andrey Pulyaev,,10,4,0,193.04,83.91,198.12,Southpaw,1997-09-10,3.84,56.0,3.14,55.0,0.29,16.0,64.0,0.0
CM Punk,,0,1,01,185.42,77.11,185.42,Orthodox,1978-10-26,1.1,23.0,4.87,40.0,0.87,11.0,0.0,0.0
Joe Pyfer,Bodybagz,16,3,0,187.96,83.91,190.5,Orthodox,1996-09-17,3.52,44.0,3.22,52.0,1.45,30.0,62.0,0.9
Mike Pyle,Quicksand,27,14,1,182.88,77.11,187.96,Orthodox,1975-09-18,2.74,45.0,2.84,60.0,1.8,35.0,70.0,1.5
Pat Pytlik,,9,2,0,182.88,77.11,185.42,Orthodox,1989-04-24,3.12,56.0,4.56,22.0,0.0,0.0,33.0,0.0
Qiu Lun,Tibetan Knight,16,9,0,172.72,56.7,167.64,Southpaw,1997-07-08,3.51,46.0,1.78,67.0,0.67,18.0,68.0,0.0
Bao Quach,,19,10,1,160.02,65.77,,Orthodox,1979-09-04,0.0,0.0,0.0,0.0,0.0,0.0,0.0,0.0
Gary Quan,,3,5,0,172.72,64.86,,,1971-04-11,0.0,0.0,0.0,0.0,0.0,0.0,0.0,0.0
Billy Quarantillo,,18,7,0,177.8,65.77,177.8,Orthodox,1988-12-08,7.44,54.0,5.83,42.0,1.47,24.0,61.0,1.0
Nate Quarry,Rock,12,4,0,182.88,83.91,182.88,Open Stance,1972-03-18,4.96,44.0,2.8,66.0,0.25,33.0,60.0,0.0
Vinicius Queiroz,Spartan,8,4,0,200.66,99.79,,Orthodox,1983-08-29,3.67,51.0,4.1,41.0,5.07,70.0,100.0,0.7
Jimmy Quinlan,Crash,3,1,1,182.88,83.91,,Orthodox,1986-05-25,2.08,70.0,5.94,16.0,4.46,25.0,0.0,0.0
Josh Quinlan,Bushido,6,3,01,182.88,77.11,182.88,Orthodox,1993-02-06,3.57,42.0,6.38,53.0,0.34,11.0,71.0,0.0
Ryan Quinn,,13,7,1,172.72,65.77,,,,2.31,41.0,1.67,48.0,0.0,0.0,0.0,1.9
Michel Quinones,El Capo,8,3,0,177.8,70.31,185.42,Orthodox,1984-12-22,2.91,29.0,5.98,48.0,0.0,0.0,36.0,0.0
Landon Quinones,The Lone Wolf,7,3,1,175.26,70.31,177.8,Southpaw,1995-11-21,6.77,40.0,7.7,55.0,0.5,33.0,100.0,0.0
Jose Quinonez,Teco,9,5,0,172.72,61.23,175.26,Southpaw,1990-07-28,3.6,45.0,3.0,64.0,2.7,47.0,42.0,0.6
Cristian Quinonez,Problema,19,5,0,172.72,61.23,177.8,Orthodox,1996-04-26,3.67,43.0,3.71,56.0,3.14,55.0,85.0,0.6
Benji Radach,Razor,21,7,01,177.8,83.91,,Orthodox,1979-04-05,2.62,49.0,2.31,51.0,1.06,41.0,71.0,0.4
Jordan Radev,,23,5,0,170.18,83.91,,Southpaw,1976-09-28,1.35,23.0,2.38,66.0,0.0,0.0,80.0,0.0
Charles Radtke,Chuck Buffalo,12,5,0,175.26,77.11,182.88,Orthodox,1990-07-09,2.5,53.0,2.45,54.0,1.99,44.0,100.0,0.5
Loik Radzhabov,The Tajik Tank,18,6,1,180.34,70.31,175.26,Orthodox,1990-09-17,2.89,44.0,3.76,46.0,4.65,57.0,42.0,0.0
Gilbert Rael,,1,3,0,172.72,70.31,,,,0.0,0.0,7.46,37.0,4.86,100.0,0.0,0.0
Josh Rafferty,,9,8,0,182.88,77.11,,Orthodox,1981-01-06,0.6,33.0,3.6,50.0,0.0,0.0,0.0,9.0
Marwan Rahiki,Freaky,9,0,0,172.72,65.77,182.88,Orthodox,2002-05-10,7.73,52.0,6.33,56.0,0.0,0.0,100.0,0.9
Amir Rahnavardi,,11,10,0,182.88,92.99,,Orthodox,1974-12-07,0.67,25.0,0.0,100.0,0.0,0.0,50.0,0.0
Ricky Rainey,The Sniper,12,6,0,185.42,77.11,195.58,Switch,1983-06-29,2.55,48.0,2.62,46.0,0.95,18.0,55.0,0.0
Shavkat Rakhmonov,Nomad,19,0,0,185.42,77.11,195.58,Orthodox,1994-10-23,3.25,60.0,2.17,51.0,1.4,25.0,85.0,1.2
Sora Rakhmonova,,4,1,0,,56.7,,,1998-06-21,0.0,0.0,0.0,0.0,0.0,0.0,0.0,0.0
Aleksandar Rakic,Rocket,14,6,0,193.04,92.99,198.12,Orthodox,1992-02-06,4.13,50.0,2.86,51.0,0.64,21.0,85.0,0.1
Jessica Rakoczy,The Ragin',1,5,01,170.18,52.16,,Orthodox,1977-04-14,2.5,44.0,3.55,64.0,0.75,20.0,0.0,0.8
Zygimantas Ramaska,,9,3,0,180.34,65.77,180.34,Orthodox,1996-12-27,0.96,60.0,2.25,30.0,0.0,0.0,33.0,2.4
Thomas Ramirez,,0,1,0,185.42,185.97,,Sideways,,0.0,0.0,0.0,0.0,0.0,0.0,0.0,0.0
Hector Ramirez,Sick Dog,10,6,1,182.88,92.99,,Orthodox,1976-03-28,2.27,41.0,4.6,56.0,2.3,55.0,66.0,0.5
Matt Ramirez,The Machine,2,3,0,165.1,56.7,,,,3.03,50.0,0.67,75.0,2.53,16.0,100.0,0.0
Steve Ramirez,,5,2,0,170.18,56.7,,,,0.0,0.0,0.0,0.0,0.0,0.0,0.0,0.0
Amador Ramirez,,5,4,0,,61.23,,,1990-06-14,4.93,51.0,2.07,69.0,1.0,33.0,0.0,0.0
Mitch Ramirez,,8,3,0,180.34,70.31,180.34,Orthodox,1992-11-03,3.51,44.0,3.98,37.0,0.59,33.0,25.0,0.0
Andrew Ramm,The,4,4,0,185.42,72.57,,,,0.0,0.0,0.0,0.0,0.0,0.0,0.0,0.0
Ian Rammel,,7,8,0,182.88,83.91,,,1985-07-22,0.0,0.0,0.0,0.0,0.0,0.0,0.0,0.0
Luis Ramos,Beicao,20,10,2,172.72,77.11,,Orthodox,1981-01-18,2.4,35.0,5.6,42.0,1.5,20.0,100.0,0.0
Ricardo Ramos,,17,8,0,175.26,65.77,182.88,Orthodox,1995-08-01,2.91,36.0,3.97,54.0,2.51,57.0,67.0,1.0
Davi Ramos,Tasmanian Devil,10,4,0,167.64,70.31,177.8,Orthodox,1986-11-05,2.64,37.0,3.44,56.0,1.95,40.0,83.0,0.6
Dorian Ramos,,8,3,0,172.72,65.77,177.8,Orthodox,1993-12-31,2.3,52.0,2.67,47.0,1.82,25.0,33.0,0.0
Vernon Ramos Ho,,3,1,0,167.64,77.11,,Orthodox,1992-06-03,4.0,25.0,8.0,55.0,0.0,0.0,0.0,0.0
Kevin Randleman,The Monster,17,16,0,177.8,92.99,,Orthodox,1971-08-10,1.26,54.0,1.12,57.0,2.0,56.0,30.0,0.8
Raou Raou,,0,1,0,172.72,88.45,,Orthodox,,2.01,16.0,6.75,60.0,0.0,0.0,0.0,0.0
Mitch Raposo,,10,3,0,165.1,56.7,162.56,Switch,1998-10-16,1.73,36.0,2.65,61.0,2.54,37.0,61.0,0.0
Hussain Rasouli,,2,3,0,167.64,61.23,,,,0.0,0.0,0.0,0.0,0.0,0.0,0.0,0.0
David Rasouri,,2,3,0,170.18,70.31,,,,0.0,0.0,0.0,0.0,0.0,0.0,0.0,0.0
Ed Ratcliff,9mm,7,3,0,177.8,70.31,180.34,Orthodox,1983-03-05,2.71,38.0,2.96,63.0,0.28,16.0,53.0,0.0
Bec Rawlings,Rowdy,7,8,0,167.64,56.7,162.56,Orthodox,1989-02-11,4.48,42.0,5.66,57.0,0.71,40.0,68.0,0.4
Gideon Ray,,17,15,1,177.8,83.91,,Southpaw,1973-05-27,2.08,40.0,2.58,53.0,1.49,100.0,0.0,0.0
Joe Ray,,13,0,0,,77.11,,,1984-12-17,0.0,0.0,0.0,0.0,0.0,0.0,0.0,0.0
Stevie Ray,Braveheart,23,9,0,177.8,70.31,177.8,Southpaw,1990-03-25,3.73,44.0,2.93,54.0,0.75,46.0,55.0,0.6
Keenan Raymond,,3,3,0,,74.84,,,,0.0,0.0,0.0,0.0,0.0,0.0,0.0,0.0
Iony Razafiarison,,2,1,01,160.02,65.77,,,1984-12-23,1.2,42.0,1.4,53.0,2.0,50.0,75.0,0.0
Abdul Razak Alhassan,,12,7,01,177.8,83.91,185.42,Orthodox,1985-08-11,3.64,49.0,4.01,54.0,0.84,33.0,51.0,0.2
Antony Rea,Wild Thing,33,15,0,182.88,92.99,,Orthodox,1976-07-15,2.89,28.0,5.42,42.0,0.0,0.0,100.0,0.0
Mateusz Rebecki,,20,4,0,170.18,70.31,167.64,Southpaw,1992-10-03,5.21,46.0,4.69,53.0,3.38,52.0,50.0,0.5
Rafael Rebello,Rafinha,9,4,0,165.1,61.23,170.18,Orthodox,1980-10-16,2.19,32.0,3.29,58.0,2.82,33.0,75.0,0.5
Greg Rebello,Ribz,24,8,0,182.88,108.86,185.42,Southpaw,1982-06-13,2.61,39.0,2.92,58.0,0.0,0.0,0.0,0.0
Paul Redmond,Redser,12,7,0,177.8,65.77,,Orthodox,1986-10-20,0.72,34.0,2.99,41.0,0.0,0.0,50.0,0.0
Dennis Reed,,45,62,1,,92.99,,Orthodox,1969-09-11,0.0,0.0,0.0,0.0,0.0,0.0,0.0,0.0
Karl Reed,No Worries,6,1,0,190.5,92.99,198.12,Orthodox,1988-10-27,2.04,44.0,3.84,38.0,1.06,22.0,53.0,0.0
Elise Reed,,8,5,0,160.02,52.16,160.02,Orthodox,1992-12-05,3.41,53.0,3.26,51.0,0.46,60.0,53.0,0.0
John Reedy,The Wild Child,11,6,0,172.72,70.31,,,,0.0,0.0,0.0,0.0,0.0,0.0,0.0,0.0
Johnny Rees,The Hater Hurter,13,5,01,182.88,77.11,,Orthodox,1982-10-21,3.29,64.0,0.84,47.0,1.15,25.0,50.0,0.0
James Reese,JP,11,10,0,175.26,70.31,,,1980-12-21,0.0,0.0,0.0,0.0,0.0,0.0,0.0,0.0
Zach Reese,Savage,10,3,01,193.04,83.91,195.58,Switch,1994-03-24,4.48,54.0,3.92,43.0,2.8,61.0,52.0,1.3
Regezhen,,11,1,0,,65.77,,,,0.0,0.0,0.0,0.0,0.0,0.0,0.0,0.0
Stephen Regman,,9,4,0,180.34,83.91,193.04,Orthodox,1991-08-05,1.41,60.0,4.93,23.0,3.52,100.0,0.0,0.0
Chad Reiner,The Grinder,33,18,0,180.34,77.11,,Orthodox,1981-06-29,0.53,20.0,1.97,46.0,0.99,33.0,25.0,2.0
Jason Reinhardt,,20,3,0,167.64,61.23,,Orthodox,1969-10-31,0.51,40.0,4.07,43.0,1.91,12.0,50.0,0.0
Wilson Reis,,23,10,0,162.56,56.7,165.1,Southpaw,1985-01-06,1.83,29.0,3.04,55.0,5.15,42.0,47.0,0.6
Ben Reiter,The Hunter,17,2,1,190.5,83.91,,,1987-06-27,1.8,46.0,1.53,54.0,7.0,43.0,0.0,0.0
Goran Reljic,,15,8,0,190.5,92.99,205.74,Southpaw,1984-03-20,1.69,37.0,2.69,59.0,1.69,50.0,33.0,1.1
Leigh Remedios,Bulldog,18,10,2,170.18,70.31,,Orthodox,1976-01-13,0.75,41.0,1.36,68.0,0.0,0.0,33.0,0.0
Ren Yawei,,9,4,0,175.26,70.31,175.26,Orthodox,1998-02-07,4.67,64.0,5.32,36.0,0.0,0.0,66.0,1.4
Paulo Renato Junior,,12,3,0,182.88,92.99,185.42,Orthodox,1994-01-25,4.89,45.0,5.18,56.0,0.0,0.0,100.0,0.0
Chance Rencountre,Black Eagle,14,4,0,187.96,77.11,190.5,Southpaw,1986-12-31,1.1,20.0,3.62,49.0,1.35,26.0,16.0,0.3
Montse Rendon,Monster,7,2,0,172.72,61.23,172.72,Orthodox,1989-03-16,2.95,27.0,3.65,57.0,1.91,37.0,85.0,0.3
Marion Reneau,The Belizean Bruiser,9,8,1,167.64,61.23,172.72,Orthodox,1977-06-20,3.2,41.0,3.52,59.0,0.62,63.0,50.0,0.8
Solomon Renfro,The Black Dragon,8,2,0,175.26,77.11,182.88,Switch,1997-02-05,5.2,44.0,3.53,61.0,2.0,50.0,100.0,0.0
John Renken,The Saint,18,28,41,182.88,86.18,,Orthodox,1972-12-31,0.0,0.0,0.0,0.0,0.0,0.0,0.0,0.0
Herman Renting,,1,3,0,182.88,97.52,,Switch,1968-12-31,0.0,0.0,0.0,0.0,0.0,0.0,0.0,0.0
Marco Polo Reyes,,8,7,0,180.34,70.31,180.34,Orthodox,1984-11-07,6.0,37.0,5.52,59.0,0.0,0.0,46.0,0.0
Dominick Reyes,The Devastator,16,5,0,193.04,92.99,195.58,Southpaw,1989-12-26,4.99,53.0,3.4,49.0,0.25,28.0,82.0,0.2
Alex Reyes,The Executioner,13,5,0,180.34,70.31,185.42,Orthodox,1986-10-02,4.46,46.0,6.92,48.0,1.5,28.0,0.0,0.0
Kyle Reyes,Boom,15,7,0,172.72,65.77,,,,0.0,0.0,0.0,0.0,0.0,0.0,0.0,0.0
Javier Reyes,Blair,23,5,0,170.18,65.77,185.42,,1993-10-10,8.91,55.0,2.53,47.0,2.0,50.0,50.0,0.0
Victor Reyna,Kelevra,11,5,01,180.34,77.11,187.96,Southpaw,1986-08-05,5.8,63.0,4.75,42.0,0.0,0.0,100.0,0.0
Gaston Reyno,Tonga,6,2,02,182.88,65.77,,,1986-11-11,7.79,62.0,3.9,44.0,0.0,0.0,0.0,11.7
Johnny Rhodes,,2,1,0,182.88,95.25,,Orthodox,,0.0,0.0,0.0,0.0,0.0,0.0,0.0,0.0
Mike Rhodes,Biggie,10,5,0,185.42,77.11,187.96,Orthodox,1989-12-04,3.2,39.0,4.13,64.0,0.96,33.0,75.0,0.5
Lucrezia Ria,,8,2,0,167.64,56.7,,Orthodox,1992-06-24,4.07,46.0,4.4,45.0,1.0,33.0,0.0,0.0
Amanda Ribas,,13,7,0,162.56,52.16,167.64,Orthodox,1993-08-26,4.26,39.0,3.29,60.0,2.05,52.0,82.0,0.6
Vitor Ribeiro,Shaolin,20,5,0,172.72,69.85,,Orthodox,1979-02-24,1.0,28.0,1.95,48.0,1.58,26.0,100.0,1.2
Will Ribeiro,,10,2,0,172.72,61.23,,Orthodox,1983-02-17,1.83,28.0,1.64,74.0,1.15,100.0,50.0,2.9
Claudio Ribeiro,,11,5,0,185.42,83.91,195.58,Orthodox,1992-07-17,3.59,51.0,4.9,30.0,0.56,50.0,66.0,0.0
Brendson Ribeiro,The Gorilla,17,10,01,190.5,92.99,205.74,Orthodox,1996-09-08,3.04,42.0,3.91,53.0,0.85,42.0,21.0,0.6
Esteban Ribovics,El Gringo,15,3,0,177.8,70.31,175.26,Orthodox,1996-04-27,7.27,43.0,5.83,54.0,0.35,66.0,66.0,0.2
Mike Ricci,The Martian,11,5,0,182.88,70.31,193.04,Southpaw,1986-03-18,1.8,32.0,1.64,65.0,0.67,100.0,54.0,0.0
Alex Ricci,,10,5,0,180.34,70.31,,Orthodox,1982-07-21,2.48,41.0,2.53,64.0,0.0,0.0,64.0,0.0
Tabatha Ricci,Baby Shark,12,4,0,154.94,52.16,154.94,Orthodox,1995-02-21,4.0,37.0,4.83,57.0,2.51,37.0,65.0,0.1
Matt Ricehouse,,6,1,0,,70.31,,,1987-03-11,3.7,44.0,4.8,47.0,1.0,22.0,81.0,0.0
John Richard,,3,5,1,,92.99,,,1982-05-22,0.0,0.0,0.0,0.0,0.0,0.0,0.0,0.0
Rex Richards,,7,2,0,195.58,120.2,,,1980-10-17,17.65,58.0,5.29,72.0,0.0,0.0,0.0,0.0
Mike Richman,The Marine,18,7,0,172.72,61.23,,,1985-06-23,4.06,44.0,3.49,43.0,0.0,0.0,76.0,0.0
Dave Rickels,The Caveman,18,4,02,180.34,70.31,,,1989-01-05,4.29,59.0,5.53,42.0,0.0,0.0,25.0,0.0
Haisam Rida,,0,0,0,,,,,1993-07-25,0.0,0.0,0.0,0.0,0.0,0.0,0.0,0.0
Brad Riddell,Quake,10,4,0,170.18,70.31,180.34,Orthodox,1991-09-30,4.71,53.0,3.53,53.0,1.77,36.0,63.0,0.0
Matthew Riddle,Deep Waters,8,3,02,185.42,77.11,193.04,Southpaw,1986-01-14,3.01,42.0,2.74,54.0,3.51,50.0,89.0,0.5
Joe Riggs,Diesel,44,17,01,182.88,83.91,177.8,Southpaw,1982-09-23,2.41,51.0,1.69,57.0,2.45,55.0,62.0,0.6
Jeremiah Riggs,,7,8,0,182.88,83.91,,,1982-12-17,0.0,0.0,0.0,0.0,0.0,0.0,0.0,0.0
Aaron Riley,,30,14,1,172.72,70.31,175.26,Southpaw,1980-12-09,3.45,34.0,3.78,61.0,1.18,34.0,60.0,0.1
Jason Riley,The Juggernaut,10,7,0,198.12,111.13,,,1975-09-22,0.0,0.0,9.68,33.0,0.0,0.0,50.0,0.0
Luke Riley,,13,0,0,175.26,65.77,175.26,Orthodox,1999-06-30,5.56,57.0,3.32,64.0,0.0,0.0,37.0,0.0
Moise Rimbon,Swamp,23,11,3,177.8,92.99,,Orthodox,1977-04-20,0.8,34.0,1.0,71.0,1.0,50.0,37.0,0.0
Jordan Rinaldi,All Day,14,7,0,177.8,65.77,182.88,Orthodox,1987-09-25,1.56,35.0,2.32,59.0,1.45,35.0,20.0,1.2
Nick Ring,The Promise,14,4,0,182.88,83.91,187.96,Southpaw,1979-02-10,3.52,42.0,3.48,62.0,1.36,36.0,52.0,0.3
Robbie Ring,Razor,6,1,0,175.26,65.77,172.72,Orthodox,2000-07-14,5.11,38.0,9.15,38.0,4.04,33.0,0.0,0.0
Mike Rio,The Wolverine,10,5,0,177.8,70.31,177.8,Orthodox,1981-07-06,1.68,39.0,2.99,53.0,2.58,27.0,0.0,1.0
Albert Rios,,13,6,0,172.72,65.77,,,,0.0,0.0,0.0,0.0,0.0,0.0,0.0,0.0
Rafael Rios,,4,2,0,,68.04,,,,0.0,0.0,0.0,0.0,0.0,0.0,0.0,0.0
Maria Rios,,2,3,0,165.1,56.7,,,1983-05-31,2.93,34.0,4.13,56.0,2.0,50.0,100.0,0.0
Shannon Ritch,The Cannon,56,83,04,175.26,86.18,,Orthodox,1970-09-27,1.0,100.0,6.0,50.0,0.0,0.0,0.0,0.0
Diego Rivas,Pitbull,10,2,0,172.72,65.77,175.26,Orthodox,1991-11-11,1.37,40.0,2.14,52.0,1.79,60.0,64.0,0.9
Jorge Rivera,El Conquistador,20,9,0,185.42,83.91,185.42,Orthodox,1972-02-28,3.16,48.0,2.64,54.0,0.84,50.0,63.0,0.1
Dante Rivera,,16,7,0,185.42,83.91,,Southpaw,1974-12-08,2.27,53.0,4.0,25.0,0.0,0.0,16.0,0.0
Mario Rivera,,6,8,0,177.8,77.11,,,,0.0,0.0,8.41,20.0,0.0,0.0,0.0,0.0
Francisco Rivera,Cisco,11,7,01,172.72,61.23,177.8,Orthodox,1981-10-08,4.07,41.0,3.16,68.0,1.01,63.0,68.0,0.6
Jonathan Rivera,,4,2,0,,70.31,,,,4.36,49.0,3.9,60.0,0.0,0.0,0.0,0.0
Jimmie Rivera,El Terror,23,5,0,162.56,61.23,172.72,Orthodox,1989-06-29,4.03,40.0,3.9,60.0,0.88,27.0,92.0,0.1
Irwin Rivera,The Beast,10,6,0,167.64,61.23,170.18,Southpaw,1989-02-14,3.36,44.0,5.07,57.0,1.0,16.0,70.0,0.0
Jerome Rivera,Renegade,10,6,0,177.8,56.7,182.88,Southpaw,1995-04-22,3.21,33.0,2.6,51.0,0.0,0.0,40.0,0.0
Nicdali Rivera-Calanoc,The Night Queen,9,10,0,160.02,47.63,,,1985-06-12,1.82,20.0,2.42,78.0,0.0,0.0,0.0,0.0
Pedro Rizzo,The Rock,20,11,0,185.42,109.32,,Orthodox,1974-05-03,1.93,34.0,3.02,50.0,0.26,28.0,78.0,0.0
Theo Rlayang,Jungle King,5,1,0,170.18,65.77,165.1,Orthodox,1994-08-10,5.93,48.0,8.4,40.0,2.0,40.0,0.0,0.0
Justin Robbins,,14,18,1,165.1,61.23,,,1980-07-29,0.67,37.0,3.2,47.0,0.0,0.0,0.0,0.0
Kali Robbins,Pop Tart,6,3,0,160.02,52.16,160.02,Orthodox,1984-07-05,3.73,46.0,9.4,44.0,2.0,33.0,0.0,0.0
Karl Roberson,Baby K,9,6,0,185.42,92.99,187.96,Southpaw,1990-10-04,2.57,51.0,2.42,57.0,0.72,40.0,40.0,0.5
Andre Roberts,The Chief,14,2,1,187.96,156.49,,Orthodox,1965-02-24,0.0,0.0,0.0,0.0,0.0,0.0,0.0,0.0
David Roberts,,5,8,0,185.42,77.11,,Orthodox,1975-11-15,0.0,0.0,0.0,0.0,0.0,0.0,0.0,0.0
Joey Roberts,,4,3,0,187.96,90.72,,,1977-11-11,0.0,0.0,0.0,0.0,0.0,0.0,0.0,0.0
Tyrone Roberts,Native Warrior,43,12,1,175.26,83.91,,Orthodox,1972-07-14,0.0,0.0,0.0,0.0,0.0,0.0,0.0,0.0
Ryan Roberts,,21,12,11,167.64,70.31,,Orthodox,1978-07-16,0.0,0.0,22.5,45.0,0.0,0.0,0.0,0.0
Taylor Roberts,,3,12,0,180.34,77.11,,,,0.0,0.0,0.0,0.0,0.0,0.0,0.0,0.0
Daniel Roberts,Ninja,15,7,0,177.8,77.11,187.96,Southpaw,1980-08-05,0.73,20.0,2.27,46.0,2.46,44.0,40.0,2.5
Buddy Roberts,,12,3,0,187.96,83.91,,Orthodox,1982-10-17,2.17,34.0,2.08,70.0,0.0,0.0,76.0,0.7
Danny Roberts,Hot Chocolate,18,8,0,185.42,77.11,187.96,Southpaw,1987-07-14,3.18,39.0,3.73,50.0,0.24,9.0,57.0,0.2
Roosevelt Roberts,The Predator,12,6,01,187.96,70.31,185.42,Orthodox,1994-02-11,2.84,43.0,3.1,52.0,1.18,26.0,50.0,0.7
Kenny Robertson,,15,5,0,177.8,77.11,187.96,Orthodox,1984-02-14,3.72,47.0,3.02,52.0,1.37,26.0,57.0,0.8
Gillian Robertson,The Savage,17,8,0,165.1,52.16,160.02,Orthodox,1995-05-17,2.71,48.0,2.86,56.0,2.76,40.0,38.0,0.9
Chad Robichaux,Robo,13,2,0,162.56,61.23,,,1975-08-18,0.0,0.0,0.0,0.0,0.0,0.0,0.0,0.0
Mark Robinson,White Rhino,1,0,01,182.88,120.2,,Orthodox,,0.0,0.0,5.8,13.0,0.0,0.0,0.0,0.0
Colin Robinson,Big C,10,12,0,193.04,110.22,,Orthodox,1968-11-27,6.19,69.0,7.91,37.0,2.58,100.0,50.0,5.2
Alvin Robinson,,15,9,0,175.26,70.31,172.72,Southpaw,1982-07-16,1.57,50.0,1.29,51.0,1.24,50.0,25.0,1.2
Damonte Robinson,,6,1,1,182.88,70.31,195.58,,1995-06-10,0.0,0.0,0.0,0.0,0.0,0.0,0.0,0.0
Vagner Rocha,Ceara,14,4,0,177.8,70.31,185.42,Orthodox,1982-06-06,2.64,42.0,4.5,48.0,1.4,33.0,50.0,1.9
Carlos Eduardo Rocha,Ta Danado,9,4,0,177.8,77.11,185.42,Orthodox,1981-07-12,1.24,34.0,1.85,55.0,0.0,0.0,52.0,1.4
Pedro Rocha,,1,0,0,,,,,,0.0,0.0,0.0,0.0,0.0,0.0,0.0,0.0
Lucas Rocha,Fenomeno,18,2,0,160.02,56.7,162.56,Orthodox,2000-08-12,5.09,49.0,3.67,56.0,1.64,75.0,76.0,0.0
Shem Rock,,12,3,1,180.34,70.31,185.42,Southpaw,1993-11-05,3.03,39.0,4.4,49.0,1.0,13.0,88.0,0.0
Keith Rockel,Rock,12,4,1,182.88,83.91,,Orthodox,1965-08-28,1.13,73.0,0.21,66.0,4.63,75.0,100.0,4.6
Luke Rockhold,,16,6,0,190.5,83.91,195.58,Southpaw,1984-10-17,4.1,49.0,2.68,53.0,0.7,29.0,65.0,1.0
Kevin Roddy,K-Rod,15,16,11,180.34,65.77,,,,2.64,30.0,2.38,60.0,0.0,0.0,50.0,0.0
Gregory Rodrigues,Robocop,19,6,0,190.5,83.91,190.5,Orthodox,1992-02-17,5.53,51.0,4.78,50.0,1.9,34.0,75.0,0.4
Kleydson Rodrigues,KR,8,4,0,165.1,61.23,170.18,Orthodox,1995-10-22,4.58,57.0,2.29,53.0,0.6,22.0,53.0,0.6
Levi Rodrigues Jr.,Baby Monster,6,0,0,182.88,92.99,193.04,Orthodox,1996-10-15,4.5,78.0,2.1,22.0,0.0,0.0,100.0,0.0
Paul Rodriguez,,10,9,2,170.18,70.31,,Orthodox,1975-05-18,0.84,100.0,1.68,68.0,0.0,0.0,50.0,0.0
Ricco Rodriguez,Suave,53,25,01,193.04,120.2,,Orthodox,1977-08-19,1.85,51.0,1.15,61.0,2.3,39.0,40.0,1.0
Manuel Rodriguez,Chalate,11,5,0,175.26,77.11,,Orthodox,1985-04-25,0.81,33.0,3.23,38.0,9.09,75.0,0.0,0.0
Yair Rodriguez,El Pantera,21,6,01,180.34,65.77,180.34,Orthodox,1992-10-06,4.65,46.0,3.78,52.0,0.71,29.0,59.0,0.6
Mike Rodriguez,Slo Mike,11,7,01,193.04,92.99,208.28,Southpaw,1988-11-28,4.35,53.0,4.24,41.0,0.0,0.0,37.0,0.0
Marina Rodriguez,,17,6,2,167.64,52.16,165.1,Orthodox,1987-04-29,4.51,46.0,3.01,55.0,0.27,50.0,61.0,0.3
Daniel Rodriguez,D-Rod,20,5,0,185.42,77.11,187.96,Southpaw,1986-12-31,7.2,49.0,5.4,57.0,0.51,50.0,64.0,0.1
Ray Rodriguez,The Judge,16,8,0,170.18,61.23,177.8,Orthodox,1987-12-10,0.9,27.0,3.89,40.0,1.42,50.0,44.0,0.0
Ronaldo Rodriguez,Lazy Boy,17,3,0,167.64,56.7,165.1,Orthodox,1999-05-07,2.71,43.0,3.8,44.0,1.09,36.0,64.0,0.8
Drako Rodriguez,,7,3,0,172.72,61.23,175.26,Orthodox,1996-06-16,3.37,36.0,4.4,58.0,2.93,66.0,75.0,0.7
Victor Rodriguez,Vicious,7,4,0,165.1,56.7,170.18,Switch,1992-09-05,1.59,37.0,6.11,50.0,0.0,0.0,0.0,0.0
Piera Rodriguez,La Fiera,12,2,0,160.02,52.16,160.02,Orthodox,1992-11-11,4.04,46.0,3.13,53.0,4.04,50.0,81.0,0.0
Christian Rodriguez,Ceerod,12,4,0,170.18,65.77,180.34,Orthodox,1997-12-17,3.85,50.0,2.85,56.0,1.75,40.0,67.0,1.1
Pete Rodriguez,Dead Game,5,2,0,175.26,77.11,180.34,Switch,1996-11-13,9.28,43.0,12.83,42.0,0.0,0.0,100.0,0.0
Imanol Rodriguez,Himan,7,0,0,162.56,56.7,162.56,Orthodox,1999-11-15,5.71,55.0,2.42,58.0,1.3,33.0,0.0,0.0
Nick Roehrick,,7,1,0,187.96,92.99,,Orthodox,1987-07-06,2.31,17.0,6.92,44.0,0.0,0.0,0.0,0.0
Marcos Rogerio de Lima,Pezao,22,10,1,185.42,114.76,190.5,Orthodox,1985-06-25,3.7,57.0,2.9,51.0,1.4,45.0,59.0,0.5
Brett Rogers,The Grim,17,10,01,195.58,120.2,205.74,Orthodox,1981-02-17,3.17,44.0,3.2,46.0,0.0,0.0,58.0,0.0
Brian Rogers,The Professional Predator,14,9,0,180.34,83.91,,,1984-02-15,4.79,38.0,5.76,58.0,1.22,50.0,100.0,0.6
Pete Rogers Jr.,The Heat,2,4,0,182.88,65.77,,,,0.66,15.0,1.71,65.0,0.0,0.0,0.0,0.0
Max Rohskopf,Rated R,5,1,0,185.42,70.31,180.34,Orthodox,1994-09-27,1.7,31.0,5.8,42.0,3.0,33.0,0.0,1.5
Marcelo Rojo,Pitbull,16,10,0,172.72,65.77,180.34,Orthodox,1988-07-02,4.92,39.0,6.42,55.0,0.46,50.0,66.0,0.0
Shane Roller,,11,7,0,177.8,70.31,182.88,Orthodox,1979-07-14,2.04,34.0,2.65,60.0,2.46,33.0,42.0,1.9
Jared Rollins,J-Roc,8,4,0,175.26,77.11,,Orthodox,1977-01-26,3.33,57.0,2.41,39.0,2.5,50.0,50.0,1.2
Tim Roman,,3,4,0,185.42,77.11,,,1985-06-08,0.6,40.0,2.4,40.0,1.0,100.0,16.0,0.0
Alexandr Romanov,King Kong,18,3,0,187.96,118.84,190.5,Southpaw,1990-12-11,3.78,51.0,2.13,54.0,4.49,55.0,28.0,0.9
Ricardo Romero,,11,3,0,182.88,92.99,193.04,Orthodox,1978-04-15,2.17,55.0,4.77,46.0,1.63,10.0,100.0,3.3
Yoel Romero,Soldier of God,13,5,0,182.88,83.91,185.42,Southpaw,1977-04-30,3.44,49.0,3.05,60.0,1.57,30.0,78.0,0.0
Anthony Romero,The Genius,8,0,0,180.34,70.31,177.8,Orthodox,1997-02-25,5.87,52.0,4.0,65.0,2.0,22.0,100.0,0.0
Kaleio Romero,KO,6,2,0,177.8,65.77,175.26,Switch,1996-04-19,2.6,48.0,3.27,50.0,1.0,8.0,0.0,1.0
Roberto Romero,El Charro Negro,8,5,1,172.72,65.77,177.8,Orthodox,2000-01-30,4.56,49.0,6.44,44.0,0.0,0.0,71.0,0.0
Mara Romero Borella,,12,9,02,167.64,56.7,175.26,Orthodox,1986-06-03,2.54,37.0,2.48,71.0,1.83,44.0,66.0,0.2
Cortavious Romious,,9,4,0,162.56,61.23,172.72,Southpaw,1994-01-06,1.91,38.0,3.46,39.0,2.29,66.0,64.0,0.8
Juancamilo Ronderos,100,4,2,0,160.02,56.7,162.56,Southpaw,1995-02-17,2.18,30.0,2.18,63.0,2.72,33.0,0.0,0.0
Rongzhu,,27,6,0,175.26,70.31,180.34,Orthodox,2000-03-07,6.02,51.0,5.44,52.0,1.35,62.0,84.0,0.1
Jesse Ronson,The Body Snatcher,21,12,01,177.8,70.31,177.8,Southpaw,1985-12-24,3.54,47.0,3.39,57.0,0.46,28.0,57.0,0.5
George Roop,,15,13,1,185.42,61.23,182.88,Orthodox,1981-11-10,3.43,34.0,2.47,60.0,1.05,57.0,59.0,0.1
Joao Roque,,7,2,4,167.64,70.31,,Orthodox,1971-07-22,0.0,0.0,0.0,0.0,0.0,0.0,0.0,0.0
Aaron Rosa,,18,6,0,193.04,92.99,195.58,Orthodox,1983-05-28,4.03,47.0,4.41,45.0,0.36,33.0,85.0,0.4
Charles Rosa,Boston Strong,14,8,0,175.26,65.77,175.26,Switch,1986-08-24,3.08,36.0,3.86,47.0,1.67,35.0,38.0,1.0
Karol Rosa,,19,7,0,165.1,61.23,170.18,Orthodox,1994-12-30,5.88,56.0,4.59,49.0,1.17,48.0,70.0,0.2
Jacob Rosales,The Lil Badger,13,7,0,180.34,70.31,187.96,Orthodox,1995-07-28,7.19,46.0,10.66,44.0,1.12,18.0,50.0,0.6
Raul Rosas Jr.,El Nino Problema,12,1,0,175.26,61.23,170.18,Switch,2004-10-08,1.34,42.0,1.24,52.0,6.1,54.0,25.0,0.9
Hilarie Rose,,4,2,0,160.02,52.16,160.02,Orthodox,1992-11-11,2.33,33.0,6.13,44.0,0.0,0.0,100.0,0.0
Jake Rosholt,,12,5,01,185.42,83.91,,Orthodox,1982-02-09,2.68,53.0,2.33,49.0,6.51,68.0,0.0,1.8
Jared Rosholt,,14,4,0,187.96,120.2,190.5,Orthodox,1986-08-04,2.08,46.0,1.52,59.0,1.83,41.0,66.0,0.1
Kevin Rosier,,2,6,0,193.04,124.74,,Orthodox,,0.0,0.0,0.0,0.0,0.0,0.0,0.0,0.0
Zach Rosol,,3,2,0,,110.22,,,,0.0,0.0,14.21,25.0,0.0,0.0,0.0,0.0
Shannon Ross,The Turkish Delight,13,9,0,167.64,56.7,167.64,Switch,1989-05-12,5.96,39.0,7.39,55.0,0.0,0.0,100.0,0.0
Nick Rossborough,Leatherface,26,19,1,195.58,92.99,,,1981-11-18,2.8,35.0,4.33,35.0,0.0,0.0,100.0,0.0
Kristian Rothaermel,,4,3,0,182.88,92.99,,Open Stance,1972-01-31,0.75,50.0,2.49,41.0,0.0,0.0,0.0,0.0
Ben Rothwell,,39,14,0,193.04,120.2,198.12,Orthodox,1981-10-17,3.71,42.0,4.63,47.0,0.68,34.0,70.0,0.4
Rick Roufus,,4,6,0,182.88,93.89,,Southpaw,1966-06-03,0.53,33.0,1.06,33.0,0.0,0.0,50.0,0.0
Khalil Rountree Jr.,,15,7,01,185.42,92.99,193.04,Southpaw,1990-02-26,3.88,40.0,4.33,49.0,0.0,0.0,58.0,0.1
Ronda Rousey,Rowdy,12,2,0,170.18,61.23,167.64,Orthodox,1987-02-01,4.17,52.0,4.14,44.0,6.26,68.0,50.0,4.8
Ray Routh,,2,1,0,172.72,83.91,,Orthodox,,0.54,21.0,3.22,28.0,2.69,33.0,0.0,0.0
Roberta Rovel,Crusher,4,1,0,172.72,65.77,,,,0.87,46.0,3.0,26.0,0.0,0.0,100.0,0.0
Phil Rowe,The Fresh Prince,11,7,0,190.5,77.11,203.2,Orthodox,1990-07-18,3.51,49.0,4.15,50.0,0.46,36.0,53.0,0.2
Cam Rowston,,15,3,0,190.5,83.91,198.12,Orthodox,1995-01-19,4.26,46.0,2.62,51.0,0.5,50.0,33.0,0.5
Kain Royer,,2,2,0,,83.91,,,,0.0,0.0,1.63,14.0,0.0,0.0,0.0,4.1
Brad Royster,,1,2,0,,61.23,,,,0.0,0.0,0.0,0.0,0.0,0.0,0.0,0.0
Brandon Royval,Raw Dawg,17,9,0,175.26,56.7,172.72,Southpaw,1992-08-16,5.54,41.0,4.25,43.0,0.65,75.0,45.0,1.1
Jairzinho Rozenstruik,Bigi Boy,15,6,0,187.96,109.77,198.12,Orthodox,1988-03-17,3.48,48.0,2.63,52.0,0.0,0.0,72.0,0.0
Mauricio Rua,Shogun,27,14,1,185.42,92.99,193.04,Orthodox,1981-11-25,3.57,50.0,2.79,54.0,2.01,48.0,49.0,0.7
Murilo Rua,Ninja,20,13,1,180.34,83.91,,Orthodox,1980-05-22,2.48,45.0,1.85,53.0,1.97,45.0,37.0,1.2
Marco Ruas,King of the Streets,9,4,2,185.42,95.25,,Orthodox,1961-01-23,0.0,0.0,0.0,0.0,0.0,0.0,0.0,0.0
Rodrigo Ruas,,4,5,11,177.8,83.91,,Orthodox,1977-10-06,1.28,35.0,7.0,41.0,0.0,0.0,0.0,0.0
Rodolfo Rubio Perez,Fito,10,16,1,165.1,65.77,,Orthodox,1987-01-29,1.13,36.0,1.0,62.0,2.0,33.0,33.0,0.0
Robert Ruchala,Faker,11,3,0,172.72,65.77,182.88,Switch,1998-05-15,3.37,34.0,5.2,45.0,1.0,22.0,71.0,0.0
Gabe Ruediger,Godzilla,18,8,0,177.8,70.31,,Orthodox,1977-08-29,1.7,31.0,5.16,41.0,2.04,11.0,28.0,0.0
Mauricio Ruffy,,13,2,0,180.34,70.31,190.5,Orthodox,1996-06-17,4.19,58.0,4.09,58.0,0.0,0.0,85.0,0.0
Eddie Ruiz,,1,1,0,170.18,70.31,,Orthodox,1967-06-10,0.2,25.0,1.4,47.0,2.0,12.0,0.0,0.0
Anthony Ruiz,El Toro,33,22,0,187.96,92.99,,Orthodox,1977-11-03,2.56,64.0,1.67,28.0,1.43,31.0,21.0,0.0
Paul Ruiz,,7,4,0,167.64,61.23,,,1987-06-23,1.4,33.0,1.4,75.0,0.0,0.0,100.0,20.9
Montserrat Conejo Ruiz,,10,5,0,152.4,52.16,154.94,Southpaw,1993-02-03,2.21,29.0,6.19,44.0,1.75,50.0,44.0,0.6
Mike Russow,,15,3,01,185.42,115.67,185.42,Orthodox,1976-09-11,1.55,47.0,2.9,59.0,4.66,43.0,0.0,0.7
Bas Rutten,El Guapo,28,4,1,185.42,92.99,,Orthodox,1965-02-24,5.59,61.0,2.06,79.0,0.0,0.0,0.0,0.0
Mashrabjon Ruzibaev,Black Junior,20,4,1,172.72,70.31,170.18,Orthodox,1996-02-16,0.0,0.0,0.0,0.0,0.0,0.0,0.0,0.0
Nursulton Ruziboev,Black,36,9,22,195.58,83.91,193.04,Orthodox,1993-11-19,2.59,46.0,2.89,48.0,0.75,66.0,33.0,0.0
Casey Ryan,,7,3,0,,83.91,,,1987-06-27,0.0,0.0,0.0,0.0,0.0,0.0,0.0,0.0
Yusup Saadulaev,Maestro,16,4,11,167.64,61.23,,,1985-03-31,0.57,45.0,0.96,66.0,5.73,60.0,0.0,1.0
Cameron Saaiman,MSP,9,3,0,172.72,61.23,170.18,Southpaw,2000-12-20,5.3,46.0,4.14,51.0,0.89,28.0,47.0,0.7
Pete Sabala,,3,15,0,,61.23,,,,0.0,0.0,0.0,0.0,0.0,0.0,0.0,0.0
Danny Sabatello,Italian Gangster,9,1,0,177.8,61.23,180.34,Orthodox,1993-03-31,2.07,57.0,0.2,25.0,3.0,75.0,100.0,1.0
Pat Sabatini,,21,5,0,172.72,65.77,177.8,Orthodox,1990-11-09,1.69,59.0,1.09,50.0,4.48,50.0,50.0,1.5
Amir Sadollah,,6,5,0,177.8,77.11,190.5,Orthodox,1980-08-27,4.71,46.0,3.55,60.0,0.57,27.0,60.0,0.3
Nazim Sadykhov,Black Wolf,11,2,1,177.8,70.31,175.26,Southpaw,1994-05-16,4.79,49.0,5.49,49.0,1.1,45.0,72.0,0.2
Frankie Saenz,,13,7,0,167.64,61.23,167.64,Orthodox,1980-08-12,3.94,47.0,3.5,52.0,1.74,31.0,61.0,0.1
Terrance Saeteurn,Wrong Turn,8,2,0,167.64,56.7,170.18,Orthodox,1995-05-30,3.82,40.0,3.82,52.0,0.0,0.0,0.0,0.0
Saparbeg Safarov,,9,3,0,185.42,83.91,198.12,Orthodox,1986-10-14,4.03,48.0,2.96,47.0,2.52,41.0,33.0,0.0
Tarec Saffiedine,Sponge,16,7,0,177.8,77.11,177.8,Switch,1986-09-06,4.05,47.0,3.06,62.0,0.52,36.0,84.0,0.1
Jason Saggo,,12,4,0,180.34,70.31,180.34,Orthodox,1985-11-23,2.5,39.0,2.94,52.0,2.33,40.0,23.0,0.0
Kiru Sahota,,12,3,0,177.8,56.7,185.42,Orthodox,1995-05-28,4.05,52.0,2.64,41.0,0.92,33.0,50.0,0.5
Tatsuya Saika,Yanbo,11,5,0,182.88,70.31,185.42,Orthodox,1990-09-18,6.67,44.0,9.91,43.0,0.0,0.0,66.0,0.0
Mridul Saikia,Crusher,8,1,0,170.18,56.7,172.72,Orthodox,1997-05-09,0.91,28.0,2.74,36.0,0.0,0.0,0.0,0.0
Kaushik Saikumar,The Pride of Chennai,5,1,0,177.8,61.23,180.34,Orthodox,1997-12-11,0.81,28.0,5.35,41.0,0.0,0.0,33.0,1.2
Benoit Saint Denis,God of War,17,3,01,180.34,70.31,185.42,Southpaw,1995-12-18,5.62,58.0,4.09,42.0,4.19,35.0,72.0,1.8
Ovince Saint Preux,,27,18,0,190.5,92.99,203.2,Southpaw,1983-04-08,3.03,47.0,3.33,47.0,1.09,36.0,67.0,0.5
Lukasz Sajewski,Wookie,13,3,0,172.72,70.31,180.34,Orthodox,1990-11-27,2.06,35.0,3.88,57.0,1.01,25.0,66.0,0.0
Yukio Sakaguchi,,6,7,0,175.26,83.91,,Orthodox,1973-07-26,0.3,25.0,2.4,50.0,4.5,100.0,0.0,9.0
Augusto Sakai,,16,5,1,190.5,120.2,195.58,Orthodox,1991-05-09,4.6,49.0,3.83,48.0,0.23,40.0,56.0,0.0
Alessio Sakara,Legionarius,19,11,02,182.88,83.91,182.88,Orthodox,1981-09-02,3.96,47.0,2.8,59.0,2.18,78.0,62.0,0.0
Wataru Sakata,,11,14,0,175.26,88.45,,Southpaw,1973-03-11,1.11,61.0,2.08,31.0,0.0,0.0,0.0,0.0
Gokhan Saki,The Rebel,1,2,0,182.88,92.99,185.42,Orthodox,1983-10-19,7.09,58.0,4.57,53.0,0.0,0.0,100.0,0.0
Kazushi Sakuraba,The Gracie Hunter,26,17,12,182.88,83.91,,Southpaw,1969-07-14,1.26,41.0,2.03,51.0,1.26,31.0,48.0,1.7
Hayato Sakurai,Mach,38,13,2,170.18,76.2,,Orthodox,1975-08-24,2.45,49.0,1.94,59.0,1.87,69.0,56.0,0.3
Ryuta Sakurai,,24,24,6,170.18,83.01,,Orthodox,1971-09-18,1.8,48.0,3.44,58.0,0.52,100.0,36.0,1.6
Justin Salas,J-Bomb,12,7,0,172.72,70.31,177.8,Southpaw,1982-03-13,3.42,43.0,2.96,68.0,2.43,20.0,0.0,0.0
Ivan Salaverry,,14,9,0,182.88,83.91,,Orthodox,1971-01-11,3.01,47.0,1.19,76.0,0.49,18.0,36.0,2.5
Roman Salazar,El Gallito,10,6,01,170.18,61.23,,Orthodox,1988-02-21,1.95,39.0,2.89,57.0,1.77,18.0,50.0,0.0
Luis Saldana,,16,7,1,180.34,65.77,185.42,Orthodox,1991-01-27,5.16,50.0,3.65,60.0,0.64,17.0,44.0,0.2
John Salgado,Greco,4,8,1,177.8,77.11,,,,0.99,50.0,1.86,40.0,0.0,0.0,50.0,0.0
Muslim Salikhov,King of Kung Fu,22,6,0,180.34,77.11,177.8,Orthodox,1984-06-09,3.37,49.0,2.96,62.0,1.07,32.0,72.0,0.0
Gabriel Salinas-Jones,,5,2,1,185.42,111.13,,,1984-11-20,0.0,0.0,0.0,0.0,0.0,0.0,0.0,0.0
Brandon Saling,White Steel,8,6,0,177.8,77.11,,,1986-01-28,2.88,40.0,6.08,20.0,0.0,0.0,57.0,0.0
Quillan Salkilld,,12,1,0,182.88,70.31,190.5,Orthodox,1999-12-28,5.16,57.0,3.24,44.0,7.95,36.0,90.0,0.8
Sean Salmon,,18,21,0,177.8,83.91,,Southpaw,1977-09-11,1.49,33.0,2.03,65.0,4.06,50.0,0.0,0.0
Boston Salmon,Boom Boom,6,3,0,175.26,61.23,175.26,Southpaw,1990-11-20,4.13,37.0,7.75,59.0,0.0,0.0,100.0,0.0
John Salter,,14,3,0,185.42,83.91,187.96,Southpaw,1985-03-21,1.68,32.0,1.68,68.0,2.85,46.0,66.0,0.5
Vinicius Salvador,,14,7,0,170.18,61.23,177.8,Southpaw,1996-07-24,5.48,43.0,6.5,48.0,0.36,11.0,86.0,0.0
Dylan Salvador,,5,2,0,175.26,70.31,175.26,Southpaw,1993-05-20,4.34,37.0,11.57,46.0,0.0,0.0,0.0,0.0
Josh Samman,Anqa,13,4,0,190.5,83.91,200.66,Orthodox,1988-03-14,2.08,52.0,2.47,34.0,1.09,33.0,33.0,0.4
Johnny Sampaio,,3,1,0,172.72,77.11,,Orthodox,1975-09-11,1.32,40.0,2.64,50.0,9.89,50.0,0.0,9.9
Josh Sampo,The Gremlin,11,5,0,162.56,56.7,162.56,Orthodox,1984-07-24,1.99,36.0,2.96,55.0,1.06,33.0,40.0,2.1
Josh San Diego,JSD,8,3,0,177.8,61.23,,,,0.0,0.0,0.0,0.0,0.0,0.0,0.0,0.0
Samuel Sanches,The Prodigy,11,1,0,177.8,70.31,187.96,Orthodox,2003-01-28,5.95,75.0,0.0,100.0,0.0,0.0,100.0,0.0
Diego Sanchez,Nightmare,31,13,0,177.8,77.11,182.88,Southpaw,1981-12-31,2.69,37.0,3.02,56.0,1.51,24.0,46.0,0.8
Eddie Sanchez,The Manic Hispanic,15,8,0,187.96,104.33,187.96,Orthodox,1982-11-04,3.45,43.0,3.3,43.0,1.13,26.0,42.0,0.0
Julian Sanchez,,0,1,0,190.5,136.08,,Orthodox,,0.0,0.0,0.0,0.0,0.0,0.0,0.0,0.0
Bobby Sanchez,The Kid,10,35,0,170.18,70.31,,Orthodox,1989-12-15,0.0,0.0,0.0,100.0,0.0,0.0,100.0,0.0
Donald Sanchez,,31,17,0,177.8,65.77,,,1984-08-18,0.58,50.0,1.16,55.0,0.0,0.0,50.0,0.0
Joby Sanchez,,11,4,0,167.64,61.23,172.72,Orthodox,1991-06-24,3.22,36.0,2.82,63.0,0.95,71.0,51.0,0.4
Emmanuel Sanchez,El Matador,15,3,0,175.26,65.77,180.34,,1990-08-11,4.45,35.0,4.17,55.0,0.25,6.0,16.0,0.5
Erick Sanchez,,8,3,0,177.8,65.77,,,1990-10-04,0.0,0.0,0.0,0.0,0.0,0.0,0.0,0.0
Andrew Sanchez,El Dirte,13,7,0,185.42,83.91,187.96,Orthodox,1988-04-08,4.3,43.0,5.1,50.0,2.55,36.0,100.0,0.0
Robert Sanchez,Littlefury,8,2,0,167.64,56.7,167.64,Orthodox,1986-03-05,0.96,40.0,1.78,46.0,3.61,62.0,50.0,0.7
Jesse Sanders,,23,7,0,182.88,77.11,,Orthodox,,0.0,0.0,6.45,35.0,0.0,0.0,50.0,0.0
Luke Sanders,Cool Hand,13,5,0,167.64,61.23,170.18,Southpaw,1985-12-12,6.61,52.0,4.37,50.0,0.71,30.0,72.0,0.2
Jerrod Sanders,J-Reazie,16,3,01,172.72,61.23,182.88,Orthodox,1979-10-01,0.88,64.0,1.14,46.0,2.2,33.0,50.0,1.6
Cory Sandhagen,,18,6,0,180.34,61.23,177.8,Switch,1992-04-20,4.86,45.0,3.47,56.0,1.15,34.0,56.0,0.2
Hugo Sandoval,,2,3,0,,61.23,,,,0.0,0.0,0.0,0.0,0.0,0.0,0.0,0.0
Raul Sandoval,,3,3,0,,58.97,,,,0.0,0.0,0.0,0.0,0.0,0.0,0.0,0.0
Joseph Sandoval,,7,7,0,170.18,61.23,,Southpaw,1986-05-11,1.82,42.0,12.12,60.0,0.0,0.0,0.0,0.0
Hector Sandoval,Kid Alex,14,4,0,157.48,56.7,162.56,Orthodox,1986-07-19,3.31,52.0,2.33,65.0,3.49,25.0,71.0,1.4
Chris Sanford,,5,1,0,180.34,83.91,,Orthodox,1968-03-12,0.23,50.0,3.22,17.0,0.0,0.0,0.0,3.5
Roldan Sangcha'an,The Executioner,4,2,0,162.56,56.7,,Orthodox,1990-12-04,2.71,46.0,2.15,51.0,1.94,60.0,68.0,0.0
Yuhi Sano,,0,4,0,180.34,110.22,,Orthodox,1965-02-02,0.0,0.0,0.0,0.0,0.0,0.0,0.0,0.0
Martin Sano,Spartan,4,3,1,180.34,77.11,190.5,Orthodox,1991-05-30,4.0,33.0,12.0,40.0,0.0,0.0,0.0,0.0
Jonathan Santa Maria,,3,4,0,175.26,56.7,,,,3.6,51.0,2.53,74.0,0.0,0.0,80.0,0.0
Duda Santana,Cowboyzinha,3,1,0,170.18,65.77,185.42,Orthodox,1996-01-10,6.01,39.0,2.72,73.0,6.44,60.0,0.0,0.0
Shaheen Santana,Shazam,6,1,0,185.42,70.31,190.5,Orthodox,1991-06-04,0.82,42.0,1.65,40.0,0.0,0.0,0.0,2.8
Neemias Santana,,7,3,1,187.96,83.91,193.04,Orthodox,1996-07-10,1.67,34.0,2.0,52.0,0.0,0.0,0.0,0.0
Sean Santella,Shorty Rock,17,6,11,165.1,56.7,,,1984-10-25,0.0,0.0,0.0,0.0,0.0,0.0,0.0,0.0
Jorge Santiago,The Sandman,25,12,0,185.42,77.11,190.5,Orthodox,1980-10-09,1.69,35.0,2.62,56.0,0.58,30.0,52.0,0.8
Mike Santiago,,19,12,0,177.8,65.77,175.26,Orthodox,1989-07-28,3.44,49.0,3.58,36.0,2.66,50.0,53.0,1.1
Will Santiago,The Brown Bomber,9,5,0,170.18,83.91,,Orthodox,1983-02-08,1.47,39.0,5.53,56.0,1.0,50.0,100.0,0.0
Richie Santiago,The Milford Mauler,7,2,0,170.18,61.23,170.18,Southpaw,1992-10-10,3.87,49.0,4.87,42.0,0.0,0.0,25.0,0.0
Jose Santibanez,,10,3,0,,70.31,,,1980-01-18,0.0,0.0,0.0,0.0,0.0,0.0,0.0,0.0
Art Santore,Pachuco,18,8,0,187.96,83.91,,,1972-10-26,1.4,12.0,7.31,52.0,0.0,0.0,100.0,0.0
Adriano Santos,,0,1,0,,,,,,0.0,0.0,0.0,0.0,0.0,0.0,0.0,0.0
Paulo Santos,,0,3,0,,,,,,0.0,0.0,0.0,0.0,0.0,0.0,0.0,0.0
Evangelista Santos,Cyborg,21,18,0,177.8,77.11,193.04,Orthodox,1977-12-12,3.94,36.0,6.01,49.0,0.78,100.0,50.0,0.4
Luis Santos,,63,10,11,185.42,77.11,,Southpaw,1980-01-02,4.4,57.0,4.0,64.0,0.0,0.0,0.0,0.0
Iliarde Santos,,30,13,11,165.1,56.7,170.18,Orthodox,1980-09-25,3.0,30.0,6.1,57.0,1.66,23.0,83.0,0.0
Leonardo Santos,,18,7,1,182.88,70.31,190.5,Orthodox,1980-02-05,2.82,46.0,3.4,54.0,0.88,25.0,86.0,0.2
Thiago Santos,Marreta,22,11,0,187.96,92.99,193.04,Orthodox,1984-01-07,3.72,48.0,2.57,53.0,0.88,33.0,65.0,0.1
Bruno Santos,Carioca,15,2,0,175.26,83.91,,Orthodox,1987-07-17,1.18,46.0,2.27,56.0,3.0,37.0,66.0,0.3
Andre Santos,Chatuba,38,10,0,182.88,77.11,,,,2.77,34.0,4.17,41.0,2.5,29.0,75.0,0.0
Gleristone Santos,Toninho Furia,33,7,0,175.26,65.77,,,1988-08-20,3.4,31.0,4.4,64.0,0.0,0.0,75.0,0.0
Yana Santos,,17,8,01,167.64,61.23,172.72,Orthodox,1989-11-11,4.41,57.0,3.12,52.0,0.78,47.0,51.0,0.1
Taila Santos,,19,3,0,167.64,56.7,172.72,Orthodox,1993-06-22,3.39,48.0,2.64,58.0,2.0,76.0,86.0,1.1
Marilia Santos,Chocolate,10,3,0,162.56,56.7,,Orthodox,1992-12-12,4.4,54.0,4.07,53.0,1.0,100.0,66.0,1.0
Edivan Santos,Pe De Sapo,12,3,11,193.04,112.49,198.12,Orthodox,1992-05-03,1.55,48.0,7.09,26.0,0.0,0.0,25.0,0.0
Daniel Santos,Willycat,14,2,0,170.18,65.77,170.18,Orthodox,1995-03-12,4.76,40.0,5.03,51.0,3.01,40.0,73.0,0.0
Gabriel Santos,Mosquitinho,12,2,0,175.26,65.77,177.8,Orthodox,1996-11-28,4.35,60.0,4.31,45.0,3.8,54.0,87.0,1.2
Luana Santos,,10,2,0,167.64,61.23,170.18,Orthodox,2000-04-16,2.99,52.0,2.93,63.0,2.17,47.0,85.0,1.2
Djorden Santos,Shakur,11,2,0,182.88,83.91,190.5,Orthodox,1997-08-01,7.0,44.0,5.98,48.0,0.67,33.0,86.0,0.0
Mairon Santos,The Legend,18,1,0,170.18,65.77,182.88,Orthodox,2000-06-10,3.33,48.0,2.24,65.0,0.0,0.0,69.0,0.0
Nick Sanzo,,1,1,0,175.26,86.18,,,1963-01-16,0.0,0.0,0.0,0.0,0.0,0.0,0.0,0.0
Bob Sapp,The Beast,11,20,0,195.58,158.76,,Orthodox,1974-09-22,3.19,55.0,1.88,49.0,0.58,100.0,72.0,0.0
Daniel Sarafian,,10,6,0,175.26,83.91,185.42,Orthodox,1982-08-21,2.23,46.0,3.1,58.0,0.36,7.0,53.0,0.7
Jeka Saragih,,14,5,0,172.72,65.77,175.26,Orthodox,1995-01-01,2.75,50.0,2.82,40.0,2.17,80.0,66.0,0.5
Diego Saraiva,The Octopus,22,20,1,167.64,70.31,,Orthodox,1982-04-23,1.64,32.0,3.58,62.0,1.33,40.0,0.0,0.7
Gokhan Saricam,,12,2,0,190.5,120.2,190.5,Orthodox,1991-02-28,5.87,47.0,6.18,38.0,0.0,0.0,100.0,0.0
Harris Sarmiento,The Hitman,36,26,0,175.26,70.31,,Orthodox,1983-09-09,0.84,25.0,3.46,36.0,2.36,60.0,57.0,0.0
Alexander Sarnavskiy,Tiger,35,6,0,180.34,70.31,,,1989-01-17,1.43,66.0,2.06,42.0,0.0,0.0,75.0,0.0
Yuki Sasaki,,25,22,2,187.96,83.91,,Orthodox,1976-09-12,1.09,43.0,1.2,57.0,0.43,100.0,66.0,0.0
Kyosuke Sasaki,,3,7,4,170.18,83.01,,Southpaw,1979-10-07,0.33,45.0,0.93,46.0,0.0,0.0,0.0,0.0
Yuta Sasaki,Ulka,21,6,2,177.8,56.7,180.34,Southpaw,1989-10-07,2.16,41.0,2.5,50.0,3.03,43.0,41.0,1.2
Paul Sass,,14,2,0,182.88,70.31,185.42,Orthodox,1988-08-04,0.53,26.0,1.9,51.0,0.53,16.0,33.0,7.4
Keisuke Sasu,Sasuke,11,3,1,165.1,65.77,175.26,Switch,1994-09-30,2.76,49.0,2.42,48.0,3.76,40.0,61.0,1.9
Masaaki Satake,,1,8,1,185.42,99.79,,Orthodox,1965-08-17,1.4,35.0,3.76,41.0,0.0,0.0,58.0,0.0
Takenori Sato,,19,11,71,177.8,77.11,,Southpaw,1985-06-08,0.46,33.0,12.92,9.0,0.0,0.0,0.0,0.0
Takashi Sato,Ten,16,7,0,177.8,77.11,185.42,Southpaw,1990-06-09,2.21,41.0,3.73,44.0,0.76,37.0,60.0,0.0
Shogo Sato,Tora,5,1,01,170.18,77.11,167.64,Southpaw,1993-06-08,2.14,25.0,25.71,29.0,0.0,0.0,0.0,0.0
Uran Satybaldiev,Gorilla,9,1,0,193.04,92.99,200.66,Orthodox,1994-08-10,2.14,25.0,3.66,44.0,0.0,0.0,50.0,1.7
Jeimeson Saudino,The Minion,8,5,0,167.64,61.23,,,1991-03-05,0.66,30.0,0.82,84.0,2.47,50.0,0.0,2.5
Tom Sauer,,25,12,0,185.42,119.29,,,1970-11-11,0.0,0.0,0.0,0.0,0.0,0.0,0.0,0.0
Townsend Saunders,,0,2,0,165.1,77.11,,Orthodox,,0.0,0.0,0.0,0.0,0.0,0.0,0.0,0.0
Ben Saunders,Killa B,22,13,2,187.96,77.11,195.58,Orthodox,1983-04-13,3.23,50.0,3.58,51.0,0.2,40.0,66.0,1.3
Chad W. Saunders,,7,2,0,177.8,77.11,,Orthodox,,0.0,0.0,0.0,0.0,0.0,0.0,0.0,0.0
Chris Saunders,The So Cal Kid,16,8,0,172.72,70.31,,,1986-03-11,1.48,22.0,2.96,75.0,3.7,100.0,0.0,0.0
Christien Savoie,The Tiger,10,2,1,180.34,77.11,182.88,Orthodox,1992-08-29,1.39,45.0,6.95,23.0,0.0,0.0,12.0,0.0
Lumumba Sayers,,6,5,0,182.88,83.91,,,1978-06-30,2.54,41.0,2.37,48.0,7.63,75.0,0.0,2.5
Matt Sayles,,8,4,0,170.18,70.31,172.72,Orthodox,1994-02-21,4.83,41.0,2.81,61.0,0.36,16.0,81.0,0.7
Brandon Sayles,Man of War,5,1,0,195.58,120.2,,,1981-04-23,0.0,0.0,0.0,0.0,0.0,0.0,0.0,0.0
Mikheil Sazhiniani,Spartan,13,3,0,182.88,92.99,180.34,Orthodox,1996-10-05,2.27,28.0,3.03,52.0,0.0,0.0,100.0,0.0
Mark Scanlon,,9,2,0,175.26,77.11,,Orthodox,,2.2,35.0,3.33,48.0,3.0,75.0,25.0,2.0
Eric Schafer,Red,14,8,2,190.5,83.91,193.04,Orthodox,1977-09-20,1.89,34.0,3.38,56.0,1.81,36.0,50.0,1.8
Kerry Schall,Meat Truck,24,13,01,187.96,120.2,,Orthodox,1971-08-09,0.94,11.0,4.84,63.0,0.0,0.0,0.0,0.0
Eric Schambari,,15,6,0,180.34,83.91,,Orthodox,1978-04-22,1.43,42.0,1.07,54.0,3.0,42.0,0.0,1.0
Brendan Schaub,Big Brown,10,5,0,193.04,111.13,198.12,Orthodox,1983-03-18,2.92,37.0,2.22,57.0,2.32,46.0,72.0,0.4
Matheus Scheffel,Buffa,14,7,0,187.96,92.99,190.5,Orthodox,1992-11-04,1.33,36.0,3.0,47.0,0.0,0.0,100.0,0.0
Antonio Schembri,Nino,5,5,0,175.26,92.99,,Orthodox,1974-06-01,0.72,26.0,2.12,55.0,1.31,40.0,0.0,0.4
Fabiano Scherner,Pegaleve,11,10,03,190.5,116.57,,Orthodox,1972-06-30,1.31,31.0,3.2,38.0,1.09,33.0,40.0,0.0
Samy Schiavo,,10,6,0,172.72,70.31,,Orthodox,1975-12-24,1.68,34.0,2.62,38.0,0.94,50.0,66.0,0.9
Pat Schilling,Thrilling,5,2,0,172.72,65.77,,Orthodox,1988-08-28,1.87,26.0,8.24,52.0,0.0,0.0,0.0,0.0
Joe Schilling,,2,5,0,190.5,83.91,,,,2.84,52.0,2.64,48.0,0.0,0.0,44.0,0.0
Semmy Schilt,Hightower,26,14,1,208.28,120.2,,Orthodox,1973-10-27,1.2,50.0,1.31,53.0,0.0,0.0,47.0,1.1
Adam Schindler,,10,6,0,172.72,70.31,,,1983-05-19,0.0,0.0,0.0,0.0,0.0,0.0,0.0,0.0
Ollie Schmid,The Hungarian Stallion,4,3,0,182.88,65.77,180.34,Orthodox,2000-12-28,0.0,0.0,0.0,0.0,0.0,0.0,0.0,0.0
Daniel Schmitt,,2,3,0,,83.91,,,,0.0,0.0,0.0,0.0,0.0,0.0,0.0,0.0
Colleen Schneider,,11,7,0,,61.23,,,1982-03-12,2.17,48.0,2.5,50.0,2.5,50.0,60.0,0.0
Matt Schnell,Danger,17,10,01,172.72,56.7,177.8,Orthodox,1990-01-15,4.07,40.0,4.11,55.0,0.6,45.0,43.0,1.2
Alex Schoenauer,,15,10,0,190.5,83.91,,Orthodox,1976-05-05,1.22,40.0,2.27,42.0,0.0,0.0,22.0,4.9
Bailey Schoenfelder,Berserk,5,1,0,190.5,120.2,193.04,Orthodox,1997-09-22,0.0,0.0,9.86,53.0,0.0,0.0,0.0,0.0
Darrill Schoonover,The Boss,14,8,0,187.96,99.79,,Orthodox,1985-07-18,1.2,33.0,4.35,38.0,0.0,0.0,50.0,1.1
Bob Schrijber,Dirty,20,17,1,182.88,108.86,,Orthodox,1965-03-03,0.0,0.0,0.0,0.0,0.0,0.0,0.0,0.0
Nate Schroeder,,11,10,0,185.42,104.33,,,1973-06-02,0.0,0.0,0.0,0.0,0.0,0.0,0.0,0.0
Lacey Schuckman,,11,10,0,160.02,56.7,,,1988-07-16,0.0,0.0,0.0,0.0,0.0,0.0,0.0,0.0
Mark Schultz,,1,1,0,175.26,90.72,,Orthodox,1960-10-26,0.0,0.0,0.0,0.0,0.0,0.0,0.0,0.0
Wes Schultz,Party Time,9,3,0,185.42,83.91,195.58,Orthodox,1996-08-09,4.6,43.0,4.97,45.0,4.52,25.0,0.0,1.1
Brian Schwartz,,1,1,0,190.5,77.11,,Orthodox,,1.27,44.0,0.87,45.0,0.0,0.0,50.0,1.0
Eric Schwartz,,2,0,0,,92.99,,,,0.0,0.0,0.0,0.0,0.0,0.0,0.0,0.0
Justin Scoggins,,11,5,0,170.18,56.7,167.64,Southpaw,1992-05-02,3.56,51.0,2.16,55.0,3.42,63.0,82.0,0.5
Brad Scott,Bear,11,6,0,185.42,77.11,193.04,Orthodox,1989-06-24,3.52,41.0,4.31,57.0,0.32,15.0,63.0,0.7
Greg Scott,,3,4,0,175.26,65.77,,,,3.9,55.0,7.79,37.0,11.69,100.0,0.0,0.0
Louis Lee Scott,Lightning,10,0,0,172.72,61.23,177.8,Orthodox,2000-02-26,5.35,58.0,0.81,71.0,2.43,66.0,100.0,0.0
Zachary Scroggin,,7,1,0,190.5,77.11,187.96,Orthodox,1996-03-09,2.4,37.0,8.8,68.0,0.0,0.0,0.0,0.0
Mike Seal,Crazy Boy,13,15,11,193.04,83.91,,Orthodox,1977-07-30,5.5,68.0,3.33,50.0,0.0,0.0,33.0,0.0
Demba Seck,Black Tiger,10,3,0,185.42,65.77,187.96,Orthodox,1993-07-07,1.5,40.0,5.25,22.0,0.0,0.0,60.0,0.0
Matt Secor,,8,4,0,182.88,77.11,,,1986-09-26,0.51,20.0,0.81,50.0,3.03,100.0,0.0,3.0
Kenneth Seegrist,,4,7,0,182.88,83.91,,Orthodox,1980-10-21,3.21,66.0,1.28,0.0,0.0,0.0,40.0,14.4
Neil Seery,2Tap,16,13,0,162.56,56.7,162.56,Orthodox,1979-08-30,3.56,41.0,3.79,58.0,0.78,27.0,53.0,1.6
Rony Sefo,,0,2,0,175.26,102.06,,Orthodox,1972-04-10,0.0,0.0,0.43,0.0,0.0,0.0,0.0,0.0
Ray Sefo,Sugarfoot,2,2,0,182.88,108.86,,Orthodox,1971-02-15,0.86,31.0,1.71,72.0,0.0,0.0,66.0,0.0
Brendan Seguin,,23,19,1,182.88,83.91,,,1976-07-03,2.6,45.0,0.6,84.0,5.0,62.0,100.0,0.0
Tetsuya Seki,,14,8,1,177.8,70.31,,,1994-02-08,0.0,0.0,0.0,0.0,0.0,0.0,0.0,0.0
Stefan Sekulic,,12,4,0,182.88,77.11,190.5,Southpaw,1992-02-12,1.83,50.0,2.83,64.0,2.0,33.0,25.0,0.5
Pete Sell,Drago,10,7,0,180.34,77.11,190.5,Orthodox,1982-08-05,2.6,42.0,3.65,51.0,0.91,21.0,47.0,0.9
Matthew Semelsberger,Semi The Jedi,11,8,0,185.42,77.11,190.5,Switch,1992-11-23,3.77,42.0,4.24,54.0,1.01,57.0,45.0,0.4
Andrei Semenov,,34,9,2,182.88,83.91,,Orthodox,1977-06-17,0.78,15.0,2.44,60.0,1.74,80.0,55.0,0.4
Mackens Semerzier,Da Menace,8,4,01,175.26,65.77,182.88,Orthodox,1980-11-03,2.91,45.0,3.48,46.0,2.14,50.0,50.0,2.1
Brandon Sene,,2,2,0,180.34,92.99,,,1981-05-21,0.0,0.0,0.0,0.0,0.0,0.0,0.0,0.0
YeDam Seo,,7,4,0,160.02,52.16,160.02,Orthodox,1992-03-20,1.07,27.0,2.4,58.0,0.5,20.0,42.0,0.0
DongHyun Seo,Pinnacle,7,3,1,170.18,65.77,170.18,Orthodox,1990-08-22,4.91,63.0,3.35,41.0,0.0,0.0,0.0,0.0
Kim In Seok,,3,6,0,167.64,65.77,,Orthodox,1980-10-10,0.87,37.0,5.19,60.0,0.0,0.0,0.0,0.0
Ray Seraille,,8,9,0,190.5,111.58,,,1979-06-23,5.29,27.0,17.65,41.0,0.0,0.0,0.0,0.0
Ivan Serati,,12,4,0,182.88,92.99,,Orthodox,,0.86,26.0,5.33,29.0,0.0,0.0,0.0,0.0
Alex Serdyukov,The Russian Crusher,8,5,0,187.96,77.11,187.96,Orthodox,1980-05-24,4.94,48.0,3.1,46.0,1.84,55.0,67.0,1.8
Nicholas Sergiacomi,,1,1,0,,77.11,,,,4.38,55.0,3.94,59.0,0.0,0.0,0.0,0.0
Matt Serra,The Terra,11,7,0,167.64,77.11,172.72,Orthodox,1974-06-02,1.98,39.0,2.64,46.0,2.05,20.0,38.0,0.9
Nick Serra,The Mad Monkey,7,3,0,175.26,77.11,,Orthodox,1978-03-27,0.0,0.0,1.73,43.0,1.0,10.0,0.0,2.0
Adrian Serrano,,56,29,4,172.72,77.11,,,1963-12-23,0.0,0.0,0.0,0.0,0.0,0.0,0.0,0.0
Fredy Serrano,El Profe,3,2,0,160.02,56.7,165.1,Orthodox,1979-09-22,1.58,26.0,1.89,61.0,2.84,25.0,84.0,0.0
Carl Seumanutafa,,10,8,0,185.42,115.67,,Orthodox,1983-06-15,0.0,0.0,3.33,75.0,0.0,0.0,0.0,0.0
Igor Severino,,8,1,0,170.18,56.7,175.26,Orthodox,2003-04-21,7.17,52.0,4.33,47.0,9.69,71.0,50.0,0.0
Dan Severn,The Beast,101,19,1,187.96,113.4,,Southpaw,1958-06-08,0.0,0.0,0.0,0.0,0.0,0.0,0.0,0.0
Rosi Sexton,The Surgeon,13,5,0,160.02,61.23,,Orthodox,1977-07-16,3.31,39.0,7.42,41.0,0.75,10.0,80.0,0.0
Rodrigo Sezinando,,9,2,0,175.26,77.11,180.34,Orthodox,1997-12-11,2.25,27.0,8.76,42.0,3.37,25.0,66.0,0.0
Scott Shaffer,,0,1,0,170.18,65.77,,Orthodox,,2.4,67.0,0.53,50.0,0.0,0.0,72.0,3.0
Edmen Shahbazyan,The Golden Boy,16,5,0,187.96,83.91,190.5,Orthodox,1997-11-20,3.8,48.0,3.6,49.0,1.62,37.0,66.0,0.4
Leon Shahbazyan,,7,2,0,193.04,77.11,187.96,Orthodox,1995-11-18,6.33,52.0,8.18,32.0,1.46,50.0,0.0,0.0
Don Shainis,Shameless,12,5,0,167.64,65.77,170.18,Orthodox,1990-09-16,3.42,50.0,5.87,31.0,0.97,25.0,20.0,1.9
Liliya Shakirova,,8,2,0,162.56,56.7,165.1,Orthodox,1991-10-24,2.7,30.0,2.58,74.0,0.0,0.0,0.0,0.0
Kamal Shalorus,Prince of Persia,9,5,2,172.72,70.31,172.72,Orthodox,1972-08-27,3.06,32.0,2.99,70.0,2.07,50.0,80.0,0.0
Ken Shamrock,The World's Most Dangerous Man,28,17,2,185.42,92.99,182.88,Orthodox,1964-02-11,1.47,46.0,4.3,39.0,0.94,60.0,44.0,2.5
Frank Shamrock,,23,10,2,177.8,83.91,,Orthodox,1972-12-08,4.75,53.0,4.66,57.0,0.35,50.0,37.0,1.1
Shang Zhifa,Northeast Flying Tiger,32,8,0,170.18,56.7,160.02,Orthodox,1986-03-15,1.27,32.0,1.27,60.0,2.0,100.0,0.0,0.0
Sean Sharaf,The Smoke,4,2,0,190.5,114.31,195.58,Orthodox,1993-07-11,7.41,43.0,15.0,42.0,0.93,11.0,0.0,0.0
Priya Sharma,The Catwoman,5,2,0,154.94,52.16,149.86,Orthodox,1991-08-29,1.33,16.0,3.2,40.0,0.0,0.0,55.0,0.0
Jason Sharp,,3,3,0,,92.99,,,,0.0,0.0,0.0,0.0,0.0,0.0,0.0,0.0
Eric Shelton,Showtime,12,6,0,167.64,56.7,172.72,Orthodox,1991-02-02,2.57,42.0,1.88,63.0,2.83,51.0,46.0,0.2
Sean Sherk,The Muscle Shark,36,4,1,167.64,70.31,170.18,Orthodox,1973-08-05,2.17,35.0,2.71,55.0,4.09,46.0,56.0,0.4
Chase Sherman,The Vanilla Gorilla,16,12,0,193.04,113.4,198.12,Orthodox,1989-11-16,6.04,45.0,6.65,52.0,0.09,50.0,74.0,0.0
Valentina Shevchenko,Bullet,26,4,1,165.1,56.7,167.64,Southpaw,1988-03-07,3.04,52.0,2.0,63.0,2.65,61.0,76.0,0.3
Antonina Shevchenko,La Pantera,10,4,0,172.72,56.7,170.18,Southpaw,1984-11-20,3.86,55.0,2.93,52.0,0.43,42.0,53.0,0.4
Shi Ming,,17,6,0,157.48,52.16,152.4,Orthodox,1994-11-14,3.12,36.0,2.92,53.0,0.81,30.0,57.0,0.0
Katsuyori Shibata,,4,11,1,182.88,76.2,,Orthodox,1979-11-17,2.06,35.0,2.4,53.0,0.49,50.0,53.0,0.7
Jake Shields,,31,9,11,182.88,77.11,182.88,Orthodox,1979-01-09,2.45,36.0,1.8,56.0,2.83,29.0,35.0,1.2
Henrique Shiguemoto,,13,4,1,180.34,83.91,182.88,Orthodox,1989-06-22,3.6,33.0,6.0,16.0,0.0,0.0,50.0,0.0
Shunichi Shimizu,,30,18,111,165.1,61.23,,Orthodox,1985-01-31,0.14,33.0,4.68,30.0,0.0,0.0,0.0,0.0
Youmin Shin,,6,1,0,,61.23,,,,0.0,0.0,0.0,0.0,0.0,0.0,0.0,0.0
Wade Shipp,The Nightmare,11,5,0,190.5,111.13,,Orthodox,1975-02-09,4.29,86.0,2.14,0.0,0.0,0.0,75.0,0.0
Raja Shippen,,18,11,1,167.64,65.77,,,1986-10-07,0.0,0.0,0.0,0.0,0.0,0.0,0.0,0.0
Yuya Shirai,,26,14,2,172.72,76.2,,Orthodox,1980-04-02,1.02,100.0,4.07,55.0,0.0,0.0,0.0,0.0
Wes Shivers,,7,1,0,203.2,,,,1977-03-08,0.0,0.0,0.0,0.0,0.0,0.0,0.0,0.0
Alexander Shlemenko,Storm,56,9,01,180.34,83.91,,,1984-05-20,4.36,60.0,1.71,63.0,0.0,0.0,0.0,0.0
Josh Shockley,,11,4,0,185.42,70.31,,Orthodox,1989-11-15,1.4,33.0,1.75,60.0,0.0,0.0,61.0,0.8
Josh Shockman,The War Hammer,6,3,0,193.04,106.59,,Southpaw,1980-12-29,0.87,32.0,0.87,58.0,0.0,0.0,23.0,0.0
Akira Shoji,,14,17,5,172.72,88.45,,Orthodox,1974-01-31,1.03,34.0,2.63,53.0,1.79,73.0,82.0,0.4
Liudvik Sholinian,Palmeyros,9,4,1,177.8,61.23,180.34,Orthodox,1990-01-20,2.5,30.0,5.67,55.0,0.0,0.0,66.0,0.0
Jack Shore,Tank,17,3,0,172.72,65.77,180.34,Orthodox,1995-02-06,3.6,58.0,2.31,56.0,3.22,39.0,74.0,0.6
Landon Showalter,The Show,11,19,1,182.88,83.91,,,1976-06-14,0.0,0.0,0.0,0.0,0.0,0.0,0.0,0.0
Ivan Shtyrkov,Ural Hulk,15,0,1,182.88,92.99,187.96,Orthodox,1988-06-09,0.0,0.0,0.0,0.0,0.0,0.0,0.0,0.0
Brandon Shuey,Big Dawg,7,6,0,170.18,70.31,,Orthodox,1976-02-01,0.68,33.0,1.36,0.0,0.0,0.0,0.0,10.2
Ronal Siahaan,Naga Sakti,7,1,0,170.18,56.7,180.34,Southpaw,1996-05-05,0.63,66.0,6.17,25.0,0.0,0.0,25.0,0.0
Sam Sicilia,,15,8,0,172.72,65.77,170.18,Orthodox,1986-02-01,2.46,33.0,3.55,59.0,1.45,43.0,70.0,0.9
Kiril Sidelnikov,,11,4,0,180.34,104.33,,,1988-08-17,2.87,28.0,4.48,61.0,0.0,0.0,0.0,0.0
Serhiy Sidey,,12,2,0,180.34,61.23,182.88,Switch,1996-07-04,4.49,39.0,4.26,54.0,1.58,25.0,20.0,1.3
Steven Siler,Super,29,16,0,180.34,65.77,177.8,Orthodox,1987-02-15,3.21,41.0,2.96,54.0,0.47,21.0,55.0,1.6
Siala Siliga,Mighty Mo,12,5,0,185.42,131.54,,Orthodox,1970-10-08,1.08,26.0,1.96,50.0,1.47,50.0,80.0,0.0
Xavier Siller,Young Guns,5,5,0,165.1,56.7,,,1994-06-06,1.02,36.0,1.53,57.0,3.83,100.0,0.0,0.0
Assuerio Silva,,16,8,01,177.8,109.32,,Orthodox,1974-06-18,1.42,46.0,4.2,54.0,2.66,34.0,25.0,1.8
Anderson Silva,The Spider,34,11,01,187.96,83.91,195.58,Southpaw,1975-04-14,3.05,61.0,2.05,60.0,0.5,77.0,69.0,0.8
Wanderlei Silva,The Axe Murderer,35,13,11,180.34,92.99,187.96,Orthodox,1976-07-03,2.79,40.0,2.19,60.0,0.97,53.0,62.0,0.6
Thiago Silva,,19,6,02,187.96,92.99,187.96,Orthodox,1982-11-12,3.92,50.0,2.55,67.0,1.03,47.0,70.0,0.7
Paulo Cesar Silva,Giant,2,6,0,226.06,174.63,,Orthodox,1963-07-21,0.4,15.0,2.72,47.0,0.42,100.0,16.0,0.4
Jean Silva,White Bear,19,12,31,167.64,72.57,,Orthodox,1977-10-08,0.73,22.0,2.93,52.0,0.0,0.0,0.0,0.0
Edson Silva,Paredao,14,12,01,,92.99,,Orthodox,,2.69,14.0,5.37,50.0,0.0,0.0,0.0,0.0
Sidney Silva,,8,4,0,190.5,77.11,,Southpaw,1972-02-27,2.86,65.0,3.3,34.0,3.3,100.0,0.0,0.0
Jay Silva,,10,11,1,187.96,83.91,,Southpaw,1981-05-25,1.13,34.0,3.07,40.0,0.0,0.0,38.0,1.0
Antonio Silva,Bigfoot,19,12,1,193.04,119.75,208.28,Orthodox,1979-09-14,2.89,45.0,3.09,50.0,0.82,29.0,66.0,0.8
Fabio Silva,,1,8,0,180.34,92.99,,Orthodox,1982-03-31,0.09,11.0,5.9,38.0,0.0,0.0,0.0,0.0
Erick Silva,,19,9,01,182.88,77.11,187.96,Orthodox,1984-06-21,2.5,48.0,4.18,49.0,0.85,35.0,56.0,1.4
Leandro Silva,Buscape,20,6,11,175.26,70.31,182.88,Orthodox,1985-11-11,2.39,48.0,2.08,63.0,1.76,37.0,65.0,0.4
Claudio Silva,Hannibal,14,4,0,180.34,77.11,180.34,Southpaw,1982-09-06,2.48,42.0,3.0,46.0,2.85,26.0,44.0,1.1
Wagner Silva,Wagnao,6,3,0,182.88,77.11,,Orthodox,1987-02-07,1.69,29.0,2.87,65.0,0.0,0.0,58.0,0.0
Rafael Silva,Morcego,28,6,0,170.18,61.23,,,1985-03-20,0.67,50.0,0.73,67.0,0.0,0.0,25.0,1.0
Joaquim Silva,Netto BJJ,14,6,0,172.72,70.31,175.26,Southpaw,1989-02-05,3.43,43.0,4.17,53.0,0.34,50.0,70.0,0.8
Felipe Silva,,8,2,0,182.88,70.31,195.58,Orthodox,1984-05-08,5.4,50.0,1.8,59.0,1.0,100.0,71.0,0.0
Dayana Silva,,7,4,0,170.18,61.23,,Orthodox,1990-08-27,6.33,51.0,5.93,57.0,0.0,0.0,42.0,0.0
Bruno Silva,Bulldog,15,8,21,162.56,56.7,165.1,Orthodox,1990-03-16,3.95,51.0,4.69,51.0,2.01,25.0,72.0,0.2
Bruno Silva,Blindado,23,13,0,182.88,83.91,187.96,Orthodox,1989-07-13,3.86,48.0,5.35,41.0,0.77,22.0,74.0,0.0
Gabriel Silva,,8,2,0,167.64,61.23,180.34,Orthodox,1994-08-26,1.3,34.0,3.47,45.0,1.5,25.0,38.0,0.5
Jacob Silva,Lil Animal,6,4,0,165.1,56.7,170.18,Orthodox,1988-02-23,4.17,44.0,4.92,56.0,1.51,100.0,66.0,0.0
Natalia Silva,,20,5,1,162.56,56.7,165.1,Southpaw,1997-02-03,4.81,45.0,2.36,66.0,0.43,30.0,90.0,0.0
Jansey Silva,Jones,7,2,0,187.96,83.91,170.18,Orthodox,1995-05-30,0.46,40.0,2.32,33.0,0.0,0.0,0.0,0.0
Maria Silva,Viuva Negra,8,1,0,160.02,52.16,162.56,Orthodox,1995-12-19,3.0,57.0,1.13,62.0,2.0,100.0,55.0,0.5
Karine Silva,Killer,19,7,0,165.1,56.7,170.18,Orthodox,1993-12-02,2.24,38.0,2.74,52.0,1.93,50.0,26.0,1.6
Erik Silva,The King,9,4,0,175.26,65.77,180.34,Orthodox,1987-03-16,2.06,67.0,1.52,40.0,3.26,80.0,60.0,0.0
Janaina Silva,Jana-Iron-Hand,5,1,0,154.94,52.16,152.4,Orthodox,1992-02-16,0.0,0.0,1.5,62.0,0.0,0.0,0.0,0.0
Jhonata Silva,,8,2,0,165.1,56.7,167.64,Orthodox,1997-04-24,4.86,52.0,9.85,44.0,0.0,0.0,0.0,0.0
Jean Silva,Lord,17,3,0,170.18,65.77,175.26,Orthodox,1996-12-27,4.82,51.0,4.5,53.0,1.2,60.0,78.0,0.6
Danny Silva,El Puma,11,2,0,170.18,65.77,175.26,Switch,1997-01-30,6.35,54.0,7.1,61.0,2.06,36.0,75.0,0.2
Frank Silva,De Black,7,1,0,,56.7,,,2004-08-25,0.0,0.0,0.0,0.0,0.0,0.0,0.0,0.0
Samuel Silva,Caveira,13,5,1,182.88,70.31,182.88,Orthodox,1996-01-02,2.58,27.0,8.61,37.0,0.0,0.0,0.0,0.0
Douglas Silva de Andrade,D Silva,29,7,01,170.18,65.77,172.72,Orthodox,1985-06-22,3.54,38.0,4.09,56.0,0.54,42.0,71.0,0.2
Leonardo Silva de Oliveira,Cabecao,12,4,0,187.96,83.91,,Orthodox,1992-04-23,1.07,40.0,0.54,50.0,24.11,50.0,0.0,0.0
Marcus Silveira,Conan,6,4,01,190.5,109.77,,Orthodox,1964-12-09,0.0,0.0,0.0,0.0,0.0,0.0,0.0,0.0
Elias Silverio,Xuxu,13,3,0,180.34,70.31,185.42,Orthodox,1986-09-22,3.67,49.0,2.97,51.0,1.62,38.0,85.0,0.2
Sim Kai Xiong,Kobra,7,2,0,167.64,61.23,170.18,Orthodox,1997-09-06,2.85,42.0,3.64,55.0,3.49,25.0,100.0,0.0
Jamey Simmons,The Afro Samurai,7,4,0,167.64,61.23,177.8,Orthodox,1992-09-11,0.79,21.0,1.92,74.0,0.0,0.0,50.0,0.0
Ricky Simon,,22,7,1,167.64,61.23,175.26,Orthodox,1992-08-31,3.03,42.0,3.9,61.0,4.49,41.0,76.0,0.3
Aaron Simpson,A-Train,12,5,0,182.88,77.11,185.42,Orthodox,1974-07-20,3.6,52.0,2.53,56.0,3.78,34.0,83.0,0.5
Wes Sims,The Project,24,14,12,208.28,117.93,,Orthodox,1979-08-04,0.98,51.0,2.95,37.0,0.0,0.0,40.0,2.3
Marlon Sims,,3,4,0,,77.11,,,1974-01-18,0.0,0.0,0.0,0.0,0.0,0.0,0.0,0.0
Tony Sims,,12,4,0,180.34,70.31,177.8,Southpaw,1985-10-14,1.81,63.0,0.76,65.0,0.71,50.0,50.0,0.7
Everett Sims,Sexual Chocolate,4,1,0,195.58,117.93,195.58,Southpaw,1988-09-04,0.81,66.0,2.19,30.0,0.0,0.0,42.0,1.2
Lodune Sincaid,,15,9,0,175.26,83.91,,Orthodox,1973-05-07,2.72,42.0,6.17,57.0,0.0,0.0,75.0,0.0
Rob Sinclair,,13,5,0,172.72,70.31,,,1980-02-20,1.2,33.0,1.73,73.0,0.0,0.0,50.0,0.0
Rory Singer,Outburst,11,9,0,187.96,83.91,195.58,Orthodox,1976-05-28,2.55,39.0,2.42,63.0,0.39,25.0,64.0,0.8
Rana Rudra Pratap Singh,Ashwathama,11,2,0,177.8,61.23,175.26,Orthodox,1997-05-09,0.0,0.0,9.05,27.0,0.0,0.0,0.0,0.0
Kiran Singh,Stubborn,7,4,0,154.94,52.16,165.1,Orthodox,2000-07-25,0.0,0.0,19.51,23.0,0.0,0.0,0.0,0.0
Elvis Sinosic,The King of Rock n' Rumble,7,11,2,190.5,92.99,195.58,Orthodox,1971-02-13,1.13,37.0,4.6,53.0,0.0,0.0,0.0,1.2
Mitchell Sipe,No Dice,4,1,0,187.96,111.13,,Orthodox,1996-04-09,5.5,56.0,9.98,46.0,1.53,20.0,0.0,0.0
Gian Siqueira,Pitbull,19,5,0,185.42,77.11,187.96,Orthodox,1994-06-23,0.8,100.0,3.41,19.0,0.0,0.0,0.0,0.0
Jamie Siraj,The Gremlin,14,4,0,170.18,61.23,167.64,Orthodox,1994-06-28,2.21,25.0,7.73,38.0,0.0,0.0,0.0,0.0
Jeremia Siregar,The Teacher,6,3,0,157.48,56.7,160.02,Orthodox,1991-07-27,2.8,42.0,7.37,29.0,0.0,0.0,75.0,0.0
AJ Siscoe,Let's Go,1,2,0,170.18,61.23,,,,0.0,0.0,0.0,0.0,0.0,0.0,0.0,0.0
Yokthai Sithoar,,0,1,0,170.18,64.86,,,1974-12-25,0.0,0.0,0.0,0.0,0.0,0.0,0.0,0.0
Jeri Sitzes,,3,1,0,165.1,56.7,,,,0.0,0.0,0.0,0.0,0.0,0.0,0.0,0.0
Dennis Siver,,23,11,01,167.64,65.77,177.8,Orthodox,1979-01-13,3.87,32.0,2.67,65.0,0.87,32.0,65.0,0.3
Chas Skelly,The Scrapper,19,3,01,180.34,65.77,182.88,Orthodox,1985-05-11,2.01,40.0,3.21,49.0,1.74,34.0,39.0,2.3
Matt Skelton,,0,1,0,190.5,120.2,,Orthodox,1967-01-23,0.0,0.0,0.54,0.0,0.0,0.0,66.0,0.0
Zach Skinner,,10,11,0,167.64,65.77,,Orthodox,,0.53,50.0,2.4,32.0,5.0,27.0,100.0,1.0
Brian Sleeman,,9,9,1,172.72,83.91,,,,4.0,48.0,1.85,70.0,9.23,100.0,100.0,0.0
Joe Slick,,16,5,3,182.88,90.26,,Orthodox,1977-10-17,0.0,0.0,0.0,0.0,0.0,0.0,0.0,0.0
Ray Sloan,,8,1,0,185.42,92.99,,,1985-07-14,0.0,0.0,0.0,0.0,0.0,0.0,0.0,0.0
Kestutis Smirnovas,,24,8,2,177.8,90.72,,Orthodox,1976-04-08,4.95,52.0,5.05,54.0,1.55,50.0,100.0,1.6
Maurice Smith,,12,14,0,187.96,100.24,,Orthodox,1961-12-13,0.41,46.0,0.47,60.0,0.89,50.0,20.0,0.9
Patrick Smith,,20,17,0,187.96,102.06,,Orthodox,1963-08-28,0.0,0.0,0.0,0.0,0.0,0.0,0.0,0.0
Scott Smith,Hands of Steel,18,11,01,182.88,83.91,177.8,Orthodox,1979-05-21,1.9,27.0,5.87,50.0,0.12,6.0,58.0,0.5
Eric Smith,,1,1,0,,,,Southpaw,,0.0,0.0,0.0,0.0,0.0,0.0,0.0,0.0
Josh Smith,,9,8,0,182.88,70.31,,Orthodox,1982-07-02,0.73,28.0,1.4,54.0,0.0,0.0,57.0,2.0
David Smith,,5,1,0,,70.31,,,,0.0,0.0,0.0,0.0,0.0,0.0,0.0,0.0
Adam Smith,,0,3,0,,,,,,0.0,0.0,0.0,0.0,0.0,0.0,0.0,0.0
Dillon Smith,,0,0,0,182.88,77.11,,,1984-01-07,0.0,0.0,0.0,0.0,0.0,0.0,0.0,0.0
Trevor Smith,Hot Sauce,15,10,0,190.5,83.91,190.5,Orthodox,1981-01-05,3.29,55.0,3.31,51.0,1.7,32.0,60.0,0.7
Anthony Smith,Lionheart,38,22,0,193.04,92.99,193.04,Orthodox,1988-07-26,3.19,49.0,5.04,44.0,0.44,22.0,50.0,0.6
Colton Smith,,7,4,0,182.88,70.31,180.34,Orthodox,1987-08-14,1.64,41.0,2.3,51.0,4.09,36.0,25.0,1.4
Gilbert Smith,,12,6,0,175.26,83.91,,Southpaw,1981-10-19,1.09,41.0,2.73,35.0,3.51,60.0,0.0,1.2
Leslie Smith,The Peacemaker,10,7,1,175.26,61.23,167.64,Orthodox,1982-08-17,7.56,40.0,8.41,51.0,0.0,0.0,62.0,0.0
Devonte Smith,King Kage,11,4,0,175.26,70.31,193.04,Orthodox,1993-07-30,4.55,53.0,3.91,49.0,0.35,25.0,85.0,0.3
Cole Smith,The Cole Train,7,2,0,180.34,61.23,170.18,Orthodox,1989-04-05,1.78,35.0,1.96,49.0,1.67,33.0,45.0,1.7
Nate Smith,The Savage,6,1,0,167.64,56.7,175.26,Switch,1995-04-09,1.28,38.0,2.04,35.0,0.0,0.0,33.0,2.3
Braxton Smith,The Beautiful Monster,5,2,0,180.34,116.57,182.88,Orthodox,1990-01-01,6.46,48.0,11.54,32.0,0.0,0.0,100.0,0.0
Elijah Smith,Swift,10,1,0,175.26,61.23,180.34,Orthodox,2002-09-05,4.18,48.0,2.96,46.0,2.98,53.0,53.0,1.1
Jacobe Smith,Cobe,12,0,0,177.8,77.11,182.88,Southpaw,1996-01-17,6.89,67.0,2.78,47.0,7.78,91.0,100.0,0.7
Walter Smith-Cotito,,4,5,01,172.72,61.23,,,,2.95,36.0,3.53,68.0,2.16,33.0,57.0,0.0
Justin Smitley,,10,7,1,,65.77,,,,0.0,0.0,0.0,0.0,0.0,0.0,0.0,0.0
Dmitrii Smoliakov,The Lifeguard,9,3,0,187.96,114.76,187.96,Switch,1982-08-05,1.44,42.0,3.81,55.0,0.0,0.0,75.0,0.0
Louis Smolka,Da Last Samurai,17,9,0,175.26,61.23,172.72,Orthodox,1991-07-16,4.67,47.0,4.11,53.0,1.69,35.0,32.0,1.8
Cameron Smotherman,The Baby-Faced Killa,12,6,0,175.26,61.23,175.26,Orthodox,1997-09-17,4.07,37.0,3.52,58.0,0.0,0.0,62.0,0.0
Shimon Smotritsky,The Assassin,8,2,0,187.96,77.11,187.96,Orthodox,2000-08-22,3.52,34.0,8.67,56.0,3.52,33.0,50.0,0.0
Richie Smullen,,3,1,1,175.26,70.31,172.72,Orthodox,1991-08-17,1.98,77.0,2.26,65.0,8.49,66.0,0.0,0.0
Devin Smyth,,4,2,0,177.8,77.11,182.88,Switch,1995-07-21,2.6,68.0,6.73,25.0,4.0,26.0,100.0,0.0
Denis Sobolev,,4,7,0,190.5,97.98,,Orthodox,1975-08-26,0.0,0.0,5.45,33.0,0.0,0.0,0.0,0.0
Peter Sobotta,,17,7,1,182.88,77.11,190.5,Southpaw,1987-01-11,2.14,40.0,2.9,58.0,1.53,32.0,77.0,0.5
Renato Sobral,Babalu,37,11,0,185.42,92.99,190.5,Orthodox,1975-09-07,2.23,45.0,1.53,57.0,2.48,42.0,65.0,2.6
Rameau Thierry Sokoudjou,The African Assassin,18,18,0,177.8,92.99,198.12,Orthodox,1984-04-18,2.26,45.0,2.61,56.0,1.93,47.0,78.0,0.9
Axel Sola,,11,1,1,182.88,70.31,187.96,Southpaw,1997-09-17,4.07,45.0,5.29,61.0,2.22,36.0,0.0,0.0
Alexander Soldatkin,,14,4,0,187.96,113.4,190.5,Orthodox,1993-06-10,1.16,60.0,1.35,26.0,1.45,50.0,50.0,0.0
Joe Solecki,,13,6,0,175.26,70.31,177.8,Orthodox,1993-08-27,1.97,53.0,1.85,50.0,2.06,48.0,14.0,1.4
Chris Solomon,,0,0,0,180.34,70.31,,,,0.0,0.0,2.8,37.0,0.0,0.0,33.0,0.0
Joe Son,,0,4,0,162.56,107.05,,Orthodox,1970-11-22,0.0,0.0,0.0,0.0,0.0,0.0,0.0,0.0
Paul Song,,2,2,0,,83.91,,,1987-01-20,0.0,0.0,0.0,0.0,0.0,0.0,0.0,0.0
Song Kenan,The Assassin,22,9,0,182.88,77.11,180.34,Orthodox,1990-03-10,4.49,46.0,5.82,51.0,0.42,30.0,73.0,0.0
Song Yadong,Kung Fu Kid,22,9,11,172.72,61.23,170.18,Orthodox,1997-12-02,4.42,43.0,3.94,55.0,0.78,39.0,73.0,0.1
YoungJae Song,Super Rookie,6,1,1,170.18,65.77,177.8,Orthodox,1996-01-03,3.33,58.0,2.33,55.0,0.0,0.0,45.0,0.0
Hyeonjong Song,,8,1,0,,61.23,,,2002-04-23,0.0,0.0,0.0,0.0,0.0,0.0,0.0,0.0
Emrah Sonmez,Anatolian Wolf,14,5,0,177.8,65.77,180.34,Orthodox,1992-06-26,1.47,46.0,1.73,48.0,5.0,21.0,0.0,0.0
Chael Sonnen,,29,15,1,185.42,92.99,185.42,Southpaw,1977-04-03,3.08,43.0,1.1,62.0,3.81,59.0,66.0,0.4
Cody Sons,,3,7,0,175.26,92.99,,,,0.0,0.0,0.0,0.0,0.0,0.0,0.0,0.0
Jin Soo Son,,9,4,0,167.64,61.23,175.26,Orthodox,1993-04-01,5.1,36.0,7.63,52.0,1.5,25.0,100.0,0.0
Benardo Sopaj,Lion King,12,3,0,167.64,61.23,167.64,Orthodox,2000-09-25,4.24,56.0,4.88,49.0,2.53,71.0,76.0,0.0
Emiliano Sordi,He-Man,16,7,0,187.96,92.99,,Orthodox,1991-02-15,4.79,50.0,4.79,48.0,0.0,0.0,100.0,8.3
Sean Soriano,,14,8,0,175.26,65.77,177.8,Orthodox,1989-10-06,3.18,61.0,2.14,56.0,1.33,55.0,52.0,0.0
Punahele Soriano,Puna,13,4,0,180.34,77.11,182.88,Southpaw,1992-11-22,4.42,53.0,3.31,47.0,1.97,51.0,48.0,0.1
Hecher Sosa,Guanche Warrior,15,1,0,175.26,61.23,177.8,Orthodox,1995-08-25,4.53,47.0,2.5,61.0,2.0,36.0,69.0,1.0
Dmitry Sosnovskiy,Wicked Machine,11,0,0,190.5,108.86,195.58,Orthodox,1989-07-06,2.95,70.0,2.53,35.0,3.16,66.0,100.0,3.2
Ben Sosoli,Combat Wombat,7,3,02,182.88,120.2,182.88,Southpaw,1989-12-10,2.31,31.0,4.3,47.0,0.0,0.0,0.0,0.0
Krzysztof Soszynski,The Polish Experiment,26,12,1,185.42,92.99,195.58,Open Stance,1977-08-02,3.37,39.0,3.13,58.0,0.52,25.0,71.0,1.0
George Sotiropoulos,,14,7,0,177.8,70.31,180.34,Orthodox,1977-07-09,2.61,27.0,2.52,67.0,2.32,31.0,53.0,1.6
Greg Soto,,9,4,0,180.34,77.11,185.42,Orthodox,1986-06-03,3.21,63.0,2.61,52.0,1.49,27.0,44.0,1.0
Alex Soto,Extremo,8,3,1,172.72,61.23,,Southpaw,1984-02-15,2.95,25.0,5.02,59.0,2.82,30.0,0.0,0.0
Joe Soto,One Bad Mofo,18,7,0,167.64,61.23,165.1,Orthodox,1987-03-22,3.36,41.0,5.37,67.0,0.85,21.0,70.0,1.9
Mario Soto,Dr. Mario,7,2,0,182.88,65.77,,,,1.43,23.0,5.23,42.0,0.0,0.0,0.0,0.0
Andre Soukhamthath,The Asian Sensation,13,8,0,175.26,61.23,177.8,Orthodox,1988-10-23,2.77,44.0,4.31,49.0,1.25,53.0,58.0,0.2
Mario Sousa,Coracao Valente,15,3,0,190.5,83.91,200.66,Orthodox,1996-10-20,2.82,50.0,2.99,28.0,0.52,25.0,37.0,0.5
Manoel Sousa,Manumito,14,1,0,175.26,70.31,177.8,Orthodox,1997-06-04,4.15,45.0,3.71,51.0,0.0,0.0,60.0,1.6
Bobby Southworth,,10,6,01,187.96,92.99,,Orthodox,1969-12-16,0.99,39.0,1.38,65.0,3.98,78.0,64.0,1.3
Jacare Souza,,26,10,01,185.42,83.91,182.88,Orthodox,1979-12-07,2.53,47.0,2.83,62.0,2.57,39.0,57.0,1.3
Edimilson Souza,Kevin,15,5,0,182.88,65.77,187.96,Orthodox,1984-10-17,4.65,44.0,2.91,58.0,0.0,0.0,50.0,0.0
Livinha Souza,The Brazilian Gangsta,14,4,0,160.02,52.16,160.02,Orthodox,1991-03-11,1.75,45.0,3.6,56.0,2.54,45.0,40.0,1.4
Bruno Souza,The Tiger,10,3,0,177.8,65.77,177.8,Orthodox,1996-03-07,3.73,39.0,5.3,45.0,0.5,16.0,60.0,0.0
Ketlen Souza,Esquentadinha,16,6,0,160.02,52.16,160.02,Orthodox,1994-08-18,4.01,56.0,3.86,52.0,0.46,13.0,53.0,0.2
Heraldo Souza,Savage,9,2,1,180.34,83.91,185.42,Orthodox,1994-12-15,1.62,33.0,1.62,50.0,0.0,0.0,0.0,0.0
Charon Spain,,14,26,0,175.26,70.31,,,1988-03-11,0.0,0.0,0.0,0.0,0.0,0.0,0.0,0.0
Chris Spang,The Kiss,6,3,0,187.96,77.11,,Orthodox,1987-11-26,1.83,36.0,1.95,60.0,0.0,0.0,50.0,0.9
Andreas Spang,Sweet Swede,9,3,0,185.42,83.91,,,1978-11-07,0.0,0.0,0.0,0.0,0.0,0.0,0.0,0.0
Ryan Spann,Superman,24,11,0,195.58,92.99,200.66,Orthodox,1991-08-24,3.11,39.0,3.92,43.0,1.21,34.0,59.0,1.7
Ron Sparks,The Monster,8,3,0,195.58,120.2,,,,0.0,0.0,0.0,0.0,0.0,0.0,0.0,0.0
Tommy Speer,,21,7,0,177.8,77.11,180.34,Orthodox,1984-08-20,2.56,51.0,5.12,35.0,2.02,33.0,33.0,0.0
Patrick Speight,,7,3,0,185.42,77.11,,Orthodox,,0.0,0.0,0.0,0.0,0.0,0.0,0.0,0.0
Sean Spencer,Black Magic,12,6,0,177.8,77.11,187.96,Orthodox,1987-06-25,4.24,32.0,4.02,60.0,0.14,33.0,68.0,0.0
Felicia Spencer,FeeNom,9,3,0,167.64,65.77,172.72,Orthodox,1990-11-29,3.21,48.0,4.54,45.0,1.18,18.0,27.0,0.2
Sam Spengler,The Ram,9,5,0,180.34,83.91,,Orthodox,1976-04-04,3.27,62.0,3.27,54.0,1.75,11.0,75.0,1.8
Nick Sperling,,3,4,0,,61.23,,,,1.4,25.0,1.4,66.0,0.0,0.0,0.0,0.0
Mario Sperry,Zen Machine,13,4,0,187.96,92.99,,Orthodox,1966-09-28,2.81,52.0,1.53,47.0,2.09,42.0,71.0,1.4
Eric Spicely,Zebrinha,12,6,0,185.42,83.91,185.42,Orthodox,1986-09-29,3.71,45.0,5.72,55.0,1.31,20.0,75.0,1.0
Waachiim Spiritwolf,Native Warrior,12,13,12,172.72,77.11,,,1976-01-01,10.0,100.0,10.0,0.0,0.0,0.0,0.0,0.0
Daniel Spitz,,6,3,0,200.66,111.13,208.28,Orthodox,1990-07-31,2.6,35.0,5.3,46.0,0.74,66.0,0.0,0.0
Serghei Spivac,Polar Bear,18,6,0,190.5,117.93,198.12,Orthodox,1995-01-24,3.57,47.0,4.23,52.0,3.82,59.0,63.0,0.5
Daniel Spohn,Dragon,15,6,0,193.04,92.99,200.66,Southpaw,1984-10-12,2.42,49.0,1.6,53.0,0.0,0.0,28.0,2.5
Pete Spratt,The Secret Weapon,25,23,0,175.26,77.11,,Orthodox,1971-01-09,1.63,48.0,1.33,55.0,0.3,100.0,46.0,0.3
Austin Springer,,12,4,0,172.72,65.77,180.34,Orthodox,1987-05-12,3.54,57.0,3.15,41.0,3.37,40.0,100.0,0.8
Georges St-Pierre,Rush,26,2,0,180.34,83.91,193.04,Orthodox,1981-05-19,3.78,53.0,1.4,72.0,4.16,74.0,83.0,1.1
Bobby Stack,,8,3,0,175.26,70.31,,Orthodox,,1.0,20.0,2.89,34.0,7.48,45.0,100.0,0.0
Andreas Stahl,Real Steel,10,4,0,180.34,77.11,,Orthodox,1988-05-20,2.83,37.0,4.74,57.0,1.55,66.0,80.0,0.0
Ron Stallings,The Choir Boy,14,8,01,187.96,77.11,190.5,Southpaw,1983-01-25,3.22,60.0,3.26,51.0,0.0,0.0,71.0,0.0
Cody Stamann,The Spartan,21,8,1,167.64,61.23,162.56,Orthodox,1989-11-09,4.32,46.0,3.91,60.0,2.17,37.0,76.0,0.0
Cristina Stanciu,Barbie,5,2,0,160.02,52.16,,Orthodox,1994-03-29,2.5,50.0,3.07,52.0,0.85,100.0,40.0,1.7
Brian Stann,All American,12,6,0,185.42,92.99,187.96,Orthodox,1980-09-24,3.28,42.0,2.65,59.0,0.12,12.0,60.0,0.3
Josh Stansbury,The Sandman,4,8,0,187.96,92.99,187.96,Orthodox,1984-11-19,3.22,54.0,3.54,54.0,0.0,0.0,87.0,1.0
Dion Staring,Soldier,35,14,0,185.42,106.59,,Orthodox,1978-06-09,1.09,37.0,5.0,47.0,0.0,0.0,33.0,0.0
Lucas Stark,,1,5,0,,70.31,,,,1.6,25.0,3.2,66.0,12.0,100.0,0.0,0.0
Clifford Starks,,13,3,0,182.88,83.91,198.12,Orthodox,1981-04-25,1.94,33.0,2.49,58.0,1.94,100.0,60.0,0.0
Kalib Starnes,,17,11,1,190.5,83.91,187.96,Orthodox,1975-01-06,2.71,48.0,4.43,53.0,1.46,33.0,25.0,0.6
Laureano Staropoli,Pepi,9,5,0,185.42,83.91,180.34,Orthodox,1993-02-27,3.31,34.0,3.73,54.0,0.83,26.0,48.0,0.0
Damian Stasiak,Webster,10,6,0,165.1,61.23,177.8,Orthodox,1990-02-20,1.86,36.0,3.1,52.0,2.64,35.0,43.0,0.6
Adam Steele,,0,1,0,,77.11,,,,0.0,0.0,0.0,0.0,0.0,0.0,0.0,0.0
Dominique Steele,Non-Stop Action-Packed,14,9,0,177.8,77.11,187.96,Orthodox,1988-01-27,2.32,49.0,2.42,50.0,2.95,42.0,76.0,0.0
Ricky Steele,The Karate Kid,6,0,0,175.26,61.23,187.96,Orthodox,1988-05-26,4.07,70.0,2.93,50.0,0.0,0.0,91.0,0.0
Kody Steele,,8,1,0,175.26,70.31,180.34,Orthodox,1995-04-21,4.44,32.0,7.17,52.0,0.62,14.0,100.0,0.0
Eric Steenberg,,5,1,0,,70.31,,,1983-06-22,0.0,0.0,0.0,0.0,0.0,0.0,0.0,0.0
Steve Steinbeiss,The Hooligan,9,4,0,190.5,83.91,190.5,Orthodox,1981-05-05,3.92,55.0,1.86,49.0,0.44,50.0,58.0,0.0
Ray Steinbeiss,Ipswitch Cobra,14,7,0,180.34,77.11,,Orthodox,1979-09-12,0.0,0.0,0.0,100.0,0.0,0.0,0.0,0.0
Dmitri Stepanov,,0,1,0,190.5,98.43,,Orthodox,,0.0,0.0,0.0,0.0,0.0,0.0,0.0,0.0
Jeremy Stephens,Lil' Heathen,29,22,01,175.26,70.31,180.34,Orthodox,1986-05-25,3.15,40.0,3.14,58.0,1.11,38.0,62.0,0.4
Aljamain Sterling,Funk Master,26,5,0,170.18,65.77,180.34,Orthodox,1989-07-31,4.26,52.0,2.15,59.0,2.54,32.0,44.0,0.6
Marc Stevens,,21,10,0,175.26,70.31,,,1985-05-28,0.45,26.0,1.79,46.0,0.0,0.0,0.0,0.0
Joe Stevenson,Daddy,33,16,0,170.18,65.77,177.8,Orthodox,1982-06-15,2.05,44.0,2.44,60.0,2.75,44.0,39.0,2.2
Maia Stevenson,,6,5,0,162.56,52.16,157.48,Orthodox,1982-03-19,1.57,54.0,3.13,33.0,3.91,100.0,50.0,0.0
Gable Steveson,,3,0,0,,112.94,,,2000-05-31,0.0,0.0,0.0,0.0,0.0,0.0,0.0,0.0
Luke Stewart,,6,3,0,180.34,77.11,,Orthodox,,3.75,56.0,2.34,53.0,3.75,33.0,50.0,1.9
Darren Stewart,The Dentist,12,8,02,182.88,92.99,187.96,Orthodox,1990-12-30,3.05,45.0,3.29,48.0,1.75,45.0,67.0,0.1
Kyle Stewart,Gunz Up,11,3,0,182.88,77.11,193.04,Orthodox,1989-01-31,1.41,35.0,2.42,43.0,1.32,20.0,60.0,0.0
Alex Stiebling,The Brazilian Killa,19,11,11,187.96,92.99,,Southpaw,1976-12-26,1.77,42.0,1.45,52.0,0.35,66.0,66.0,0.7
Tyler Stinson,The Evolution,30,10,0,190.5,77.11,,,1986-01-17,2.8,23.0,4.6,56.0,0.5,100.0,0.0,0.5
Navajo Stirling,,9,0,0,193.04,92.99,200.66,Orthodox,1997-11-07,6.25,52.0,2.67,58.0,0.98,28.0,82.0,0.0
Dan Stittgen,The Anvil,12,5,0,185.42,77.11,,Orthodox,1980-11-17,2.97,46.0,4.42,37.0,0.78,100.0,100.0,0.0
Lazar Stojadinovic,The Bronx Bomber,12,5,0,170.18,65.77,172.72,Southpaw,1989-03-22,1.82,29.0,1.97,59.0,0.0,0.0,0.0,0.0
Denis Stojnic,,13,3,01,182.88,111.13,,Orthodox,1980-02-02,1.51,23.0,6.06,36.0,0.0,0.0,80.0,1.0
Julija Stoliarenko,,11,10,2,170.18,56.7,167.64,Orthodox,1993-04-08,2.74,38.0,4.45,46.0,0.78,20.0,54.0,1.4
Dustin Stoltzfus,,16,8,0,182.88,83.91,190.5,Orthodox,1991-11-15,3.3,45.0,3.23,47.0,2.08,37.0,46.0,1.1
Niklas Stolze,Green Mask,12,6,0,185.42,70.31,187.96,Switch,1992-12-28,2.12,48.0,2.25,49.0,0.66,100.0,55.0,0.7
Ken Stone,,11,4,0,172.72,61.23,180.34,Southpaw,1982-10-08,3.85,49.0,2.9,48.0,1.24,33.0,60.0,0.6
Ryan Stonitsch,,8,1,0,175.26,77.11,,Southpaw,1977-02-03,2.53,36.0,2.53,71.0,0.0,0.0,0.0,0.0
George Stork,,7,9,0,177.8,83.91,,,,0.0,0.0,0.0,0.0,0.0,0.0,0.0,0.0
Rick Story,The Horror,19,9,0,175.26,77.11,180.34,Southpaw,1984-08-28,3.8,41.0,2.17,62.0,2.53,48.0,63.0,0.9
Darko Stosic,,13,4,0,182.88,92.99,193.04,Orthodox,1992-02-09,2.61,45.0,4.04,58.0,3.42,50.0,83.0,0.0
Greg Stott,Ranger,0,1,0,170.18,99.79,,Southpaw,,0.0,0.0,0.0,0.0,0.0,0.0,0.0,0.0
Curtis Stout,,11,12,1,185.42,83.91,,Southpaw,1973-11-07,0.69,67.0,3.2,29.0,0.0,0.0,20.0,0.0
Sam Stout,Hands of Stone,20,12,1,175.26,70.31,177.8,Orthodox,1984-04-23,4.17,28.0,4.08,57.0,0.63,38.0,77.0,0.1
Tim Stout,,12,10,0,180.34,83.91,,,1979-02-09,0.0,0.0,0.0,0.0,0.0,0.0,0.0,0.0
Jesse Strader,Sui Generis,5,3,0,170.18,61.23,177.8,Orthodox,1991-05-29,5.03,51.0,5.28,47.0,3.87,57.0,100.0,0.0
Gennaro Strangis,,0,1,0,,,,,,0.0,0.0,0.0,0.0,0.0,0.0,0.0,0.0
Dave Strasser,,25,8,0,177.8,77.11,,Orthodox,1969-07-13,3.04,45.0,1.88,59.0,0.72,33.0,33.0,0.0
Daniel Straus,,24,7,01,170.18,65.77,180.34,,1984-07-27,4.76,43.0,2.99,57.0,0.84,15.0,81.0,1.1
Gerald Strebendt,The Finishing Machine,9,7,0,175.26,70.31,,Orthodox,1979-03-01,0.0,0.0,4.0,38.0,0.0,0.0,0.0,16.4
Sean Strickland,,30,7,0,185.42,83.91,193.04,Orthodox,1991-02-27,6.04,42.0,4.57,60.0,0.71,64.0,76.0,0.2
Mark Striegl,Mugen,18,4,01,172.72,65.77,177.8,Southpaw,1988-06-23,1.4,45.0,4.07,40.0,0.0,0.0,66.0,0.0
Hans Stringer,,22,8,3,190.5,92.99,,Orthodox,1987-07-06,3.16,61.0,2.84,41.0,2.4,36.0,62.0,0.0
Stefan Struve,Skyscraper,33,13,0,210.82,120.2,213.36,Orthodox,1988-02-18,3.12,47.0,4.04,46.0,0.56,46.0,55.0,1.7
Josh Stuart,,1,4,0,175.26,72.57,,,,0.0,0.0,0.0,0.0,0.0,0.0,0.0,0.0
Mike Stumpf,,11,4,0,177.8,77.11,,,1986-08-01,3.34,43.0,8.85,47.0,1.59,25.0,33.0,0.8
Kyle Sturgeon,,0,1,0,190.5,102.06,,Switch,1963-02-01,0.0,0.0,0.0,0.0,0.0,0.0,0.0,0.0
Tatiana Suarez,,13,1,0,165.1,52.16,167.64,Southpaw,1990-12-19,2.86,60.0,1.63,44.0,4.52,45.0,57.0,0.7
Masanori Suda,,22,11,3,175.26,83.01,,Orthodox,,1.8,50.0,1.2,63.0,0.0,0.0,60.0,0.0
Genki Sudo,Neo-Samurai,15,4,2,175.26,70.31,,Orthodox,1978-03-08,1.55,39.0,2.23,33.0,3.58,60.0,50.0,4.2
Lucasz Sudolski,,8,1,0,193.04,92.99,190.5,Orthodox,1993-06-15,5.7,67.0,4.89,28.0,0.0,0.0,100.0,0.0
Daisuke Sugie,Amazon,10,8,1,167.64,72.57,,Orthodox,1980-10-12,0.0,0.0,0.22,80.0,3.27,50.0,0.0,3.3
Takashi Sugiura,,1,3,0,180.34,102.06,,Southpaw,1970-05-31,1.37,40.0,2.08,53.0,1.33,66.0,0.0,0.0
Naho Sugiyuma,Sugi Rock,12,5,0,154.94,47.63,,,1978-02-03,2.59,48.0,2.45,71.0,2.05,100.0,66.0,0.0
Sulangrangbo,,10,4,0,175.26,61.23,167.64,Southpaw,2005-07-17,3.96,48.0,3.2,62.0,0.0,0.0,72.0,0.0
George Sullivan,The Silencer,17,7,01,182.88,77.11,185.42,Orthodox,1981-03-13,3.53,39.0,2.42,57.0,1.37,20.0,38.0,0.7
Amar Suloev,,24,7,0,175.26,83.01,,Orthodox,1976-07-01,1.98,37.0,2.19,70.0,0.27,100.0,88.0,0.3
Magomed Sultanakhmedov,,18,6,0,187.96,83.91,,Southpaw,1984-05-11,0.0,0.0,2.4,42.0,9.0,100.0,0.0,9.0
Justin Sumter,,7,3,0,187.96,83.91,203.2,Southpaw,1989-11-16,2.68,48.0,7.64,34.0,2.87,100.0,0.0,0.0
Sumudaerji,The Tibetan Eagle,19,7,0,172.72,56.7,182.88,Southpaw,1996-01-20,4.43,50.0,2.35,62.0,0.67,35.0,72.0,0.5
Rama Supandhi,Hellboy,8,4,0,165.1,56.7,167.64,Southpaw,1991-11-07,2.2,42.0,3.53,48.0,1.0,11.0,0.0,0.0
Aji Susilo,,6,4,0,177.8,70.31,,,,0.0,0.0,0.0,0.0,0.0,0.0,0.0,0.0
Baisangur Susurkaev,Hunter,11,0,0,187.96,83.91,200.66,Orthodox,2001-01-08,4.56,59.0,3.78,53.0,2.76,28.0,100.0,0.7
Louie Sutherland,Vanilla Gorilla,11,5,0,190.5,119.75,193.04,Orthodox,1994-02-08,3.75,52.0,7.5,22.0,4.69,33.0,0.0,0.0
Jason Suttie,Nobunaga,0,1,0,182.88,95.25,,Orthodox,1973-08-07,2.07,83.0,4.97,36.0,0.0,0.0,0.0,0.0
Joel Sutton,,2,4,1,180.34,92.99,,Orthodox,1969-07-07,0.0,0.0,0.0,0.0,0.0,0.0,0.0,0.0
Chad Sutton,,2,2,0,185.42,83.91,,,1982-08-07,0.0,0.0,0.0,0.0,0.0,0.0,0.0,0.0
Danilo Suzart,,9,2,0,182.88,117.93,,Orthodox,1991-12-04,4.09,55.0,11.73,51.0,0.0,0.0,0.0,0.0
Takaya Suzuki,,7,1,0,,56.7,,,2004-09-04,0.0,0.0,0.0,0.0,0.0,0.0,0.0,0.0
Martin Svensson,,15,6,0,185.42,70.31,,,1985-04-25,2.02,38.0,5.91,38.0,0.0,0.0,0.0,0.0
Daniel Swain,,20,10,1,175.26,65.77,177.8,Orthodox,1991-01-30,0.8,44.0,3.2,40.0,0.0,0.0,0.0,6.0
Cub Swanson,,31,14,0,172.72,65.77,177.8,Orthodox,1983-11-02,4.84,51.0,3.99,59.0,1.0,50.0,63.0,0.4
Mike Swick,Quick,15,6,0,185.42,77.11,195.58,Orthodox,1979-06-19,2.36,37.0,2.29,54.0,1.06,50.0,61.0,0.6
Floyd Sword,,12,3,0,182.88,83.91,,Orthodox,1976-08-24,0.78,42.0,1.57,40.0,0.0,0.0,33.0,0.0
Oumar Sy,,12,2,0,193.04,92.99,210.82,Orthodox,1995-11-21,3.41,48.0,1.87,66.0,2.45,35.0,66.0,0.3
Klaudia Sygula,,8,2,0,172.72,61.23,175.26,Orthodox,1998-12-30,7.27,48.0,5.5,56.0,0.41,12.0,40.0,0.0
Bentley Syler,Bolivia,5,1,0,162.56,56.7,,Orthodox,1982-12-22,1.3,18.0,1.73,79.0,0.0,0.0,75.0,0.0
Kevin Syler,El Nino Bala,10,1,0,175.26,70.31,180.34,Switch,1993-07-29,5.6,69.0,4.03,48.0,1.0,40.0,77.0,2.0
Leo Sylvest,Lethal,10,16,0,180.34,92.99,,Orthodox,1973-09-03,0.0,0.0,6.58,27.0,0.0,0.0,0.0,0.0
Tony Sylvester,,11,3,0,185.42,102.06,,Southpaw,1978-01-27,0.0,0.0,10.12,12.0,0.0,0.0,0.0,0.0
Tim Sylvia,The Maine-iac,31,10,01,203.2,120.2,203.2,Orthodox,1976-03-05,4.23,41.0,2.61,61.0,0.11,100.0,75.0,0.1
Kevin Szaflarski,,11,2,0,195.58,117.93,195.58,Orthodox,1994-12-30,1.13,28.0,8.07,30.0,0.0,0.0,0.0,0.0
Sebastian Szalay,Seb,10,2,0,167.64,65.77,167.64,Orthodox,1994-02-03,4.94,41.0,2.2,65.0,0.51,20.0,84.0,0.0
Bartosz Szewczyk,,8,3,1,193.04,92.99,185.42,Orthodox,1997-09-18,2.7,33.0,3.52,47.0,0.0,0.0,0.0,0.0
Osamu Tachihikari,,0,4,0,195.58,136.08,,Orthodox,1963-09-12,0.0,0.0,0.0,0.0,0.0,0.0,0.0,0.0
Amber Tackett,,1,3,0,,52.16,,,,0.0,0.0,0.0,0.0,0.0,0.0,0.0,0.0
Eugenio Tadeu,,2,3,01,172.72,72.57,,Orthodox,1963-08-17,0.0,0.0,0.0,0.0,0.0,0.0,0.0,0.0
Albert Tadevosyan,Albeezy,13,3,1,,77.11,,,1992-04-12,0.0,0.0,0.0,0.0,0.0,0.0,0.0,0.0
Justin Tafa,Bad Man,7,5,01,182.88,119.75,187.96,Southpaw,1993-12-13,4.05,54.0,5.11,47.0,0.0,0.0,53.0,0.0
Junior Tafa,The Juggernaut,7,5,0,190.5,92.99,190.5,Orthodox,1996-09-21,3.41,51.0,2.55,51.0,0.0,0.0,70.0,0.0
Khalid Taha,The Warrior,13,5,01,165.1,61.23,175.26,Orthodox,1992-02-15,2.64,32.0,4.12,46.0,0.0,0.0,61.0,0.2
Joe Taimanglo,The Juggernaut,23,7,1,162.56,61.23,,,1984-06-27,4.18,42.0,4.55,59.0,5.45,40.0,100.0,1.4
Tatsuro Taira,The Best,18,1,0,170.18,56.7,177.8,Orthodox,2000-01-27,2.94,60.0,2.44,47.0,3.12,46.0,45.0,1.6
Mairbek Taisumov,Beckan,27,6,0,175.26,70.31,185.42,Orthodox,1988-08-08,2.98,39.0,3.03,64.0,1.34,63.0,88.0,0.0
Taiyilake Nueraji,Super Saiyan,12,1,01,187.96,77.11,190.5,Southpaw,2001-01-12,9.82,53.0,5.01,58.0,1.47,33.0,100.0,0.0
Ryo Tajima,,10,3,0,,61.23,,,1999-08-14,0.0,0.0,0.0,0.0,0.0,0.0,0.0,0.0
Nobuhiko Takada,,2,6,2,182.88,99.79,,Southpaw,1962-04-12,0.31,24.0,1.92,39.0,1.15,20.0,0.0,0.0
Yoshiki Takahashi,Kazuo,30,27,31,180.34,90.26,,Southpaw,1969-03-13,2.26,51.0,6.47,44.0,0.0,0.0,66.0,2.3
Yoko Takahashi,,15,12,2,172.72,68.04,,,1973-04-20,5.11,54.0,8.78,48.0,0.0,0.0,0.0,0.0
Daiju Takase,,12,15,2,182.88,77.11,,Southpaw,1978-04-20,0.49,30.0,1.64,47.0,0.84,17.0,21.0,1.2
Hiroyuki Takaya,Streetfight Bancho,21,14,2,167.64,63.05,,Orthodox,1977-06-10,3.18,33.0,3.16,60.0,0.9,45.0,66.0,0.0
Yoshihiro Takayama,,1,4,0,195.58,127.01,,Orthodox,1968-09-19,3.4,54.0,5.69,29.0,0.67,33.0,55.0,0.0
Makoto Takimoto,,6,5,0,170.18,92.99,,Southpaw,1979-12-08,1.37,39.0,1.71,55.0,1.48,50.0,25.0,1.1
Oleg Taktarov,The Russian Bear,17,5,2,182.88,95.25,,Orthodox,1967-08-26,0.0,0.0,0.0,0.0,0.0,0.0,0.0,0.0
Payton Talbott,,11,1,0,177.8,61.23,177.8,Switch,1998-09-09,6.62,56.0,3.41,46.0,0.78,44.0,77.0,0.2
Nordine Taleb,,15,7,0,185.42,77.11,187.96,Orthodox,1981-06-10,3.66,51.0,2.62,66.0,1.94,76.0,73.0,0.0
Murtaza Talha,,7,2,0,182.88,92.99,187.96,Orthodox,1996-07-10,4.29,57.0,7.09,31.0,0.0,0.0,100.0,0.0
Tsuyoshi Tamakairiki,,0,3,0,182.88,99.79,,Orthodox,1966-07-16,0.0,0.0,26.67,50.0,0.0,0.0,0.0,0.0
Eli Tamez,Tomahawk,10,0,0,170.18,61.23,,,1985-08-22,0.0,0.0,0.0,0.0,0.0,0.0,0.0,0.0
Kiyoshi Tamura,,32,13,3,180.34,83.91,,Southpaw,1969-12-17,2.44,53.0,1.44,60.0,0.58,60.0,45.0,0.2
Akitoshi Tamura,The Ironman,21,18,2,175.26,61.23,177.8,Orthodox,1980-05-31,3.73,43.0,1.94,78.0,0.0,0.0,20.0,1.0
Issei Tamura,,10,8,0,165.1,61.23,160.02,Orthodox,1984-03-12,1.89,53.0,4.58,44.0,0.92,25.0,33.0,0.0
Jason Tan,,5,3,0,177.8,77.11,,Orthodox,1981-12-17,0.69,29.0,7.37,18.0,0.0,0.0,0.0,0.0
Akihito Tanaka,Kinniku Mantaro,2,2,0,,,,Southpaw,1983-03-09,0.19,50.0,2.05,38.0,5.59,66.0,0.0,0.0
Michinori Tanaka,,11,3,0,165.1,61.23,170.18,Orthodox,1990-10-04,1.97,37.0,1.99,50.0,2.4,38.0,43.0,0.2
Evan Tanner,,32,8,0,182.88,83.91,187.96,Orthodox,1971-02-11,3.05,59.0,2.64,56.0,2.55,43.0,25.0,1.3
Kasey Tanner,,6,1,0,170.18,61.23,175.26,Orthodox,1992-01-11,6.6,50.0,6.67,63.0,2.0,33.0,0.0,0.0
Otari Tanzilovi,,9,1,0,177.8,61.23,177.8,Orthodox,1998-04-09,4.53,72.0,3.33,55.0,4.0,25.0,0.0,0.0
Manny Tapia,The Mangler,12,14,1,165.1,61.23,170.18,Orthodox,1981-03-14,2.69,21.0,4.74,58.0,0.49,40.0,66.0,0.2
Gary Tapusoa,,8,3,0,170.18,83.91,,,1979-09-02,0.0,0.0,0.0,0.0,0.0,0.0,0.0,0.0
Regina Tarin,Kill Bill,8,0,0,170.18,61.23,167.64,Southpaw,2004-10-19,7.6,47.0,7.0,57.0,1.0,33.0,50.0,0.0
Miesha Tate,Cupcake,20,10,0,167.64,61.23,165.1,Orthodox,1986-08-18,2.62,44.0,3.05,51.0,1.97,30.0,56.0,1.2
Aaron Tau,Tauzemup,11,1,0,162.56,56.7,167.64,Switch,1993-08-21,4.85,44.0,5.0,60.0,0.89,18.0,64.0,0.0
Deividas Taurosevicius,,17,5,0,175.26,65.77,172.72,Southpaw,1977-08-28,2.13,43.0,1.82,59.0,2.0,28.0,50.0,0.3
Thiago Tavares,,21,7,1,170.18,65.77,177.8,Orthodox,1984-11-08,2.0,40.0,2.31,62.0,3.83,42.0,62.0,1.5
Jeremy Tavares,,1,6,0,,61.23,,,,0.0,0.0,0.0,0.0,0.0,0.0,0.0,0.0
Brad Tavares,,21,13,0,185.42,83.91,187.96,Orthodox,1987-12-21,3.41,43.0,3.32,54.0,0.7,26.0,80.0,0.0
Ramon Taveras,The Savage,10,4,0,172.72,65.77,177.8,Southpaw,1994-01-09,4.07,43.0,6.45,54.0,0.0,0.0,72.0,0.0
Paul Taylor,Relentless,11,6,11,182.88,70.31,182.88,Orthodox,1979-12-15,4.44,47.0,4.47,55.0,0.27,25.0,56.0,0.5
Jesse Taylor,JT Money,31,15,0,182.88,77.11,185.42,Orthodox,1983-01-02,1.94,65.0,0.55,38.0,7.28,50.0,100.0,3.1
Torrance Taylor,,13,8,1,170.18,70.31,,,1987-10-11,0.0,0.0,0.0,0.0,0.0,0.0,0.0,0.0
Louis Taylor,Handgunz,13,4,0,180.34,83.91,,Orthodox,1979-05-12,2.06,32.0,1.24,68.0,2.48,28.0,100.0,0.0
Anthony Taylor,Pretty Boy,1,3,0,170.18,65.77,,,,0.0,0.0,0.0,0.0,0.0,0.0,0.0,0.0
Danielle Taylor,Dynamite,9,4,0,152.4,52.16,152.4,Orthodox,1989-10-25,2.75,29.0,3.31,71.0,0.2,20.0,70.0,0.2
J.T Taylor,The Outlaw,7,7,0,177.8,,,,,3.17,80.0,3.7,26.0,3.96,100.0,0.0,7.9
James Te Huna,,16,9,0,187.96,83.91,190.5,Orthodox,1981-09-29,4.04,51.0,2.99,62.0,2.75,37.0,58.0,0.2
Cam Teague,Chaos,9,2,0,177.8,65.77,175.26,Orthodox,1998-02-13,5.7,28.0,18.44,32.0,0.0,0.0,0.0,0.0
Shawn Teed,,5,2,0,195.58,120.2,,Orthodox,1992-02-13,1.4,42.0,13.31,21.0,0.0,0.0,0.0,0.0
Glover Teixeira,,33,9,0,187.96,92.99,193.04,Orthodox,1979-10-28,3.73,49.0,4.43,51.0,2.11,33.0,60.0,0.9
John Teixeira,Macapa,21,2,2,170.18,65.77,,Orthodox,1986-11-18,3.36,35.0,3.2,63.0,1.0,27.0,71.0,0.7
Ewerton Teixeira,,3,1,0,185.42,109.77,,,1982-02-13,2.0,39.0,3.22,35.0,0.0,0.0,33.0,0.0
Tallison Teixeira,Xicao,9,1,0,200.66,117.03,210.82,Orthodox,1999-12-07,5.02,64.0,3.86,42.0,2.48,30.0,0.0,0.0
Tra Telligman,Trauma,7,5,1,187.96,105.69,,Orthodox,1965-02-07,1.83,35.0,3.02,56.0,0.87,100.0,80.0,0.0
Ramazan Temirov,Temurlan,19,3,0,162.56,56.7,160.02,Orthodox,1997-01-31,4.37,40.0,3.93,59.0,0.84,50.0,100.0,0.0
Taneisha Tennant,Triple Threat,5,1,0,170.18,65.77,177.8,Orthodox,1989-06-15,5.67,55.0,3.4,71.0,0.0,0.0,100.0,0.0
Herman Terrado,,15,3,1,,77.11,,,1989-09-27,0.0,0.0,0.0,0.0,0.0,0.0,0.0,0.0
Dave Terrel,The Bionic,7,7,0,172.72,77.11,,Southpaw,1978-05-10,2.62,43.0,2.8,48.0,3.28,38.0,100.0,0.0
David Terrell,The Soul Assassin,6,2,0,185.42,83.91,,Southpaw,1978-01-09,2.34,63.0,2.71,37.0,5.54,50.0,0.0,5.5
James Terry,Intensity,19,9,0,177.8,77.11,,Orthodox,1981-03-16,3.23,32.0,4.77,64.0,3.31,36.0,75.0,0.0
Jeff Terry,,2,3,0,187.96,92.99,,,,1.09,50.0,9.27,19.0,0.0,0.0,100.0,0.0
David Teymur,,8,2,0,175.26,70.31,185.42,Southpaw,1989-05-01,4.69,43.0,3.53,55.0,0.94,33.0,77.0,0.0
Daniel Teymur,Kid Dynamite,7,4,0,165.1,65.77,175.26,Orthodox,1988-02-03,3.08,46.0,3.93,56.0,0.56,18.0,60.0,0.3
Motonobu Tezuka,,28,12,7,170.18,61.23,,Southpaw,1987-08-29,0.87,23.0,2.8,51.0,1.5,11.0,0.0,0.5
Jason Thacker,,0,1,0,177.8,83.91,,Orthodox,1975-08-18,0.63,33.0,17.05,32.0,0.0,0.0,0.0,0.0
Alexia Thainara,Burguesinha,14,1,0,162.56,52.16,170.18,Orthodox,1995-11-20,4.62,43.0,2.46,59.0,4.54,57.0,100.0,1.8
Brandon Thatch,Rukus,11,5,0,187.96,77.11,187.96,Switch,1985-07-11,2.7,42.0,3.63,52.0,1.36,66.0,50.0,0.7
Elias Theodorou,The Spartan,16,3,0,185.42,83.91,190.5,Orthodox,1988-05-31,4.19,42.0,2.39,53.0,1.27,28.0,59.0,0.0
Nik Theotikos,,6,2,0,,83.91,,Orthodox,,0.0,0.0,5.48,19.0,0.0,0.0,0.0,4.8
Paulo Thiago,,18,9,0,180.34,77.11,187.96,Orthodox,1981-01-25,1.71,39.0,1.99,63.0,1.42,31.0,63.0,1.2
Colby Thicknesse,Slickness,9,1,0,170.18,61.23,175.26,Orthodox,1999-06-23,3.33,42.0,2.8,50.0,1.0,9.0,50.0,0.5
Din Thomas,Dinyero,26,9,01,175.26,70.31,,Orthodox,1976-09-28,1.85,37.0,2.6,59.0,1.38,52.0,76.0,1.2
Ryan Thomas,The Tank Engine,20,8,0,182.88,77.11,,Orthodox,1984-11-05,2.01,36.0,4.17,30.0,5.59,33.0,0.0,2.2
Noah Thomas,,14,7,0,175.26,61.23,,Orthodox,1981-03-27,0.44,13.0,4.99,33.0,0.0,0.0,0.0,1.3
Joel Thomas,The NIce Guy,5,2,0,177.8,77.11,,,,0.0,0.0,0.0,0.0,0.0,0.0,0.0,0.0
Treston Thomison,,10,6,0,172.72,65.77,,,,0.0,0.0,0.0,0.0,0.0,0.0,0.0,0.0
Nick Thompson,The Goat,38,14,1,185.42,77.11,187.96,Orthodox,1981-06-23,1.87,42.0,1.8,49.0,1.06,100.0,35.0,2.6
James Thompson,The Colossus,20,16,01,195.58,120.2,,Orthodox,1978-12-16,5.13,52.0,3.19,41.0,3.14,36.0,53.0,1.3
Oli Thompson,,17,10,0,185.42,109.77,190.5,Orthodox,1980-01-02,1.66,46.0,5.31,46.0,0.0,0.0,50.0,0.5
Stephen Thompson,Wonderboy,17,9,1,182.88,77.11,190.5,Orthodox,1983-02-11,4.05,46.0,3.0,54.0,0.23,35.0,63.0,0.0
Josh Thomson,The Punk,22,9,01,177.8,70.31,180.34,Orthodox,1978-09-21,2.59,47.0,2.12,64.0,1.92,39.0,54.0,1.3
Isaac Thomson,,9,3,0,177.8,65.77,175.26,,2002-05-03,1.4,44.0,2.2,42.0,4.0,80.0,33.0,0.0
Simeon Thoresen,The Grin,17,6,1,185.42,77.11,200.66,Orthodox,1984-03-14,3.85,43.0,3.85,64.0,1.12,40.0,50.0,1.7
Josh Thornburg,,8,8,0,182.88,77.11,,,1984-05-24,1.2,50.0,3.13,38.0,2.0,66.0,42.0,2.0
Ti Haitao,,16,6,0,,61.23,,,,0.0,0.0,0.0,0.0,0.0,0.0,0.0,0.0
Gleison Tibau,,33,14,0,177.8,70.31,180.34,Southpaw,1983-10-07,1.95,31.0,2.51,63.0,4.08,53.0,92.0,0.8
Chris Tickle,BadBoy,9,9,0,175.26,70.31,,,1982-02-01,1.07,40.0,1.13,43.0,1.0,25.0,20.0,2.0
Nolan Ticman,,4,3,0,167.64,56.7,,Orthodox,1988-05-17,2.57,47.0,2.53,67.0,0.0,0.0,60.0,0.0
Darren Till,The Gorilla,18,5,1,182.88,83.91,187.96,Southpaw,1992-12-24,2.3,46.0,3.31,56.0,0.55,46.0,69.0,0.0
Brett Tillis,,0,0,0,,65.77,,,,0.0,0.0,0.0,0.0,0.0,0.0,0.0,0.0
Rio Tirto,,8,1,0,162.56,56.7,167.64,Switch,2000-02-09,0.0,0.0,2.11,69.0,0.0,0.0,0.0,0.0
Denis Tiuliulin,,10,10,01,185.42,83.91,195.58,Orthodox,1988-05-17,3.61,41.0,5.23,38.0,0.96,42.0,72.0,0.0
Ryan Tobar,,3,3,0,,70.31,,,,0.0,0.0,0.0,0.0,0.0,0.0,0.0,0.0
Rafael Tobias,Bipolar,14,2,0,187.96,92.99,187.96,Orthodox,2003-03-20,2.77,36.0,5.81,35.0,2.4,33.0,100.0,1.6
Andrew Todhunter,The Sniper,8,0,0,182.88,83.91,,Switch,1987-11-30,0.0,0.0,0.0,0.0,0.0,0.0,0.0,0.0
Dusko Todorovic,Thunder,13,6,0,185.42,83.91,187.96,Orthodox,1994-05-19,4.73,57.0,4.4,48.0,1.77,21.0,42.0,0.3
Tuco Tokkos,,11,5,0,193.04,92.99,193.04,Orthodox,1990-06-30,2.12,40.0,4.27,46.0,4.21,47.0,33.0,0.5
Hideo Tokoro,,34,29,2,170.18,61.23,,Orthodox,1977-08-22,1.78,37.0,2.01,65.0,0.87,34.0,44.0,2.3
Anatoly Tokov,,25,2,0,177.8,83.91,,,1990-02-17,3.51,72.0,0.54,66.0,2.03,100.0,100.0,0.0
Anelya Toktogonova,,6,1,1,,52.16,,,2005-08-01,0.0,0.0,0.0,0.0,0.0,0.0,0.0,0.0
Kazuki Tokudome,,18,7,1,180.34,70.31,185.42,Southpaw,1987-03-04,2.26,41.0,3.63,53.0,2.0,38.0,78.0,0.0
Puja Tomar,Cyclone,9,5,0,162.56,52.16,149.86,Southpaw,1993-12-05,5.61,48.0,5.82,46.0,0.0,0.0,100.0,0.0
Tyler Toner,,15,7,01,172.72,65.77,177.8,Orthodox,1983-03-31,2.95,52.0,2.13,62.0,0.0,0.0,54.0,0.4
James Toney,Lights Out,0,1,0,175.26,99.79,,Orthodox,1968-08-24,0.0,0.0,2.41,27.0,0.0,0.0,0.0,0.0
Masanori Tonooka,,1,2,0,172.72,83.91,,Orthodox,1973-05-25,0.16,5.0,1.09,36.0,0.0,0.0,0.0,0.0
Carl Toomey,,3,3,0,,,,,1972-03-15,0.0,0.0,0.0,0.0,0.0,0.0,0.0,0.0
Ilia Topuria,El Matador,17,0,0,170.18,70.31,175.26,Orthodox,1997-01-21,4.81,48.0,3.83,64.0,1.96,61.0,93.0,1.1
Aleksandre Topuria,El Conquistador,7,1,0,170.18,61.23,172.72,Orthodox,1996-01-28,2.93,55.0,2.57,68.0,1.5,33.0,100.0,0.0
Anthony Torres,The Crush,5,3,0,172.72,77.11,,Orthodox,1978-07-31,3.54,48.0,7.52,45.0,0.0,0.0,100.0,2.2
Miguel Torres,,44,9,0,175.26,61.23,193.04,Orthodox,1981-01-18,3.98,43.0,1.86,74.0,0.0,0.0,17.0,1.6
Ronys Torres,,35,5,0,170.18,70.31,,Orthodox,1975-08-13,0.87,26.0,1.93,57.0,4.0,47.0,16.0,0.5
Haven Torres,,0,0,0,,56.7,,,,0.0,0.0,0.0,0.0,0.0,0.0,0.0,0.0
Alex Torres,Rolo,5,4,0,177.8,65.77,,Orthodox,1988-05-29,2.47,37.0,2.73,69.0,2.0,22.0,50.0,0.0
Abram Torres,,4,3,0,177.8,77.11,,,1982-10-29,0.0,0.0,0.0,0.0,0.0,0.0,0.0,0.0
Jose Torres,Shorty,8,1,0,162.56,56.7,165.1,Orthodox,1992-08-02,4.37,36.0,9.84,50.0,1.28,33.0,75.0,0.0
Desmond Torres,,7,2,0,167.64,61.23,175.26,Orthodox,1997-01-06,4.8,64.0,11.78,48.0,0.0,0.0,100.0,0.0
Manuel Torres,El Loco,17,3,0,177.8,70.31,185.42,Switch,1995-03-25,7.29,59.0,4.08,54.0,1.72,66.0,90.0,0.9
Justice Torres,,12,4,0,170.18,65.77,167.64,Southpaw,1997-10-19,0.79,22.0,8.29,53.0,5.92,50.0,0.0,0.0
Eduardo Torres Caut,Cyborg,16,2,0,170.18,61.23,177.8,Orthodox,1995-04-26,1.1,34.0,1.24,65.0,2.06,33.0,50.0,0.0
Salim Touahri,Grizzly,10,4,0,177.8,77.11,182.88,Orthodox,1989-09-28,2.6,46.0,2.87,58.0,0.0,0.0,83.0,0.0
Dequan Townsend,The Tarantula,21,12,0,190.5,92.99,200.66,Orthodox,1986-05-11,1.23,34.0,3.92,38.0,0.0,0.0,46.0,0.0
Minoru Toyonaga,,2,5,0,180.34,88.45,,Southpaw,1978-06-12,0.0,0.0,0.0,0.0,0.0,0.0,0.0,0.0
Slim Trabelsi,,5,0,0,190.5,106.59,,,1993-05-09,0.0,0.0,0.0,0.0,0.0,0.0,0.0,0.0
Roberto Traven,Spider,6,4,1,190.5,102.97,,Orthodox,1968-09-16,0.92,50.0,2.77,57.0,0.0,0.0,0.0,0.0
Bryan Travers,,15,4,0,,70.31,,,1983-04-11,2.33,48.0,3.93,55.0,2.0,28.0,63.0,0.0
Alexander Trevino,,7,7,0,,77.11,,,,0.0,0.0,0.0,0.0,0.0,0.0,0.0,0.0
Francisco Trevino,Sitkayan,13,3,0,175.26,70.31,177.8,Orthodox,1981-12-17,2.65,42.0,2.42,64.0,0.97,22.0,41.0,0.0
Angelo Trevino,Baby Monsta,7,3,0,180.34,77.11,,Switch,1993-06-10,5.19,54.0,3.9,47.0,0.0,0.0,100.0,0.0
Frank Trigg,Twinkle Toes,21,9,0,175.26,77.11,180.34,Southpaw,1972-05-07,2.79,46.0,1.9,56.0,2.35,47.0,75.0,0.8
Francisco Trinaldo,Massaranduba,28,9,0,175.26,77.11,177.8,Southpaw,1978-08-24,3.13,45.0,2.67,60.0,0.98,42.0,60.0,0.5
Damien Trites,The Omen,7,6,0,180.34,74.84,,,1979-08-23,0.0,0.0,0.0,0.0,0.0,0.0,0.0,0.0
Michael Trizano,The Lone Wolf,11,3,0,180.34,65.77,180.34,Orthodox,1991-12-31,3.63,53.0,4.4,50.0,0.36,66.0,72.0,0.5
Antonio Trocoli,Malvado,12,7,01,195.58,83.91,203.2,Orthodox,1990-12-06,1.27,47.0,5.3,26.0,0.88,9.0,42.0,0.4
Tor Troeng,The Hammer,16,7,1,187.96,83.91,,Orthodox,1983-01-25,1.16,46.0,3.26,32.0,0.62,7.0,66.0,0.3
Aaron Trujillo,,0,1,0,165.1,56.7,,,,0.0,0.0,0.0,0.0,0.0,0.0,0.0,0.0
Reynaldo Trujillo,The Truth,21,19,0,175.26,70.31,,,1982-01-01,0.0,0.0,0.0,0.0,0.0,0.0,0.0,0.0
Abel Trujillo,Killa,15,8,01,172.72,70.31,177.8,Orthodox,1983-09-18,2.65,41.0,2.31,59.0,2.18,45.0,40.0,0.4
Arman Tsarukyan,Ahalkalakets,23,3,0,170.18,70.31,182.88,Orthodox,1996-10-11,3.85,50.0,1.8,54.0,3.26,37.0,75.0,0.1
Rei Tsuruya,,10,1,0,167.64,56.7,172.72,Orthodox,2002-06-22,2.24,52.0,2.01,42.0,5.06,37.0,50.0,1.9
Chris Tuchscherer,The Crowbar,21,4,01,187.96,117.03,193.04,Orthodox,1975-09-08,1.35,31.0,3.17,47.0,1.19,18.0,0.0,0.6
Jon Tuck,Super Saiyan,10,5,0,180.34,70.31,185.42,Orthodox,1984-08-28,3.0,40.0,3.74,60.0,0.42,33.0,50.0,1.0
Gavin Tucker,Guv'nor,13,3,0,167.64,65.77,167.64,Southpaw,1986-06-17,4.29,44.0,4.18,57.0,3.13,44.0,53.0,1.5
Jumabieke Tuerxun,The Wild Wolf,19,4,1,170.18,61.23,,Orthodox,1986-04-17,1.6,28.0,3.08,59.0,0.47,11.0,66.0,0.9
Tom Tuggle,The Law,0,3,0,187.96,113.4,,Orthodox,,0.0,0.0,2.14,0.0,32.14,100.0,0.0,0.0
Blair Tugman,,10,6,0,182.88,61.23,,,,2.25,53.0,0.93,50.0,7.5,60.0,0.0,0.0
Tai Tuivasa,Bam Bam,15,10,0,187.96,119.75,190.5,Southpaw,1993-03-16,3.66,48.0,4.97,43.0,0.0,0.0,60.0,0.0
Zubaira Tukhugov,Warrior,20,6,1,172.72,70.31,172.72,Orthodox,1991-01-15,3.17,39.0,3.07,63.0,2.13,39.0,100.0,0.0
Teila Tuli,,0,1,0,182.88,195.04,,Orthodox,1969-06-14,0.0,0.0,0.0,0.0,0.0,0.0,0.0,0.0
Marco Tulio,Matuto,14,2,0,182.88,83.91,187.96,Orthodox,1994-06-13,6.69,58.0,2.58,59.0,1.42,26.0,0.0,0.3
Nyamjargal Tumendemberel,Art of Knockout,10,1,0,170.18,56.7,180.34,Orthodox,1998-03-22,2.72,42.0,2.47,53.0,3.37,50.0,56.0,2.1
Albert Tumenov,Einstein,18,4,0,180.34,77.11,185.42,Orthodox,1991-12-26,3.76,42.0,3.34,58.0,0.2,20.0,75.0,0.0
Ricky Turcios,,13,6,0,175.26,65.77,180.34,Orthodox,1993-06-05,4.68,39.0,3.84,51.0,0.85,17.0,44.0,0.3
Anton Turkalj,The Pleasure Man,8,4,0,193.04,92.99,198.12,Orthodox,1996-06-10,2.45,42.0,3.42,54.0,4.98,41.0,16.0,0.0
Wellington Turman,The Prodigy,18,8,0,182.88,77.11,182.88,Orthodox,1996-07-22,3.23,51.0,4.17,45.0,1.55,20.0,42.0,0.8
Courtney Turner,,0,3,0,187.96,77.11,,,,0.0,0.0,0.0,0.0,0.0,0.0,0.0,0.0
Jalin Turner,The Tarantula,15,9,0,190.5,70.31,195.58,Southpaw,1995-05-18,5.79,48.0,4.54,41.0,0.75,55.0,75.0,1.1
Austin Tweedy,,8,2,0,175.26,70.31,,Orthodox,1990-09-25,4.29,66.0,6.43,0.0,0.0,0.0,0.0,0.0
Marcin Tybura,Tybur,27,11,0,190.5,112.94,198.12,Orthodox,1985-11-09,3.56,48.0,3.26,55.0,1.3,33.0,70.0,0.1
Raphael Uchegbu,,10,2,0,175.26,61.23,185.42,Orthodox,1995-08-16,2.46,48.0,2.85,50.0,1.48,16.0,0.0,0.0
Takeru Uchida,,6,1,0,165.1,56.7,172.72,Southpaw,2002-09-30,0.0,0.0,0.0,0.0,0.0,0.0,0.0,4.4
Alberto Uda,,12,2,0,190.5,83.91,,Orthodox,1984-08-08,1.79,52.0,3.49,45.0,2.83,50.0,66.0,0.0
Ryuki Ueyama,,12,18,51,180.34,81.65,,Southpaw,1976-04-17,0.13,21.0,1.4,46.0,0.5,100.0,0.0,1.5
Christian Uflacker,,5,0,0,180.34,77.11,,,1985-08-04,0.0,0.0,0.0,0.0,0.0,0.0,0.0,0.0
Andy Uhrich,,11,6,0,182.88,77.11,,,,0.0,0.0,0.0,0.0,0.0,0.0,0.0,0.0
Tagir Ulanbekov,,17,3,0,170.18,56.7,177.8,Southpaw,1991-08-07,3.01,48.0,3.44,50.0,2.73,39.0,63.0,1.5
Carlos Ulberg,Black Jag,15,1,0,193.04,92.99,195.58,Orthodox,1990-11-07,6.57,55.0,4.03,51.0,0.53,60.0,85.0,0.2
Gasan Umalatov,Cobra,17,4,2,180.34,77.11,180.34,Orthodox,1982-09-11,2.23,39.0,4.1,59.0,0.75,17.0,90.0,0.0
Jeremy Umphries,,5,2,0,,72.57,,,,0.0,0.0,0.0,0.0,0.0,0.0,0.0,0.0
Zach Underwood,,13,7,0,187.96,83.91,,,,0.0,0.0,0.0,0.0,0.0,0.0,0.0,0.0
Caol Uno,Uno Shoten,33,19,5,170.18,70.31,177.8,Southpaw,1975-05-08,1.91,49.0,1.9,50.0,1.95,31.0,37.0,0.5
Kengo Ura,Uraken,14,12,2,175.26,74.84,,,1981-06-20,1.05,37.0,2.38,48.0,2.85,28.0,50.0,1.4
Logan Urban,Hulk,5,1,01,182.88,77.11,182.88,Orthodox,1994-04-22,2.55,66.0,16.6,27.0,0.0,0.0,0.0,0.0
Hector Urbina,El Toro,17,10,1,180.34,77.11,185.42,Orthodox,1987-09-17,0.97,38.0,2.44,39.0,0.0,0.0,38.0,3.8
Elias Urbina,,3,1,0,190.5,83.91,195.58,Southpaw,1993-10-09,3.85,37.0,6.17,50.0,0.0,0.0,0.0,0.0
Gilbert Urbina,The RGV Bad Boy,7,5,0,190.5,77.11,190.5,Orthodox,1996-04-05,5.57,56.0,4.62,44.0,2.86,44.0,0.0,0.7
Guilherme Uriel,Urso,6,2,0,185.42,120.2,187.96,Orthodox,1997-02-18,1.15,43.0,4.43,22.0,0.0,0.0,53.0,0.0
Nick Urso,,10,3,01,167.64,56.7,167.64,Southpaw,1985-09-26,3.61,45.0,5.06,36.0,0.0,0.0,0.0,0.0
Yasuhiro Urushitani,,21,8,6,165.1,56.7,,Southpaw,1976-09-08,3.47,39.0,4.71,65.0,0.0,0.0,80.0,0.0
Sho Patrick Usami,Savage,4,1,0,175.26,70.31,177.8,Orthodox,2000-05-08,0.0,0.0,0.0,0.0,0.0,0.0,0.0,0.0
Kamaru Usman,The Nigerian Nightmare,21,4,0,182.88,77.11,193.04,Switch,1987-05-11,4.16,51.0,2.67,55.0,2.79,44.0,89.0,0.1
Mohammed Usman,The Motor,12,4,0,187.96,108.41,200.66,Orthodox,1989-04-01,3.85,39.0,4.27,51.0,0.56,14.0,66.0,0.0
Darren Uyenoyama,BC,10,6,0,167.64,56.7,165.1,Orthodox,1979-10-15,1.34,39.0,2.21,66.0,1.42,33.0,35.0,0.7
Richie Vaculik,Vas,10,4,0,167.64,56.7,175.26,Orthodox,1983-06-19,3.69,46.0,4.09,57.0,3.0,45.0,31.0,1.0
Rashid Vagabov,Rambo,14,2,0,170.18,56.7,160.02,Orthodox,1998-06-27,1.87,38.0,0.93,67.0,3.0,50.0,100.0,3.0
Abubakar Vagaev,,24,4,0,,77.11,,,1993-04-14,0.0,0.0,0.0,0.0,0.0,0.0,0.0,0.0
Artem Vakhitov,,3,1,0,185.42,92.99,190.5,Orthodox,1991-04-04,3.88,85.0,0.68,80.0,0.0,0.0,100.0,0.0
Egidijus Valavicius,,29,12,0,182.88,90.72,,Orthodox,1978-12-23,0.0,0.0,0.0,0.0,0.0,0.0,0.0,0.0
Genaro Valdez,Rayadito,10,3,0,175.26,70.31,182.88,Orthodox,1992-01-16,4.08,30.0,7.16,48.0,1.54,44.0,36.0,0.4
Charlie Valencia,,12,7,0,160.02,61.23,162.56,Orthodox,1974-10-31,2.58,37.0,2.61,77.0,1.4,53.0,75.0,0.5
Robert Valentin,Robzilla,12,6,01,187.96,83.91,195.58,Orthodox,1995-03-31,1.3,55.0,2.72,33.0,0.59,50.0,55.0,1.8
Victor Valenzuela,Joe Boxer,13,6,2,177.8,70.31,,,,1.28,100.0,2.55,0.0,0.0,0.0,0.0,0.0
Ivan Valenzuela,Bam Bam,8,2,0,187.96,83.91,195.58,Orthodox,1992-11-17,0.0,0.0,9.6,33.0,0.0,0.0,0.0,0.0
Victor Valenzuela,Psicosis,14,4,0,175.26,77.11,180.34,Orthodox,1994-02-09,3.47,40.0,4.81,51.0,0.63,33.0,55.0,0.0
Timur Valiev,Lucky,18,3,01,167.64,61.23,170.18,Orthodox,1990-01-19,5.19,53.0,3.33,45.0,1.73,40.0,55.0,0.3
Victor Valimaki,The Matrix,18,10,0,182.88,92.99,,Orthodox,1981-12-17,3.94,30.0,2.99,67.0,0.9,14.0,0.0,0.0
Andrew Valladerez,,5,7,0,,61.23,,,1987-06-28,0.0,0.0,0.0,0.0,0.0,0.0,0.0,0.0
Kevin Vallejos,El Chino,18,1,0,170.18,65.77,172.72,Switch,2001-12-08,6.12,48.0,4.41,57.0,0.66,28.0,84.0,0.0
Isaac Vallie-Flagg,,16,7,1,172.72,70.31,177.8,Orthodox,1978-04-08,5.56,47.0,5.6,45.0,0.2,12.0,58.0,0.0
Joshua Van,The Fearless,16,2,0,165.1,56.7,165.1,Orthodox,2001-10-10,8.84,56.0,6.39,57.0,0.84,63.0,81.0,0.0
Mike van Arsdale,,8,5,0,187.96,92.99,,Switch,1965-06-20,1.52,41.0,1.91,41.0,1.06,14.0,37.0,0.0
Matt Van Buren,Gutter,7,6,0,195.58,92.99,,,1986-06-12,7.73,45.0,6.82,49.0,0.0,0.0,50.0,0.0
Ron van Clief,The Black Dragon,0,1,0,177.8,86.18,,Orthodox,1943-01-25,0.0,0.0,0.0,0.0,0.0,0.0,0.0,0.0
Lloyd Van Dams,,0,1,0,185.42,108.86,,Southpaw,1972-03-05,0.0,0.0,3.01,15.0,0.0,0.0,0.0,0.0
Alain Van der Merckt,Top Boy,8,0,0,,83.91,,,1993-06-11,0.0,0.0,0.0,0.0,0.0,0.0,0.0,0.0
Cameron VanCamp,Jumpman,15,7,11,187.96,70.31,187.96,Switch,1993-04-27,5.31,47.0,6.41,40.0,0.0,0.0,0.0,0.0
Chad Vance,,7,5,0,182.88,83.91,,Orthodox,,0.0,0.0,0.0,0.0,0.0,0.0,0.0,0.0
Jared Vanderaa,,12,10,0,193.04,120.2,203.2,Orthodox,1992-05-12,4.96,44.0,5.67,45.0,0.18,50.0,20.0,0.0
Austin Vanderford,The Gentleman,13,3,0,180.34,77.11,187.96,Orthodox,1990-03-21,3.04,59.0,2.71,48.0,3.08,35.0,100.0,1.2
Lando Vannata,Groovy,12,8,2,175.26,70.31,180.34,Orthodox,1992-03-14,4.52,45.0,4.71,54.0,1.24,36.0,66.0,0.3
Paige VanZant,12 Gauge,8,5,0,162.56,52.16,165.1,Orthodox,1994-03-26,3.35,52.0,2.62,42.0,1.27,33.0,34.0,1.0
Paul Varelans,The Polar Bear,9,9,0,203.2,136.08,,Orthodox,1969-09-17,0.0,0.0,0.0,0.0,0.0,0.0,0.0,0.0
Kazula Vargas,,12,5,0,172.72,70.31,180.34,Southpaw,1985-08-15,3.65,53.0,1.77,57.0,0.4,25.0,30.0,0.4
Jamie Varner,,21,11,12,172.72,70.31,180.34,Orthodox,1984-10-12,2.92,34.0,2.55,58.0,3.49,53.0,66.0,0.8
Guilherme Vasconcelos,Bomba,9,4,0,182.88,83.91,,Orthodox,1986-03-23,3.27,29.0,4.4,70.0,0.0,0.0,0.0,0.0
Linton Vassell,The Swarm,18,5,01,193.04,92.99,,,1983-06-03,3.39,37.0,2.13,54.0,2.46,50.0,50.0,0.0
Billy Vaughan,,12,17,0,167.64,70.31,,,1983-12-02,0.0,0.0,1.36,50.0,0.0,0.0,0.0,0.0
Yuri Vaulin,,0,1,0,193.04,89.36,,Southpaw,1963-09-13,0.0,0.0,0.0,0.0,0.0,0.0,0.0,0.0
Javier Vazquez,Showtime,16,5,0,170.18,65.77,175.26,Southpaw,1977-07-16,2.43,36.0,1.99,72.0,2.56,52.0,57.0,1.5
Manny Vazquez,,11,2,0,177.8,56.7,182.88,Orthodox,1993-11-19,1.47,41.0,2.67,48.0,1.0,33.0,0.0,1.0
Gianni Vazquez,Kriptonita,13,5,1,170.18,61.23,180.34,Orthodox,1994-07-17,1.6,22.0,3.93,39.0,0.0,0.0,62.0,2.0
Matt Veach,,17,5,0,180.34,70.31,,Orthodox,1981-05-31,1.12,28.0,4.91,44.0,3.64,38.0,100.0,1.5
Joe Vedepo,The Doctor,18,9,0,182.88,83.91,,Orthodox,1983-01-01,1.43,42.0,5.71,38.0,1.07,20.0,0.0,0.0
Kelly Velasco,Killer,2,1,0,175.26,61.23,,Orthodox,1995-05-21,2.27,35.0,5.67,47.0,0.0,0.0,100.0,0.0
Greg Velasco,The Viking King,6,1,0,187.96,120.2,177.8,Southpaw,1993-09-23,0.0,0.0,1.52,0.0,0.0,0.0,0.0,0.0
Cain Velasquez,,14,3,0,185.42,108.86,195.58,Orthodox,1982-07-28,6.37,57.0,2.33,57.0,5.13,45.0,85.0,0.4
David Velasquez,Little,10,10,0,165.1,65.77,,Orthodox,1966-10-19,0.0,0.0,0.0,0.0,0.0,0.0,0.0,0.0
Bojan Velickovic,Serbian Steel,15,6,1,182.88,77.11,193.04,Southpaw,1988-12-18,2.18,34.0,2.31,57.0,0.67,25.0,55.0,0.5
Karlos Vemola,,17,5,0,182.88,83.91,190.5,Orthodox,1985-07-03,1.67,44.0,2.13,37.0,1.93,25.0,31.0,1.7
Luigi Vendramini,The Italian Stallion,9,3,0,172.72,70.31,185.42,Orthodox,1996-01-16,2.82,40.0,3.82,57.0,1.11,15.0,100.0,0.6
Jerrel Venetiaan,,4,3,01,185.42,88.45,,Orthodox,1971-03-09,0.81,33.0,1.51,67.0,0.0,0.0,60.0,0.0
Scott Ventimiglia,Meant to Kill Ya,14,6,1,180.34,83.91,,,1972-11-17,0.0,0.0,0.0,0.0,0.0,0.0,0.0,0.0
Brandon Vera,The Truth,15,7,01,190.5,104.33,198.12,Orthodox,1977-10-10,3.03,56.0,2.81,52.0,0.7,53.0,59.0,0.2
Kerry Vera,,2,0,0,170.18,61.23,,Orthodox,,0.0,0.0,0.0,0.0,0.0,0.0,0.0,0.0
Marlon Vera,Chito,23,12,1,172.72,61.23,177.8,Switch,1992-12-02,4.18,47.0,5.34,50.0,0.47,39.0,71.0,0.8
Carlos Vera,Pequeno,12,4,0,167.64,61.23,175.26,Orthodox,1987-11-05,1.53,57.0,2.79,49.0,0.0,0.0,25.0,1.6
Isis Verbeek,Fight Queen,5,2,0,162.56,52.16,162.56,Orthodox,1995-01-12,3.13,43.0,3.53,53.0,0.0,0.0,66.0,0.0
Ernie Verdicia,,0,1,0,180.34,90.26,,Orthodox,,0.0,0.0,0.0,0.0,0.0,0.0,0.0,0.0
Joe Veres,,4,3,0,170.18,70.31,,Orthodox,1977-11-09,0.0,0.0,5.55,27.0,0.0,0.0,0.0,0.0
Nikolay Veretennikov,Gladiator,14,7,0,185.42,77.11,187.96,Orthodox,1989-12-22,2.69,56.0,3.3,45.0,0.42,16.0,62.0,0.4
CJ Vergara,,12,7,1,167.64,56.7,172.72,Orthodox,1991-06-18,5.02,56.0,4.69,53.0,0.0,0.0,60.0,0.2
Renato Verissimo,Charuto,7,5,01,185.42,77.11,,Orthodox,1973-08-03,0.92,48.0,1.87,47.0,1.46,30.0,50.0,2.5
Bryan Vetell,,4,3,0,190.5,120.2,,Southpaw,1977-07-26,2.74,60.0,2.13,41.0,0.0,0.0,0.0,0.0
Marvin Vettori,The Italian Dream,19,10,1,182.88,83.91,187.96,Southpaw,1993-09-20,4.74,45.0,4.55,56.0,1.41,43.0,68.0,0.4
Hugo Viana,Wolverine,8,4,0,167.64,61.23,170.18,Orthodox,1982-09-26,3.05,38.0,3.2,57.0,0.22,6.0,50.0,0.0
Guilherme Viana,,7,3,0,193.04,92.99,,,,2.92,40.0,2.72,59.0,1.2,66.0,77.0,0.0
Polyana Viana,Dama de Ferro,13,8,0,165.1,52.16,170.18,Orthodox,1992-06-14,2.74,40.0,2.5,53.0,0.75,33.0,35.0,1.7
Vitor Vianna,,12,3,1,,92.99,,Orthodox,1979-12-02,3.1,30.0,8.28,52.0,0.0,0.0,0.0,0.0
James Vick,The Texecutioner,13,5,0,190.5,70.31,193.04,Orthodox,1987-02-23,4.13,39.0,3.31,60.0,0.26,33.0,57.0,0.7
Tamires Vidal,Tractor,7,4,0,167.64,61.23,172.72,Orthodox,1998-07-27,2.91,53.0,4.46,49.0,0.0,0.0,35.0,0.7
Freddy Vidal,The Barbarian,4,1,0,190.5,92.99,203.2,Orthodox,1994-05-06,2.7,66.0,2.65,26.0,0.0,0.0,60.0,0.8
Milton Vieira,Miltinho,13,8,2,182.88,65.77,,Orthodox,1978-10-04,1.13,35.0,2.36,48.0,2.67,53.0,12.0,0.7
Reginaldo Vieira,,13,5,0,170.18,61.23,165.1,Orthodox,1982-11-26,3.76,40.0,2.89,59.0,1.97,27.0,25.0,0.8
Ketlen Vieira,Fenomeno,15,5,0,172.72,61.23,172.72,Orthodox,1991-08-26,2.76,40.0,3.75,50.0,1.33,44.0,90.0,0.6
Rodolfo Vieira,,11,5,0,182.88,83.91,185.42,Orthodox,1989-09-25,3.43,54.0,4.28,49.0,2.87,22.0,60.0,0.9
Steve Vigneault,Lionheart,12,6,0,177.8,83.91,,Orthodox,1978-02-14,2.19,28.0,5.75,44.0,0.0,0.0,100.0,0.0
Alejandro Villalobos,,17,5,0,170.18,65.77,,,1979-10-26,3.93,46.0,4.07,67.0,1.0,50.0,0.0,0.0
DeMarco Villalona,,1,3,0,175.26,83.91,,,,0.0,0.0,0.0,0.0,0.0,0.0,0.0,0.0
Gian Villante,,17,14,0,190.5,104.33,193.04,Orthodox,1985-08-18,4.38,44.0,5.47,55.0,0.45,23.0,83.0,0.0
Ike Villanueva,Hurricane,18,14,0,185.42,92.99,185.42,Orthodox,1984-04-04,3.66,38.0,7.24,36.0,0.6,50.0,100.0,0.0
Ruben Villareal,Warpath,22,28,3,193.04,120.2,,Orthodox,1970-05-01,5.18,53.0,4.86,35.0,0.0,0.0,0.0,0.0
Armando Villarreal,La Lumbre,5,2,0,170.18,61.23,167.64,Southpaw,1989-08-08,3.23,55.0,4.3,52.0,3.23,25.0,0.0,0.0
Pablo Villaseca,El Gallo,12,3,0,170.18,70.31,,,1987-01-26,2.79,42.0,3.25,65.0,2.5,50.0,33.0,0.0
Joey Villasenor,Smokin' Joe,29,10,0,182.88,83.91,,Orthodox,1975-10-17,2.05,38.0,3.26,52.0,0.71,40.0,53.0,1.1
Danillo Villefort,Indio,15,5,0,185.42,83.91,,Orthodox,1983-05-08,2.86,37.0,2.4,68.0,1.71,66.0,33.0,1.7
Yuri Villefort,,10,5,0,182.88,77.11,185.42,Orthodox,1991-03-23,3.18,43.0,5.42,55.0,2.0,35.0,40.0,0.3
Tre'ston Vines,TVTime,10,4,0,185.42,83.91,200.66,Orthodox,1996-06-18,0.0,0.0,3.56,50.0,0.0,0.0,0.0,0.0
Marcos Vinicius,Vina,23,11,1,175.26,56.7,,Orthodox,1979-12-05,1.93,49.0,2.91,47.0,0.0,0.0,25.0,0.5
Brandon Visher,The Viper,13,3,0,167.64,61.23,172.72,Orthodox,1984-05-06,2.55,45.0,3.76,42.0,0.67,20.0,0.0,0.0
Falaniko Vitale,Niko,30,11,0,177.8,83.91,,Orthodox,1974-07-14,1.88,49.0,3.68,47.0,0.72,33.0,86.0,0.0
Cheyanne Vlismas,The Warrior Princess,7,3,0,160.02,52.16,160.02,Switch,1995-06-25,4.93,50.0,2.57,64.0,0.25,33.0,66.0,0.2
Bobby Voelker,Vicious,19,13,0,182.88,77.11,187.96,Orthodox,1979-04-26,4.01,35.0,5.84,42.0,1.04,50.0,66.0,0.0
Mateo Vogel,Carrapato,8,3,0,172.72,65.77,180.34,Orthodox,1996-03-05,4.47,46.0,2.87,65.0,1.0,16.0,0.0,0.0
Danylo Voievodkin,,7,0,0,193.04,120.2,198.12,Southpaw,2000-07-19,9.86,46.0,0.0,100.0,0.0,0.0,0.0,12.3
Alexander Volkanovski,The Great,28,4,0,167.64,65.77,180.34,Orthodox,1988-09-29,5.99,57.0,3.31,58.0,1.63,34.0,68.0,0.2
Jacob Volkmann,Christmas,19,7,0,175.26,70.31,180.34,Southpaw,1980-09-05,1.19,34.0,1.78,52.0,3.19,48.0,52.0,2.0
Alexander Volkov,Drago,39,11,0,200.66,113.4,203.2,Orthodox,1988-10-24,4.78,57.0,2.86,53.0,0.57,66.0,68.0,0.2
Mark Vologdin,,12,4,2,160.02,61.23,165.1,Orthodox,2000-04-18,6.93,47.0,10.0,40.0,0.5,14.0,57.0,0.0
Jason Von Flue,Live Wire,14,12,1,182.88,77.11,,Orthodox,1975-08-01,1.89,36.0,3.23,52.0,0.62,16.0,58.0,1.5
Milco Voorn,,20,11,1,,99.79,,Orthodox,,0.0,0.0,0.0,100.0,0.0,0.0,0.0,0.0
Mark Vorgeas,,5,3,1,177.8,61.23,,,,3.87,32.0,4.19,51.0,0.0,0.0,50.0,0.8
Igor Vovchanchyn,Ice Cold,55,10,01,172.72,92.99,,Orthodox,1973-08-06,1.59,49.0,0.97,63.0,1.19,66.0,50.0,0.5
Jordan Vucenic,The Epidemic,13,4,0,177.8,70.31,185.42,Orthodox,1996-03-02,2.11,45.0,1.9,58.0,0.63,14.0,44.0,0.0
James Wade,,4,11,0,177.8,92.99,,,1972-02-08,0.0,0.0,0.0,0.0,0.0,0.0,0.0,0.0
Chris Wade,,12,3,0,177.8,70.31,177.8,Orthodox,1987-09-30,1.7,53.0,1.75,51.0,2.6,51.0,55.0,1.1
Neil Wain,Old School,13,4,0,177.8,109.77,,Orthodox,,2.64,50.0,8.57,43.0,0.0,0.0,50.0,0.0
TJ Waldburger,,16,9,0,180.34,77.11,190.5,Orthodox,1988-04-25,2.02,51.0,2.39,40.0,3.03,46.0,40.0,4.8
Chase Waldon,,11,2,0,185.42,83.91,190.5,Orthodox,1986-09-19,1.03,28.0,6.72,38.0,7.76,33.0,0.0,0.0
Andre Walker,,1,5,0,180.34,92.99,,Southpaw,1972-11-22,2.28,31.0,4.36,34.0,0.0,0.0,0.0,0.0
Herschel Walker,,2,0,0,185.42,97.52,,Orthodox,1962-03-03,3.42,67.0,0.45,46.0,1.94,100.0,100.0,0.0
Donny Walker,Eagle Eye,15,10,0,175.26,61.23,,,1980-01-04,1.81,37.0,3.85,46.0,0.0,0.0,57.0,1.7
Johnny Walker,,22,10,01,198.12,92.99,208.28,Orthodox,1992-03-30,3.9,54.0,2.99,46.0,0.36,50.0,57.0,0.7
Brogan Walker,The Bear,8,5,0,162.56,56.7,170.18,Switch,1988-08-02,1.84,32.0,3.32,47.0,1.02,75.0,11.0,0.0
Valter Walker,The Clean Monster,15,1,0,198.12,110.68,198.12,Orthodox,1997-12-14,2.0,52.0,2.85,42.0,5.74,69.0,0.0,2.5
Julius Walker,Juice Box,7,2,0,193.04,92.99,198.12,Orthodox,1999-07-16,3.73,53.0,4.03,43.0,4.09,38.0,100.0,0.0
Ben Wall,Manimal,8,7,1,177.8,70.31,,Orthodox,1989-03-25,1.47,29.0,8.53,29.0,0.0,0.0,100.0,0.0
Crafton Wallace,Blaze,18,6,1,182.88,83.91,,Orthodox,1975-11-10,1.55,44.0,2.36,47.0,0.0,0.0,42.0,0.0
Rodney Wallace,Shonuff the Master,26,15,1,175.26,92.99,182.88,Switch,1981-11-21,1.13,46.0,3.44,45.0,6.0,54.0,28.0,1.0
Jeremy Wallace,,4,6,0,175.26,,,,1987-02-13,0.0,0.0,0.0,0.0,0.0,0.0,0.0,0.0
Randall Wallace,Braveheart,15,6,0,180.34,83.91,185.42,Orthodox,1989-03-01,1.13,38.0,4.11,45.0,2.13,50.0,0.0,0.0
James Wallace,Jesse,5,2,0,177.8,70.31,175.26,Orthodox,1992-11-17,0.52,28.0,3.41,35.0,0.0,0.0,0.0,0.0
Jim Wallhead,Judo,29,11,0,177.8,77.11,,Orthodox,1984-03-14,3.19,26.0,6.65,49.0,0.0,0.0,100.0,0.0
Cory Walmsley,Hardcore,8,2,0,182.88,92.99,,Orthodox,,0.79,100.0,1.18,50.0,0.0,0.0,0.0,0.0
Richard Walsh,Filthy Rich,9,5,0,182.88,77.11,185.42,Orthodox,1988-12-01,3.84,46.0,2.72,58.0,1.55,40.0,66.0,0.2
Patrick Walsh,The Beast of the East,10,3,0,180.34,83.91,,,1988-11-28,2.03,19.0,2.83,64.0,3.0,54.0,100.0,1.5
Erick Wanderlei,,3,3,0,185.42,92.99,,Orthodox,1976-06-20,0.63,41.0,2.66,40.0,3.8,66.0,0.0,1.9
Dimitiri Wanderley,,5,2,0,,92.99,,Orthodox,,0.92,25.0,4.31,30.0,1.16,20.0,0.0,0.0
Andy Wang,,7,8,11,167.64,70.31,,Orthodox,1977-05-28,3.43,36.0,10.29,62.0,0.0,0.0,0.0,0.0
Sai Wang,The Fire Kylin,20,6,1,182.88,77.11,,Southpaw,1986-01-14,3.17,46.0,2.27,53.0,0.0,0.0,77.0,0.0
Anying Wang,,2,1,0,182.88,77.11,,Orthodox,1991-04-04,1.32,26.0,1.63,44.0,0.0,0.0,33.0,0.0
Wang Cong,The Joker,9,1,0,167.64,56.7,167.64,Southpaw,1992-05-15,6.22,56.0,2.19,63.0,0.78,75.0,84.0,0.8
Joshua Wang-Kim,Twin Dragon,5,2,0,175.26,61.23,180.34,Switch,1992-11-16,2.95,40.0,4.43,60.0,1.17,100.0,66.0,0.0
Curt Warburton,,13,6,0,182.88,70.31,185.42,Orthodox,,2.13,42.0,3.44,43.0,2.35,50.0,83.0,0.9
Brennan Ward,The Irish Bad Boy,14,5,0,177.8,77.11,180.34,,1988-06-28,7.2,60.0,2.76,52.0,0.0,0.0,100.0,3.6
Charlie Ward,,3,3,0,180.34,77.11,,Orthodox,1980-12-17,1.64,19.0,7.21,53.0,0.0,0.0,0.0,0.0
Terrion Ware,Flash,17,9,0,172.72,61.23,180.34,Orthodox,1986-03-31,4.02,32.0,6.07,50.0,0.5,22.0,44.0,0.0
Joe Warren,,15,6,0,167.64,61.23,,Orthodox,1976-10-31,2.15,46.0,2.39,52.0,6.14,46.0,60.0,0.0
Brian Warren,Mr. Unbreakable,18,17,1,182.88,83.91,,Orthodox,1974-06-05,1.16,21.0,4.63,57.0,0.0,0.0,0.0,0.0
Merritt Warren,,3,3,0,177.8,70.31,,Southpaw,,0.0,0.0,0.0,0.0,0.0,0.0,0.0,0.0
Idris Wasi,,2,14,0,182.88,84.37,,,1989-12-11,0.4,31.0,3.53,46.0,0.0,0.0,20.0,0.0
Kengo Watanabe,,8,13,31,193.04,99.79,,Orthodox,1976-01-31,0.6,40.0,3.4,35.0,1.0,100.0,37.0,0.0
Kazuhisa Watanabe,,0,1,0,167.64,63.05,,,1983-05-18,0.62,50.0,0.94,0.0,0.0,0.0,14.0,0.0
Ron Waterman,H20,16,6,2,187.96,127.01,,Orthodox,1965-11-23,0.84,50.0,1.37,42.0,4.19,69.0,50.0,2.8
Andy Waters,,1,2,0,182.88,77.11,,,1985-02-08,0.0,0.0,0.0,0.0,0.0,0.0,0.0,0.0
Dominic Waters,Sho Nuff,9,5,0,185.42,77.11,200.66,Orthodox,1989-04-11,0.48,23.0,2.53,39.0,4.07,52.0,28.0,0.0
Trey Waters,The Truth,9,2,0,195.58,77.11,195.58,Orthodox,1995-02-21,6.39,44.0,5.83,55.0,0.4,33.0,85.0,0.8
Michelle Waterson-Gomez,The Karate Hottie,18,13,0,160.02,52.16,157.48,Orthodox,1986-01-06,3.42,46.0,4.25,48.0,1.39,33.0,69.0,0.6
Sam Watford,,2,2,0,,70.31,,,,0.13,18.0,0.73,62.0,2.0,40.0,60.0,1.0
Blake Watkins,,5,1,0,,83.91,,,,5.45,62.0,7.64,61.0,0.0,0.0,0.0,0.0
Kyle Watson,,13,8,1,182.88,70.31,,Southpaw,1979-08-09,3.67,35.0,3.25,62.0,0.0,0.0,100.0,0.0
Maka Watson,,4,2,0,,70.31,,,1984-09-22,0.93,37.0,1.6,22.0,2.0,100.0,33.0,0.0
Walel Watson,The Gazelle,14,10,0,180.34,61.23,190.5,Orthodox,1984-07-16,2.1,29.0,3.79,43.0,0.0,0.0,61.0,1.4
Tom Watson,Kong,17,9,0,185.42,83.91,185.42,Orthodox,1982-07-13,4.01,44.0,4.41,50.0,0.15,7.0,43.0,0.0
Enrique Watson,,3,1,0,,83.91,,,,0.0,0.0,0.0,0.0,0.0,0.0,0.0,0.0
Brok Weaver,Chata Tuska,15,6,0,182.88,70.31,185.42,Southpaw,1991-12-05,4.78,64.0,4.35,46.0,0.41,10.0,66.0,0.4
Jonavin Webb,The Spyder,9,2,01,177.8,77.11,,Orthodox,1989-04-28,1.47,30.0,2.27,64.0,2.5,31.0,40.0,1.0
Stephanie Webber,,2,2,0,167.64,61.23,,,,0.91,80.0,3.85,15.0,6.79,40.0,0.0,0.0
Royston Wee,,4,1,0,170.18,61.23,170.18,Orthodox,1986-11-15,1.1,60.0,2.45,49.0,3.38,81.0,0.0,0.0
Darian Weeks,,5,3,0,180.34,77.11,182.88,Orthodox,1993-11-23,4.49,51.0,4.56,51.0,2.0,30.0,100.0,0.0
Joshua Weems,Wide Open,11,3,0,172.72,61.23,175.26,Orthodox,1994-05-05,5.25,64.0,3.34,61.0,4.77,40.0,100.0,0.0
Daniel Weichel,The Weasel,39,9,0,177.8,65.77,177.8,,1984-11-22,5.71,42.0,4.05,61.0,0.84,50.0,83.0,0.0
Chris Weidman,The All-American,16,8,0,187.96,83.91,198.12,Orthodox,1984-06-17,3.11,45.0,3.37,51.0,3.27,42.0,72.0,0.8
Mark Weir,The Wizard,21,18,1,187.96,83.91,,Southpaw,1967-09-19,1.54,56.0,2.5,38.0,0.8,50.0,25.0,2.4
Christian Wellisch,The Hungarian Nightmare,8,5,0,187.96,106.14,195.58,Orthodox,1975-09-13,3.12,27.0,3.04,56.0,1.22,42.0,45.0,1.2
Malcolm Wellmaker,The Machine,10,1,0,177.8,61.23,180.34,Switch,1994-06-04,5.8,56.0,5.39,52.0,0.0,0.0,57.0,0.0
Jeremiah Wells,,13,4,1,175.26,77.11,187.96,Switch,1986-10-30,2.35,46.0,1.28,48.0,3.06,46.0,50.0,1.3
Fabricio Werdum,Vai Cavalo,24,9,1,193.04,104.78,195.58,Orthodox,1977-07-30,3.59,52.0,2.64,55.0,1.75,31.0,31.0,1.2
Mike Wessel,Juggernaut,15,8,0,182.88,117.93,,Orthodox,1977-12-02,1.82,56.0,6.43,22.0,6.29,50.0,0.0,0.0
Dustin West,,6,6,0,180.34,77.11,,,,0.0,0.0,0.0,0.0,0.0,0.0,0.0,0.0
Sheldon Westcott,,10,3,1,185.42,77.11,180.34,Southpaw,1984-08-20,2.26,40.0,3.73,37.0,3.23,37.0,14.0,0.0
Aaron Wetherspoon,Slam,9,5,01,,77.11,,,1979-01-11,2.27,32.0,4.33,45.0,0.0,0.0,77.0,0.0
Coty Wheeler,Ox,14,5,0,167.64,61.23,170.18,Orthodox,1978-10-11,1.88,22.0,3.16,59.0,0.87,37.0,33.0,2.6
Vernon White,Tiger,26,33,2,182.88,92.99,,Southpaw,1971-12-03,2.11,38.0,2.2,54.0,0.88,28.0,44.0,0.0
Steve White,,1,4,0,180.34,79.38,,,,0.0,0.0,0.0,0.0,0.0,0.0,0.0,0.0
Alex White,The Spartan,13,6,0,182.88,70.31,180.34,Southpaw,1988-10-22,3.76,42.0,3.07,60.0,0.92,28.0,71.0,0.5
Craig White,The Thundercat,14,9,0,187.96,77.11,193.04,Orthodox,1990-07-01,1.23,40.0,3.28,39.0,0.0,0.0,50.0,0.8
Patrik White,Primetime,9,2,0,182.88,70.31,182.88,Orthodox,1993-06-11,9.77,49.0,6.28,60.0,0.0,0.0,50.0,0.0
Robert Whiteford,The Hammer,14,4,0,175.26,65.77,175.26,Southpaw,1983-04-12,2.33,46.0,1.99,62.0,1.9,30.0,45.0,0.0
Mike Whitehead,,27,8,0,185.42,92.99,,Orthodox,1981-06-29,1.62,33.0,2.36,59.0,3.59,43.0,77.0,0.3
Garett Whiteley,Goodnight,7,3,0,182.88,70.31,182.88,Orthodox,1980-12-13,3.72,48.0,4.04,46.0,0.0,0.0,27.0,0.9
Mitch Whitesel,,17,27,01,175.26,83.91,,,1981-07-12,0.0,0.0,0.0,0.0,0.0,0.0,0.0,0.0
Emily Whitmire,Spitfire,4,5,0,165.1,56.7,160.02,Orthodox,1991-05-24,2.5,31.0,2.98,54.0,1.9,66.0,70.0,0.5
Robert Whittaker,The Reaper,27,9,0,182.88,83.91,185.42,Orthodox,1990-12-20,4.39,43.0,3.36,59.0,0.73,38.0,82.0,0.0
Josh Wick,The White Mamba,12,6,0,175.26,70.31,175.26,Switch,1994-10-04,0.65,60.0,6.52,41.0,0.0,0.0,80.0,0.0
Adam Wieczorek,Siwy,10,2,0,195.58,113.4,205.74,Orthodox,1992-02-05,1.68,38.0,1.87,48.0,0.41,33.0,58.0,0.4
Orlando Wiet,The Gladiator,1,5,0,177.8,77.11,,Southpaw,1965-10-24,0.0,0.0,0.0,0.0,0.0,0.0,0.0,0.0
Jonathan Wiezorek,,11,2,0,190.5,113.4,,Southpaw,1978-02-10,1.27,58.0,5.47,31.0,1.91,20.0,0.0,0.0
Jakub Wiklacz,,18,3,2,177.8,61.23,182.88,Orthodox,1996-09-10,3.4,44.0,3.87,46.0,0.0,0.0,41.0,2.5
Justin Wilcox,Silverback,14,7,01,167.64,70.31,,Orthodox,1979-03-12,3.82,28.0,2.63,71.0,1.43,16.0,100.0,0.0
Joe Wilk,The Nose,19,11,0,175.26,65.77,,,1982-04-12,1.0,54.0,2.0,72.0,0.0,0.0,0.0,0.0
Aaron Wilkinson,The Daywalker,11,7,0,177.8,70.31,,Orthodox,1987-01-31,0.0,0.0,0.0,100.0,7.32,100.0,0.0,0.0
Mike Wilkinson,The Warrior,9,4,0,170.18,65.77,167.64,Orthodox,1987-09-15,2.35,38.0,3.7,35.0,0.92,14.0,55.0,0.9
Rob Wilkinson,Razor,11,2,0,190.5,83.91,203.2,Orthodox,1992-02-22,2.74,50.0,5.66,39.0,4.47,25.0,0.0,0.0
James Wilks,Lightning,7,4,0,185.42,77.11,190.5,Orthodox,1978-05-04,1.82,45.0,2.03,50.0,1.27,22.0,66.0,3.8
Tedd Williams,,7,1,0,185.42,124.74,,Orthodox,1969-12-19,0.0,0.0,0.0,0.0,0.0,0.0,0.0,0.0
Pete Williams,El Duro,12,6,0,190.5,106.59,,Orthodox,1975-07-10,0.61,62.0,2.77,40.0,1.84,40.0,16.0,0.9
Rubin Williams,Mr. Hollywood,0,1,0,185.42,83.91,,Orthodox,1976-04-09,0.0,0.0,1.39,60.0,0.0,0.0,0.0,0.0
Carter Williams,The Beast,4,5,0,185.42,120.2,,Orthodox,1980-03-30,1.55,36.0,2.32,58.0,2.9,33.0,100.0,0.0
Patrick Williams,The Animal,8,6,0,172.72,61.23,185.42,Orthodox,1981-09-07,4.12,51.0,4.12,52.0,2.71,41.0,100.0,0.5
Tim Williams,The South Jersey Strangler,15,5,0,187.96,83.91,193.04,Orthodox,1986-07-03,3.07,38.0,3.55,48.0,1.81,40.0,100.0,0.0
Jordan Williams,Bomaye,9,6,01,185.42,83.91,190.5,Southpaw,1990-10-13,5.83,50.0,5.46,35.0,1.11,50.0,85.0,0.0
Cole Williams,Havoc,11,3,0,182.88,77.11,185.42,Orthodox,1983-12-15,0.31,27.0,5.34,23.0,0.0,0.0,25.0,0.0
Khaos Williams,The OxFighter,15,5,0,182.88,77.11,195.58,Orthodox,1994-03-30,4.94,39.0,5.39,40.0,0.0,0.0,51.0,0.0
Karl Williams,,10,2,0,190.5,106.59,200.66,Orthodox,1990-01-06,2.68,48.0,2.15,55.0,4.2,48.0,100.0,0.2
Karl Willis,,0,5,0,,,,,,0.0,0.0,0.0,0.0,0.0,0.0,0.0,0.0
Justin Willis,Big Pretty,8,2,0,185.42,119.75,198.12,Southpaw,1987-07-19,3.37,59.0,2.57,57.0,0.96,66.0,36.0,0.0
Chris Wilson,The Professor,18,10,01,185.42,77.11,190.5,Orthodox,1977-06-07,2.32,50.0,1.36,55.0,1.31,50.0,60.0,1.6
Greg Wilson,,2,3,0,,70.31,,,1988-10-02,0.0,0.0,0.0,0.0,0.0,0.0,0.0,0.0
Jonathan Wilson,Johnny Bravo,7,3,0,187.96,92.99,190.5,Southpaw,1987-07-17,2.92,48.0,5.65,56.0,0.37,100.0,80.0,0.0
Sean Wilson,P-Town,36,29,0,172.72,65.77,,,1982-10-20,1.01,31.0,5.88,62.0,0.0,0.0,0.0,0.0
Westin Wilson,,17,10,0,185.42,65.77,185.42,Southpaw,1989-01-24,1.57,31.0,6.71,30.0,1.57,16.0,33.0,7.9
Damon Wilson,The Nomad,9,3,0,175.26,65.77,175.26,Switch,1993-04-29,7.56,49.0,8.27,52.0,0.0,0.0,0.0,0.0
Matt Wiman,,16,10,0,177.8,70.31,172.72,Orthodox,1983-09-19,3.17,50.0,3.57,51.0,2.13,37.0,56.0,1.5
Eddie Wineland,,24,16,1,170.18,61.23,175.26,Orthodox,1984-06-26,3.4,29.0,3.76,68.0,0.34,33.0,86.0,0.1
Deron Winn,,7,3,0,167.64,83.91,177.8,Orthodox,1989-06-13,4.55,44.0,6.21,46.0,4.28,52.0,40.0,0.0
Andre Winner,,21,11,2,180.34,70.31,185.42,Orthodox,1981-11-09,2.52,33.0,4.57,51.0,0.0,0.0,74.0,0.0
Eric Wisely,Little Lee,26,9,1,172.72,65.77,,Southpaw,1984-07-25,1.42,47.0,2.08,56.0,0.0,0.0,27.0,0.9
Keith Wisniewski,The Polish Connection,28,15,1,182.88,77.11,,Orthodox,1981-10-25,2.32,52.0,4.86,42.0,1.57,40.0,78.0,0.3
Jason Witt,The Vanilla Gorilla,19,9,0,177.8,77.11,177.8,Orthodox,1986-11-07,2.15,44.0,2.54,52.0,6.9,48.0,100.0,0.9
Travis Wiuff,The Diesel,75,21,01,190.5,92.99,,Orthodox,1978-03-15,0.48,30.0,4.03,41.0,4.84,57.0,44.0,1.2
Ray Wizard,,0,1,0,,,,,,0.0,0.0,0.0,0.0,0.0,0.0,0.0,0.0
Karolina Wojcik,Polish Assassin,9,2,0,157.48,52.16,,Orthodox,1994-12-09,2.67,65.0,0.87,62.0,2.0,66.0,100.0,1.0
Danyelle Wolf,,1,1,0,180.34,65.77,177.8,Orthodox,1983-09-08,2.37,25.0,4.57,47.0,0.0,0.0,77.0,0.5
Brandon Wolff,,7,5,0,175.26,77.11,,Orthodox,1975-10-18,0.47,33.0,10.91,19.0,0.0,0.0,0.0,0.0
Xue Do Won,,0,1,0,170.18,74.84,,,,0.0,0.0,0.0,0.0,0.0,0.0,0.0,0.0
Kwon Wonil,Pretty Boy,14,6,0,177.8,61.23,180.34,Orthodox,1995-06-24,5.02,39.0,5.82,60.0,0.0,0.0,66.0,0.0
Joanne Wood,JoJo,17,8,0,167.64,56.7,165.1,Orthodox,1985-12-23,7.1,51.0,4.89,51.0,1.52,55.0,58.0,0.3
Nathaniel Wood,The Last Kingsman,23,6,0,167.64,65.77,175.26,Orthodox,1993-05-08,5.64,51.0,4.25,54.0,1.35,48.0,73.0,0.5
Val Woodburn,The Animal,7,2,0,172.72,77.11,187.96,Orthodox,1993-08-10,1.6,35.0,4.93,36.0,1.92,100.0,50.0,0.0
Tyron Woodley,The Chosen One,19,7,1,175.26,77.11,187.96,Orthodox,1982-04-07,2.36,48.0,2.76,54.0,1.06,40.0,87.0,0.4
Salvador Woods,,8,17,0,180.34,77.11,,,1985-02-05,0.0,0.0,0.0,0.0,0.0,0.0,0.0,0.0
Logan Woods,One Hit,5,1,0,,83.91,,,1994-05-30,0.0,0.0,0.0,0.0,0.0,0.0,0.0,0.0
Sean Woodson,The Sniper,13,2,1,187.96,65.77,198.12,Orthodox,1992-06-07,5.57,46.0,4.18,58.0,0.58,55.0,84.0,0.3
Cal Worsham,,13,10,0,180.34,104.33,,Orthodox,1963-06-11,0.0,0.0,0.0,0.0,0.0,0.0,0.0,0.0
Hunter Worsham,The Future,7,3,0,,83.91,,,,0.0,0.0,0.0,0.0,0.0,0.0,0.0,0.0
Khama Worthy,The Death Star,16,9,0,180.34,70.31,187.96,Orthodox,1986-10-15,4.18,48.0,4.45,46.0,0.0,0.0,57.0,0.7
Eric Wray,,5,1,0,182.88,77.11,,Orthodox,,1.76,48.0,3.12,28.0,4.07,66.0,0.0,2.0
Justin Wren,The Viking,13,2,0,187.96,120.2,,Orthodox,1987-04-27,3.43,35.0,2.07,64.0,0.0,0.0,100.0,0.0
JW Wright,,1,0,0,,58.97,,,1976-01-12,0.0,0.0,0.0,0.0,0.0,0.0,0.0,0.0
Chris Wright,,8,5,1,,,,,,0.0,0.0,0.0,0.0,0.0,0.0,0.0,0.0
Jordan Wright,The Beverly Hills Ninja,12,5,01,187.96,92.99,195.58,Orthodox,1991-10-07,4.1,56.0,6.03,31.0,2.09,45.0,100.0,0.4
Marcin Wrzosek,The Polish Zombie,12,4,0,175.26,70.31,,,1987-10-14,3.47,43.0,4.07,43.0,3.0,25.0,33.0,0.0
Wu Yanan,Mulan,13,6,0,172.72,61.23,167.64,Orthodox,1996-04-18,4.23,41.0,4.95,49.0,0.62,30.0,63.0,0.2
Wulijiburen,Beast Master,20,9,0,175.26,61.23,175.26,Orthodox,1989-03-01,1.61,42.0,3.02,56.0,3.28,42.0,77.0,0.4
Wuziazibieke Jiahefu,Prairie Kitty,29,12,1,175.26,65.77,177.8,Orthodox,1990-04-09,0.41,50.0,2.84,41.0,6.08,50.0,0.0,0.0
Rubens Xavier,Macula,5,3,0,190.5,99.79,,Orthodox,1974-09-08,0.77,42.0,1.82,21.0,2.1,40.0,25.0,1.1
Xiao Long,,27,11,0,172.72,61.23,177.8,Orthodox,1998-04-13,5.06,47.0,3.85,50.0,0.74,27.0,82.0,0.0
Xie Bin,The Stalker,13,5,0,177.8,65.77,182.88,Orthodox,1998-02-28,3.99,43.0,2.73,60.0,2.71,42.0,40.0,0.0
Xiong Jingnan,The Panda,19,2,0,,52.16,,,1988-01-12,0.0,0.0,0.0,0.0,0.0,0.0,0.0,0.0
Jamie Yager,The Chosyn 1,8,4,0,185.42,83.91,,Orthodox,1983-11-29,3.08,39.0,2.55,63.0,0.0,0.0,66.0,0.0
Eddie Yagin,The Filipino Phenom,16,7,1,170.18,65.77,,Orthodox,1979-03-23,3.13,30.0,5.77,42.0,0.0,0.0,62.0,1.0
Rani Yahya,,28,12,11,167.64,61.23,170.18,Orthodox,1984-09-12,1.71,38.0,2.08,50.0,2.73,30.0,29.0,1.8
Mohammad Yahya,The UAE Warrior,12,6,0,175.26,65.77,185.42,Switch,1994-05-23,3.5,39.0,6.39,43.0,0.5,20.0,42.0,0.5
Abdul Rakhman Yakhyaev,The Hunter,9,0,0,187.96,92.99,198.12,Orthodox,2001-03-01,7.4,67.0,2.3,57.0,11.49,75.0,100.0,7.7
Alexander Yakovlev,Russian Thunder,24,10,1,190.5,70.31,187.96,Southpaw,1984-07-18,1.74,47.0,2.41,58.0,1.66,35.0,72.0,0.1
Keiichiro Yamamiya,,45,35,10,180.34,83.91,,Southpaw,1972-07-12,0.0,0.0,0.0,0.0,0.0,0.0,0.0,0.0
Kenichi Yamamoto,,5,12,2,182.88,77.11,,Orthodox,1976-07-11,0.3,46.0,1.93,38.0,0.0,0.0,10.0,0.3
Yoshihisa Yamamoto,,14,25,1,187.96,99.79,,Southpaw,1970-07-04,1.65,38.0,3.05,53.0,1.0,20.0,50.0,0.6
Atsushi Yamamoto,,19,11,3,167.64,63.05,,Orthodox,1980-10-02,1.97,39.0,1.27,70.0,1.12,33.0,100.0,0.0
Norifumi Yamamoto,Kid,18,6,02,162.56,61.23,167.64,Southpaw,1977-03-15,2.09,45.0,2.01,57.0,0.41,22.0,45.0,0.0
Hiroko Yamanaka,Cat's Eye,13,3,01,180.34,61.23,,,1978-10-24,2.1,26.0,3.54,63.0,0.0,0.0,100.0,0.0
Goiti Yamauchi,,21,3,0,177.8,65.77,,,1993-01-05,1.66,54.0,1.01,66.0,0.0,0.0,0.0,4.3
Wataru Yamauchi,,7,2,0,167.64,56.7,172.72,Orthodox,1999-06-22,4.01,52.0,3.57,62.0,0.0,0.0,66.0,0.0
Takeshi Yamazaki,,15,12,3,172.72,63.05,,Southpaw,1977-05-25,0.57,25.0,1.57,47.0,4.5,50.0,100.0,1.0
Yan Xiaonan,,19,5,01,165.1,52.16,160.02,Orthodox,1989-06-16,4.69,45.0,3.23,60.0,0.84,73.0,64.0,0.0
Petr Yan,No Mercy,20,5,0,170.18,61.23,170.18,Switch,1993-02-11,5.16,54.0,4.24,59.0,1.7,49.0,86.0,0.1
Yan Qihui,Queen Kong,25,5,0,160.02,56.7,157.48,Orthodox,1996-10-21,4.38,46.0,5.06,54.0,3.68,69.0,62.0,0.0
Yuito Yanagawa,,8,1,0,,65.77,,,2000-10-16,0.0,0.0,0.0,0.0,0.0,0.0,0.0,0.0
Adam Yandiev,Boroda,9,1,0,175.26,83.91,187.96,Orthodox,1988-08-07,0.18,8.0,6.14,36.0,0.0,0.0,25.0,0.0
Adrian Yanez,,17,6,1,170.18,61.23,177.8,Orthodox,1993-11-29,5.96,41.0,5.24,56.0,0.0,0.0,75.0,0.0
Dongi Yang,The Ox,13,3,0,177.8,83.91,185.42,Southpaw,1984-12-07,3.55,51.0,3.21,63.0,1.7,41.0,61.0,0.5
Jianping Yang,,11,4,1,170.18,65.77,,Orthodox,1988-11-27,1.4,26.0,2.07,65.0,1.0,25.0,33.0,0.0
John Yannis,,10,4,0,170.18,61.23,177.8,Southpaw,1994-07-07,3.3,53.0,1.26,74.0,0.0,0.0,66.0,0.0
Masutatsu Yano,,2,4,1,175.26,89.81,,Orthodox,1975-07-11,0.0,0.0,0.0,0.0,0.0,0.0,0.0,0.0
Emmanuel Yarborough,,1,2,0,203.2,349.27,,Open Stance,1960-09-05,0.0,0.0,0.0,0.0,0.0,0.0,0.0,0.0
Cale Yarbrough,,8,3,0,185.42,83.91,,Orthodox,1986-12-27,3.16,27.0,10.0,72.0,0.0,0.0,0.0,0.0
Tadao Yasuda,,2,4,0,193.04,140.61,,Orthodox,1963-10-09,2.7,73.0,0.85,60.0,0.75,14.0,0.0,0.0
Yoshiaki Yatsu,,0,2,0,185.42,74.84,,Orthodox,1956-07-19,0.0,0.0,5.57,48.0,0.0,0.0,0.0,0.0
Chris Yee,,4,6,0,175.26,83.91,,,,0.0,0.0,0.0,0.0,0.0,0.0,0.0,0.0
Yibugele,Eagle,24,13,11,170.18,65.77,175.26,Southpaw,1989-11-13,2.87,41.0,5.5,54.0,0.0,0.0,81.0,0.0
Yin Shuai,Black Panther,18,6,0,165.1,56.7,167.64,Southpaw,1997-01-01,4.42,43.0,4.22,54.0,4.33,41.0,83.0,0.0
Yizha,,26,6,0,170.18,65.77,180.34,Orthodox,1997-01-08,3.25,47.0,2.88,49.0,3.42,33.0,64.0,0.9
Ashley Yoder,SpiderMonkey,8,9,0,170.18,52.16,175.26,Southpaw,1987-10-20,3.42,39.0,4.13,47.0,1.09,27.0,66.0,0.6
Hirotaka Yokoi,Kaibatsu-Kun,11,5,0,180.34,92.99,,Orthodox,1978-06-08,1.52,33.0,3.42,38.0,1.87,41.0,66.0,0.4
Kazunori Yokota,,25,7,3,172.72,69.85,,Orthodox,1978-04-03,0.67,31.0,1.13,57.0,0.0,0.0,0.0,0.0
John Yoo,,0,1,0,,61.23,,,,0.0,0.0,0.0,0.0,0.0,0.0,0.0,0.0
SangHoon Yoo,Assassin,8,2,0,182.88,77.11,187.96,Orthodox,1990-01-18,4.83,65.0,6.11,40.0,0.53,100.0,69.0,0.5
JooSang Yoo,Zombie Jr.,9,1,0,170.18,65.77,180.34,Orthodox,1994-01-21,6.36,58.0,4.99,56.0,0.0,0.0,50.0,0.0
Dong Sik Yoon,,9,9,0,182.88,83.91,,Orthodox,1972-08-24,0.99,36.0,2.33,51.0,1.6,29.0,33.0,1.3
ChangMin Yoon,The Big Heart,8,3,1,172.72,65.77,177.8,Orthodox,1994-05-10,5.7,48.0,2.15,64.0,1.9,28.0,100.0,0.0
Yoshiyuki Yoshida,Zenko,18,9,0,180.34,77.11,177.8,Southpaw,1974-05-10,0.85,36.0,3.67,36.0,1.41,28.0,25.0,2.8
Hidehiko Yoshida,,6,8,1,180.34,102.06,,Orthodox,1969-09-03,1.05,36.0,1.89,62.0,1.09,33.0,71.0,2.2
Kai Yoshida,Scorpion,6,2,0,175.26,56.7,175.26,Southpaw,1999-10-10,4.32,50.0,4.96,54.0,0.0,0.0,100.0,0.0
SuYoung You,Yoo-Jitsu,16,4,02,167.64,61.23,165.1,Orthodox,1995-12-11,2.15,47.0,2.01,68.0,4.26,47.0,66.0,0.4
Kaitlin Young,,7,9,1,175.26,61.23,,Orthodox,1985-09-15,2.83,26.0,6.33,51.0,2.5,100.0,0.0,0.0
Artenus Young,,10,12,0,,92.99,,,1980-07-16,0.0,0.0,0.0,0.0,0.0,0.0,0.0,0.0
Trenell Young,Savant,11,9,0,167.64,65.77,,Orthodox,1976-06-19,1.43,22.0,5.13,50.0,1.13,20.0,0.0,1.1
Jason Young,Shotgun,9,6,0,175.26,65.77,185.42,Orthodox,1986-06-28,2.97,37.0,3.2,50.0,1.98,66.0,55.0,0.0
Shane Young,Smokin',13,8,0,172.72,65.77,182.88,Orthodox,1993-07-31,5.19,40.0,5.46,52.0,0.63,18.0,64.0,0.0
Shanna Young,The Shanimal,9,6,0,170.18,56.7,165.1,Orthodox,1991-02-20,3.18,47.0,4.88,43.0,0.0,0.0,53.0,0.6
Gauge Young,Gee Money,11,3,0,175.26,70.31,177.8,Orthodox,2000-07-14,6.32,52.0,5.12,49.0,0.75,30.0,76.0,0.0
Besam Yousef,,7,4,0,180.34,77.11,,Orthodox,1985-03-25,3.14,53.0,3.98,38.0,1.33,66.0,50.0,0.0
Han Ten Yun,,0,1,0,180.34,99.79,,,,0.0,0.0,0.0,0.0,0.0,0.0,0.0,0.0
Rob Yundt,Monster,9,5,0,185.42,83.91,,Orthodox,1980-05-05,1.37,41.0,2.55,31.0,2.94,100.0,0.0,0.0
Sodiq Yusuff,Super,13,5,0,175.26,70.31,180.34,Orthodox,1993-05-19,5.27,49.0,4.29,53.0,0.36,23.0,62.0,0.4
Gilbert Yvel,The Hurricane,39,16,11,187.96,102.06,195.58,Orthodox,1976-06-30,1.05,47.0,1.78,50.0,0.0,0.0,25.0,1.0
Luke Zachrich,,14,4,0,187.96,83.91,187.96,Orthodox,1981-12-19,4.56,32.0,4.46,62.0,0.74,33.0,80.0,0.0
Anton Zafir,The Professor,7,3,0,180.34,77.11,,Orthodox,1987-05-10,2.99,64.0,2.31,52.0,6.11,60.0,0.0,0.0
Aiemann Zahabi,,14,2,0,172.72,61.23,172.72,Orthodox,1987-11-19,4.54,47.0,4.08,69.0,0.12,14.0,83.0,0.0
Joao Zaiden,,10,3,0,,92.99,,,1993-03-16,0.0,0.0,0.0,0.0,0.0,0.0,0.0,0.0
Youssef Zalal,The Moroccan Devil,18,6,1,177.8,65.77,182.88,Switch,1996-09-04,2.78,50.0,1.79,64.0,1.84,31.0,55.0,1.3
Elizeu Zaleski dos Santos,Capoeira,25,10,1,180.34,77.11,185.42,Orthodox,1986-12-11,4.16,41.0,3.56,55.0,0.79,20.0,67.0,0.4
Zach Zane,The Hurricane,10,7,0,170.18,65.77,175.26,Southpaw,1989-12-14,0.87,56.0,6.67,20.0,0.0,0.0,26.0,0.0
Roger Zapata,Viva,4,2,0,180.34,77.11,,Southpaw,1986-05-09,2.6,51.0,2.13,36.0,0.0,0.0,81.0,1.4
Marius Zaromskis,The Whitemare,20,9,01,175.26,77.11,,Orthodox,1980-07-30,5.02,34.0,5.93,50.0,0.73,42.0,73.0,0.0
David Zawada,Sagat,17,7,0,182.88,77.11,190.5,Orthodox,1990-08-01,3.84,41.0,4.54,55.0,0.97,33.0,57.0,1.7
Magomed Zaynukov,Wild Chanco,8,0,0,177.8,70.31,172.72,Orthodox,1995-01-02,15.67,60.0,4.8,58.0,2.0,100.0,0.0,0.0
Manolo Zecchini,Angelo Veneziano,11,5,0,172.72,65.77,172.72,Orthodox,1996-10-22,3.72,28.0,12.82,45.0,0.0,0.0,0.0,0.0
Joao Zeferino,The Brazilian Samurai,21,9,0,180.34,77.11,,Orthodox,1986-01-15,0.83,36.0,2.6,48.0,0.5,5.0,50.0,1.0
Daniel Zellhuber,Golden Boy,15,4,0,185.42,70.31,195.58,Switch,1999-07-07,5.45,38.0,6.17,54.0,0.14,25.0,81.0,0.3
Craig Zellner,Big Z,4,3,0,187.96,92.99,,Orthodox,1976-09-09,0.61,9.0,4.65,61.0,0.0,0.0,0.0,0.0
Rickson Zenidim,The King,14,2,0,170.18,56.7,170.18,Orthodox,1999-02-17,1.67,32.0,4.07,33.0,0.0,0.0,0.0,0.0
Roman Zentsov,The Russian Hammer,18,12,0,185.42,104.33,,Orthodox,1973-09-10,1.18,36.0,0.53,70.0,1.6,100.0,33.0,3.2
Carlos Zevallos,,3,4,0,182.88,92.99,,Orthodox,1978-09-05,4.36,65.0,2.28,68.0,0.0,0.0,100.0,0.0
Zhang Tiequan,The Wolf,15,4,0,172.72,70.31,175.26,Orthodox,1978-07-25,1.23,36.0,2.14,51.0,1.95,58.0,75.0,3.4
Zhang Lipeng,The Warrior,23,9,1,180.34,70.31,180.34,Southpaw,1990-03-10,1.28,48.0,1.88,53.0,1.75,30.0,69.0,0.8
Zhang Weili,Magnum,26,4,0,162.56,52.16,160.02,Switch,1989-08-13,4.66,52.0,2.63,53.0,1.96,44.0,63.0,0.5
Zhang Mingyang,Mountain Tiger,19,7,0,187.96,92.99,190.5,Orthodox,1998-08-16,7.71,60.0,5.33,43.0,0.0,0.0,75.0,0.0
Zhang Qinghe,,16,8,1,170.18,61.23,170.18,Southpaw,2001-11-05,2.87,33.0,4.73,49.0,0.0,0.0,50.0,0.0
Zhang Zhenyang,,7,2,0,,70.31,,,,0.0,0.0,0.0,0.0,0.0,0.0,0.0,0.0
Daermisi Zhawupasi,,9,2,0,172.72,61.23,172.72,Switch,1999-09-15,1.86,40.0,2.36,55.0,7.74,65.0,53.0,1.4
Daria Zhelezniakova,Iron Lady,10,3,0,175.26,61.23,172.72,Orthodox,1996-01-23,4.13,40.0,3.38,64.0,0.31,100.0,50.0,0.0
Yao Zhikui,The Conqueror,2,4,0,165.1,56.7,162.56,Orthodox,1991-02-07,1.44,21.0,2.82,48.0,0.66,16.0,58.0,0.0
Zhou Kun,Mandrill,13,4,0,,56.7,,,,0.0,0.0,0.0,0.0,0.0,0.0,0.0,0.0
Zhu Kangjie,,21,4,01,172.72,65.77,177.8,Orthodox,1996-01-16,2.89,48.0,1.33,70.0,0.33,100.0,51.0,0.0
Zhalgas Zhumagulov,,14,9,0,162.56,56.7,167.64,Switch,1988-08-29,5.24,43.0,5.86,52.0,1.3,19.0,75.0,0.2
Fares Ziam,The Smile Killer,18,4,0,185.42,70.31,190.5,Orthodox,1997-03-21,2.87,52.0,1.53,65.0,1.73,40.0,71.0,0.5
Mike Zichelle,,8,4,0,,92.99,,,,0.87,35.0,0.87,40.0,0.0,0.0,0.0,2.0
James Zikic,The Messenger,21,10,2,187.96,92.99,,Orthodox,1977-03-01,1.47,35.0,1.6,44.0,0.5,25.0,74.0,0.5
Errol Zimmerman,The Bonecrusher,0,1,0,190.5,83.91,,Orthodox,1986-04-20,2.95,42.0,0.0,0.0,0.0,0.0,0.0,0.0
Cat Zingano,Alpha,10,4,0,167.64,65.77,172.72,Southpaw,1982-07-01,2.57,61.0,1.63,47.0,2.77,65.0,42.0,0.8
Igor Zinoviev,Houdini,4,1,2,185.42,90.26,,Orthodox,1966-05-23,0.0,0.0,0.0,0.0,0.0,0.0,0.0,0.0
Dave Zitanick,,5,7,01,,77.11,,,1980-03-05,0.0,0.0,0.0,0.0,0.0,0.0,0.0,0.0
Alex Zuniga,,6,3,0,,65.77,,,,0.0,0.0,0.0,0.0,0.0,0.0,0.0,0.0
George Zuniga,,3,1,0,175.26,83.91,,,,7.64,38.0,5.45,37.0,0.0,0.0,100.0,0.0
Allan Zuniga,Tigre,13,1,0,170.18,70.31,177.8,Orthodox,1992-04-04,3.93,52.0,1.8,61.0,0.0,0.0,57.0,1.0
Brahyam Zurcher,El Jarretas,9,1,0,177.8,65.77,177.8,Orthodox,1996-03-10,1.86,15.0,5.57,59.0,0.0,0.0,0.0,0.0
Virgil Zwicker,RezDog,15,6,1,187.96,92.99,187.96,,1982-06-26,3.34,48.0,4.87,39.0,1.31,30.0,50.0,0.0
